<?xml version="1.0" encoding="UTF-8"?><kml xmlns="http://www.opengis.net/kml/2.2"><Document><name>roads</name><Placemark><name>Stevens Road</name><ExtendedData><Data name="featureClass"><value>tertiary</value></Data><Data name="osmType"><value>way</value></Data><Data name="osmId"><value>5156674</value></Data></ExtendedData><LineString><tessellate>1</tessellate><coordinates>-122.7579487,42.4666085,0 -122.7580180,42.4666310,0 -122.7581082,42.4666475,0 -122.7582428,42.4666579,0 -122.7584582,42.4666585,0 -122.7598476,42.4666567,0 -122.7606486,42.4666561,0 -122.7607771,42.4666637,0 -122.7608870,42.4666807,0 -122.7609692,42.4667041,0 -122.7610542,42.4667471,0 -122.7611072,42.4667841,0 -122.7611542,42.4668291,0 -122.7611882,42.4668761,0 -122.7612143,42.4669301,0 -122.7612463,42.4670242,0 -122.7612712,42.4670953,0 -122.7613033,42.4671579,0 -122.7613522,42.4672142,0 -122.7614020,42.4672552,0 -122.7614710,42.4672974,0 -122.7615518,42.4673277,0 -122.7616561,42.4673558,0 -122.7617684,42.4673681,0 -122.7619040,42.4673712,0 -122.7624735,42.4673694,0 -122.7637442,42.4673653,0 -122.7640801,42.4673642,0 -122.7643168,42.4673631,0 -122.7666077,42.4673579,0 -122.7669023,42.4673572,0 -122.7687185,42.4673524,0 -122.7700284,42.4673490,0 -122.7700803,42.4673489,0 -122.7708615,42.4673468,0 -122.7715661,42.4673450,0 -122.7720421,42.4673438,0 -122.7727493,42.4673419,0 -122.7732884,42.4673401,0 -122.7736764,42.4673391,0 -122.7741432,42.4673378,0 -122.7748363,42.4673360,0 -122.7748820,42.4673359,0 -122.7759292,42.4673331,0 -122.7760060,42.4673329,0 -122.7762031,42.4673324,0 -122.7765840,42.4673313,0 -122.7773322,42.4673294,0 -122.7774359,42.4673294,0 -122.7792071,42.4673307,0 -122.7799497,42.4673329,0 -122.7818230,42.4673386,0 -122.7822331,42.4673393,0 -122.7830998,42.4673409,0 -122.7839375,42.4673411,0 -122.7839805,42.4673411,0 -122.7843251,42.4673414,0 -122.7847555,42.4673416,0 -122.7850051,42.4673418,0 -122.7853096,42.4673420,0 -122.7854584,42.4673421,0 -122.7858485,42.4673423,0 -122.7861940,42.4673425,0 -122.7862729,42.4673425,0 -122.7872163,42.4673430,0 -122.7885251,42.4673439,0 -122.7892681,42.4673441,0 -122.7892962,42.4673445,0 </coordinates></LineString></Placemark><Placemark><name>Nick Young Road</name><ExtendedData><Data name="featureClass"><value>tertiary</value></Data><Data name="osmType"><value>way</value></Data><Data name="osmId"><value>5156922</value></Data></ExtendedData><LineString><tessellate>1</tessellate><coordinates>-122.8561382,42.4609238,0 -122.8560470,42.4609218,0 -122.8529350,42.4604400,0 -122.8522410,42.4603400,0 -122.8520390,42.4603200,0 -122.8518420,42.4603040,0 -122.8516520,42.4602960,0 -122.8514330,42.4602940,0 -122.8470990,42.4603240,0 -122.8465440,42.4603390,0 -122.8464320,42.4603510,0 -122.8463040,42.4603730,0 -122.8461740,42.4604060,0 -122.8460690,42.4604400,0 -122.8458940,42.4605100,0 -122.8456890,42.4606210,0 -122.8455860,42.4606860,0 -122.8454340,42.4607950,0 -122.8449880,42.4611320,0 -122.8447140,42.4613320,0 -122.8445690,42.4614180,0 -122.8442750,42.4615500,0 -122.8441450,42.4616010,0 -122.8439570,42.4616640,0 -122.8433170,42.4618460,0 -122.8432010,42.4618790,0 -122.8427720,42.4619890,0 -122.8426238,42.4620275,0 -122.8424345,42.4620548,0 -122.8422215,42.4620624,0 -122.8420523,42.4620641,0 -122.8418140,42.4620593,0 -122.8415987,42.4620532,0 -122.8412506,42.4620511,0 -122.8411214,42.4620617,0 -122.8408285,42.4621154,0 -122.8403512,42.4621974,0 -122.8401848,42.4622197,0 -122.8399265,42.4622322,0 -122.8397340,42.4622330,0 -122.8392340,42.4622350,0 -122.8386158,42.4622378,0 -122.8365740,42.4622130,0 -122.8360270,42.4622080,0 -122.8352294,42.4622041,0 -122.8348205,42.4621815,0 -122.8344670,42.4621400,0 -122.8326910,42.4619400,0 -122.8322280,42.4618980,0 -122.8320280,42.4618940,0 -122.8316900,42.4618860,0 -122.8313279,42.4618928,0 -122.8298440,42.4618770,0 -122.8264422,42.4618705,0 -122.8256520,42.4618690,0 -122.8253928,42.4618683,0 -122.8230800,42.4618620,0 -122.8228870,42.4618690,0 -122.8226700,42.4618880,0 -122.8224850,42.4619180,0 -122.8224050,42.4619380,0 -122.8221430,42.4620150,0 -122.8218300,42.4621350,0 -122.8207740,42.4625700,0 -122.8203960,42.4627180,0 -122.8201260,42.4628190,0 -122.8197170,42.4629460,0 -122.8191370,42.4630910,0 -122.8183000,42.4632830,0 -122.8181290,42.4633170,0 -122.8178650,42.4633582,0 -122.8176143,42.4633740,0 -122.8173452,42.4633818,0 </coordinates></LineString></Placemark><Placemark><name>North Obenchain Road</name><ExtendedData><Data name="featureClass"><value>tertiary</value></Data><Data name="osmType"><value>way</value></Data><Data name="osmId"><value>5157341</value></Data></ExtendedData><LineString><tessellate>1</tessellate><coordinates>-122.6136730,42.5469740,0 -122.6117920,42.5495500,0 -122.6114190,42.5497610,0 -122.6078877,42.5505238,0 -122.6066189,42.5508385,0 -122.6045086,42.5512475,0 -122.6036239,42.5516774,0 -122.6029738,42.5525559,0 -122.6016625,42.5550970,0 -122.6008980,42.5565347,0 -122.6003930,42.5574448,0 -122.6003635,42.5574794,0 -122.6003220,42.5575279,0 </coordinates></LineString></Placemark><Placemark><name>East Dutton Road</name><ExtendedData><Data name="featureClass"><value>tertiary</value></Data><Data name="osmType"><value>way</value></Data><Data name="osmId"><value>5157360</value></Data></ExtendedData><LineString><tessellate>1</tessellate><coordinates>-122.8069470,42.4385120,0 -122.8069490,42.4393710,0 -122.8069560,42.4422860,0 -122.8069470,42.4428690,0 -122.8069700,42.4431100,0 -122.8069850,42.4431720,0 -122.8070170,42.4432330,0 -122.8070540,42.4432890,0 -122.8071210,42.4433590,0 -122.8071940,42.4434180,0 -122.8072630,42.4434610,0 -122.8073420,42.4435030,0 -122.8074500,42.4435390,0 -122.8075530,42.4435600,0 -122.8076860,42.4435740,0 -122.8078240,42.4435810,0 -122.8093080,42.4435750,0 -122.8097449,42.4435748,0 -122.8117340,42.4435753,0 -122.8124697,42.4435755,0 -122.8130121,42.4435756,0 -122.8139072,42.4435758,0 -122.8143221,42.4435760,0 -122.8145190,42.4435760,0 -122.8146735,42.4435760,0 -122.8162987,42.4435760,0 -122.8167448,42.4435760,0 -122.8168785,42.4435760,0 -122.8179930,42.4435760,0 -122.8182592,42.4435760,0 -122.8191838,42.4435762,0 -122.8194635,42.4435763,0 -122.8205874,42.4435765,0 -122.8216414,42.4435767,0 -122.8222358,42.4435768,0 -122.8234700,42.4435770,0 -122.8236990,42.4435720,0 -122.8238056,42.4435730,0 -122.8241320,42.4435760,0 -122.8242360,42.4435880,0 -122.8244240,42.4436320,0 -122.8244768,42.4436493,0 -122.8245250,42.4436650,0 -122.8246990,42.4437520,0 -122.8249030,42.4438770,0 -122.8260302,42.4445322,0 -122.8281467,42.4457541,0 -122.8282355,42.4458138,0 </coordinates></LineString></Placemark><Placemark><name>East Linn Road</name><ExtendedData><Data name="featureClass"><value>primary</value></Data><Data name="osmType"><value>way</value></Data><Data name="osmId"><value>5157728</value></Data></ExtendedData><LineString><tessellate>1</tessellate><coordinates>-122.8102654,42.4724276,0 -122.8101635,42.4724352,0 -122.8098103,42.4724633,0 -122.8091559,42.4725190,0 -122.8090518,42.4725276,0 -122.8081371,42.4726033,0 -122.8080420,42.4726112,0 -122.8075884,42.4726462,0 -122.8071556,42.4726828,0 </coordinates></LineString></Placemark><Placemark><name>Pleasant Creek Road</name><ExtendedData><Data name="featureClass"><value>tertiary</value></Data><Data name="osmType"><value>way</value></Data><Data name="osmId"><value>5157895</value></Data></ExtendedData><LineString><tessellate>1</tessellate><coordinates>-123.1607454,42.5386624,0 -123.1607253,42.5411907,0 -123.1607517,42.5429901,0 -123.1607514,42.5438609,0 -123.1607607,42.5447520,0 -123.1607384,42.5452735,0 -123.1607384,42.5455534,0 -123.1607891,42.5456833,0 -123.1608778,42.5458106,0 -123.1609618,42.5458794,0 -123.1610739,42.5459344,0 -123.1612186,42.5459757,0 -123.1613213,42.5459894,0 -123.1630814,42.5459860,0 -123.1647514,42.5459715,0 -123.1648906,42.5459938,0 -123.1650140,42.5460440,0 -123.1651402,42.5461098,0 -123.1652056,42.5461683,0 -123.1653176,42.5463368,0 -123.1655131,42.5466864,0 -123.1655690,42.5468207,0 -123.1656164,42.5470006,0 -123.1656397,42.5471554,0 -123.1656491,42.5482767,0 -123.1656611,42.5497328,0 -123.1657051,42.5508871,0 -123.1657137,42.5518578,0 -123.1657267,42.5525371,0 -123.1657350,42.5526788,0 -123.1657913,42.5527967,0 -123.1659105,42.5528887,0 -123.1663069,42.5530829,0 -123.1664521,42.5531363,0 -123.1665921,42.5531672,0 -123.1667882,42.5531741,0 -123.1702207,42.5531756,0 -123.1703363,42.5531879,0 -123.1704543,42.5532311,0 -123.1705697,42.5532876,0 -123.1706444,42.5533495,0 -123.1706958,42.5534217,0 -123.1707510,42.5535143,0 -123.1707798,42.5536556,0 -123.1707938,42.5538069,0 -123.1708358,42.5550794,0 -123.1708779,42.5563380,0 -123.1708977,42.5564775,0 -123.1709386,42.5565891,0 -123.1710103,42.5566650,0 -123.1711760,42.5567677,0 -123.1713260,42.5568023,0 -123.1715081,42.5568126,0 -123.1716902,42.5568160,0 -123.1718783,42.5568270,0 -123.1720403,42.5568607,0 -123.1721906,42.5568984,0 -123.1723345,42.5569708,0 -123.1724990,42.5570819,0 -123.1725840,42.5571590,0 -123.1726753,42.5572596,0 -123.1727733,42.5574006,0 -123.1732678,42.5585842,0 -123.1739737,42.5603472,0 -123.1740338,42.5605162,0 -123.1740525,42.5606125,0 -123.1740338,42.5608394,0 -123.1740151,42.5609632,0 -123.1738550,42.5620288,0 -123.1738191,42.5622183,0 -123.1738004,42.5623455,0 -123.1738004,42.5624521,0 -123.1738304,42.5628335,0 -123.1738331,42.5630126,0 -123.1737444,42.5636075,0 -123.1736621,42.5641395,0 -123.1736370,42.5642505,0 -123.1735996,42.5643674,0 -123.1731001,42.5649451,0 -123.1727453,42.5653577,0 -123.1727108,42.5654325,0 -123.1726753,42.5655399,0 -123.1726659,42.5656293,0 -123.1726939,42.5657668,0 -123.1727546,42.5658803,0 -123.1728807,42.5660247,0 -123.1731001,42.5661898,0 -123.1735088,42.5664745,0 -123.1736723,42.5665881,0 -123.1739417,42.5667710,0 -123.1757737,42.5680130,0 -123.1759920,42.5681610,0 -123.1778190,42.5694200,0 -123.1792931,42.5704333,0 -123.1801984,42.5710554,0 -123.1799409,42.5714817,0 -123.1798671,42.5716043,0 -123.1797441,42.5717904,0 -123.1795113,42.5721423,0 -123.1792476,42.5725730,0 -123.1789377,42.5731479,0 -123.1787828,42.5734790,0 -123.1787190,42.5736356,0 -123.1786491,42.5738012,0 -123.1785700,42.5739979,0 -123.1785195,42.5741233,0 -123.1783761,42.5745906,0 -123.1782455,42.5750201,0 -123.1781848,42.5752125,0 -123.1781088,42.5753892,0 -123.1779964,42.5756353,0 -123.1776957,42.5762482,0 -123.1772491,42.5771341,0 -123.1770577,42.5775233,0 -123.1769757,42.5777045,0 -123.1769241,42.5778387,0 -123.1768846,42.5779618,0 -123.1768360,42.5781295,0 -123.1767843,42.5783353,0 -123.1767418,42.5785523,0 -123.1767175,42.5787357,0 -123.1766993,42.5788946,0 -123.1766871,42.5790713,0 -123.1766567,42.5796193,0 -123.1766020,42.5803843,0 -123.1765565,42.5811605,0 -123.1765565,42.5813462,0 -123.1765534,42.5815072,0 -123.1765656,42.5817175,0 -123.1765838,42.5819367,0 -123.1766203,42.5823102,0 -123.1766810,42.5828806,0 -123.1767488,42.5836317,0 -123.1767617,42.5838658,0 -123.1767531,42.5840778,0 -123.1767187,42.5844352,0 -123.1765856,42.5852545,0 -123.1764910,42.5859029,0 -123.1763793,42.5863932,0 -123.1762719,42.5867380,0 -123.1762161,42.5869246,0 -123.1761731,42.5871112,0 -123.1761388,42.5873706,0 -123.1761130,42.5876363,0 -123.1760829,42.5881645,0 -123.1760743,42.5883796,0 -123.1760528,42.5886231,0 -123.1760314,42.5887528,0 -123.1759884,42.5888698,0 -123.1759240,42.5890216,0 -123.1758165,42.5892114,0 -123.1755158,42.5897238,0 -123.1752108,42.5902172,0 -123.1747726,42.5909573,0 -123.1743602,42.5916184,0 -123.1743254,42.5916699,0 -123.1738790,42.5923332,0 -123.1735224,42.5928582,0 -123.1732389,42.5932662,0 -123.1731057,42.5934623,0 -123.1730461,42.5935335,0 -123.1730026,42.5935856,0 -123.1729166,42.5936678,0 -123.1727749,42.5937785,0 -123.1726245,42.5938829,0 -123.1725171,42.5939430,0 -123.1725065,42.5939479,0 -123.1722937,42.5940474,0 -123.1719758,42.5941580,0 -123.1716192,42.5942814,0 -123.1715511,42.5943040,0 -123.1710865,42.5944585,0 -123.1709715,42.5944942,0 -123.1708932,42.5945186,0 -123.1706869,42.5945724,0 -123.1706220,42.5945837,0 -123.1705065,42.5946040,0 -123.1701800,42.5946198,0 -123.1699695,42.5946388,0 -123.1697804,42.5946609,0 -123.1695785,42.5947052,0 -123.1693723,42.5947653,0 -123.1691962,42.5948254,0 -123.1689685,42.5949202,0 -123.1687872,42.5950112,0 -123.1686232,42.5951133,0 -123.1684514,42.5952303,0 -123.1683010,42.5953441,0 -123.1681592,42.5954612,0 -123.1679788,42.5956636,0 -123.1676867,42.5960304,0 -123.1675148,42.5962012,0 -123.1673344,42.5963688,0 -123.1670337,42.5966408,0 -123.1666599,42.5970203,0 -123.1661830,42.5974441,0 -123.1657405,42.5978141,0 -123.1656589,42.5978710,0 -123.1655730,42.5979027,0 -123.1654870,42.5979185,0 -123.1653195,42.5979343,0 -123.1650059,42.5979533,0 -123.1648056,42.5979685,0 -123.1647567,42.5979722,0 -123.1646493,42.5979849,0 -123.1645118,42.5980292,0 -123.1644173,42.5980798,0 -123.1643838,42.5981126,0 -123.1643529,42.5981430,0 -123.1643142,42.5982094,0 -123.1642927,42.5982916,0 -123.1642454,42.5985510,0 -123.1642025,42.5987945,0 -123.1640890,42.5993261,0 -123.1639773,42.5996550,0 -123.1637754,42.6000977,0 -123.1636078,42.6004582,0 -123.1633458,42.6008820,0 -123.1631072,42.6012907,0 -123.1628861,42.6016694,0 -123.1625983,42.6021343,0 -123.1624737,42.6022955,0 -123.1623834,42.6024125,0 -123.1622245,42.6025454,0 -123.1620398,42.6026339,0 -123.1618035,42.6027351,0 -123.1615446,42.6028499,0 -123.1615113,42.6028648,0 -123.1614082,42.6029343,0 -123.1612793,42.6030323,0 -123.1611075,42.6032094,0 -123.1607509,42.6035952,0 -123.1603084,42.6040190,0 -123.1598831,42.6044838,0 -123.1597671,42.6046419,0 -123.1597069,42.6047526,0 -123.1596597,42.6048854,0 -123.1596210,42.6050498,0 -123.1595681,42.6053076,0 -123.1595195,42.6055983,0 -123.1594830,42.6057101,0 -123.1594040,42.6058576,0 -123.1592521,42.6060544,0 -123.1587965,42.6064926,0 -123.1586689,42.6066536,0 -123.1586020,42.6067967,0 -123.1584501,42.6070561,0 -123.1583651,42.6071634,0 -123.1582861,42.6072529,0 -123.1581403,42.6073557,0 -123.1577211,42.6075390,0 -123.1575145,42.6076419,0 -123.1573504,42.6077358,0 -123.1571148,42.6078870,0 -123.1568785,42.6080925,0 -123.1567668,42.6082253,0 -123.1567067,42.6083329,0 -123.1566809,42.6084087,0 -123.1565992,42.6086143,0 -123.1565649,42.6087819,0 -123.1565509,42.6088768,0 -123.1565219,42.6090728,0 -123.1564145,42.6097968,0 -123.1563458,42.6102743,0 -123.1563372,42.6104988,0 -123.1563292,42.6106255,0 -123.1563379,42.6107548,0 -123.1563236,42.6108874,0 -123.1562942,42.6111027,0 -123.1562599,42.6113050,0 -123.1562427,42.6114442,0 -123.1562341,42.6115453,0 -123.1562513,42.6116275,0 -123.1563047,42.6117372,0 -123.1564379,42.6119838,0 -123.1566527,42.6124075,0 -123.1568546,42.6128153,0 -123.1569276,42.6130019,0 -123.1569792,42.6131441,0 -123.1569964,42.6132548,0 -123.1569792,42.6135394,0 -123.1569398,42.6138551,0 -123.1569362,42.6138840,0 -123.1568976,42.6140452,0 -123.1568675,42.6142223,0 -123.1568718,42.6143614,0 -123.1569234,42.6145068,0 -123.1569835,42.6146649,0 -123.1572756,42.6151992,0 -123.1576494,42.6159801,0 -123.1579244,42.6165556,0 -123.1579544,42.6166694,0 -123.1579544,42.6167737,0 -123.1579287,42.6168685,0 -123.1578599,42.6169982,0 -123.1577568,42.6171815,0 -123.1577181,42.6172827,0 -123.1577181,42.6173523,0 -123.1577611,42.6174155,0 -123.1578298,42.6174597,0 -123.1579329,42.6174945,0 -123.1580146,42.6175008,0 -123.1581606,42.6174914,0 -123.1583755,42.6174534,0 -123.1585903,42.6174218,0 -123.1587406,42.6174123,0 -123.1589125,42.6174092,0 -123.1590757,42.6174250,0 -123.1592218,42.6174629,0 -123.1595010,42.6175925,0 -123.1596260,42.6176606,0 -123.1598806,42.6177993,0 -123.1603060,42.6180901,0 -123.1606582,42.6183367,0 -123.1607871,42.6184569,0 -123.1608730,42.6185643,0 -123.1611609,42.6191366,0 -123.1616592,42.6198890,0 -123.1621404,42.6205750,0 -123.1629180,42.6216846,0 -123.1634213,42.6225088,0 </coordinates></LineString></Placemark><Placemark><name>Forest Road 66</name><ExtendedData><Data name="featureClass"><value>tertiary</value></Data><Data name="osmType"><value>way</value></Data><Data name="ref"><value>NF 66</value></Data><Data name="osmId"><value>5157947</value></Data></ExtendedData><LineString><tessellate>1</tessellate><coordinates>-122.6206728,42.8243066,0 -122.6205619,42.8244237,0 -122.6204085,42.8245021,0 -122.6202884,42.8245689,0 -122.6202028,42.8246166,0 -122.6200966,42.8247139,0 -122.6200170,42.8248793,0 -122.6199440,42.8251712,0 -122.6198644,42.8253269,0 -122.6197516,42.8254437,0 -122.6195791,42.8255362,0 -122.6191877,42.8256481,0 -122.6190352,42.8257113,0 -122.6189025,42.8258232,0 -122.6187963,42.8259400,0 -122.6187698,42.8260568,0 -122.6187764,42.8263390,0 -122.6187764,42.8265044,0 -122.6187101,42.8266455,0 -122.6183983,42.8269958,0 -122.6178079,42.8275992,0 -122.6173965,42.8280224,0 -122.6171444,42.8282073,0 -122.6168459,42.8283630,0 -122.6163285,42.8285430,0 -122.6158044,42.8287328,0 -122.6154992,42.8289031,0 -122.6150282,42.8293069,0 -122.6147230,42.8295696,0 -122.6145837,42.8297350,0 -122.6145041,42.8298810,0 -122.6144311,42.8301243,0 -122.6143515,42.8302800,0 -122.6142122,42.8304210,0 -122.6140861,42.8304794,0 -122.6138672,42.8305135,0 -122.6135952,42.8305184,0 -122.6131972,42.8304989,0 -122.6128588,42.8305086,0 -122.6125935,42.8305038,0 -122.6122087,42.8304405,0 -122.6116846,42.8303724,0 -122.6115386,42.8303724,0 -122.6112998,42.8304162,0 -122.6107956,42.8305719,0 -122.6104573,42.8307178,0 -122.6101919,42.8308492,0 -122.6099332,42.8309319,0 -122.6095551,42.8310049,0 -122.6092963,42.8310292,0 -122.6091371,42.8310146,0 -122.6090607,42.8309898,0 -122.6087921,42.8309027,0 -122.6083875,42.8307567,0 -122.6082017,42.8306935,0 -122.6079695,42.8306692,0 -122.6077240,42.8307032,0 -122.6075847,42.8307762,0 -122.6074388,42.8308978,0 -122.6073525,42.8310341,0 -122.6072796,42.8312335,0 -122.6072066,42.8314914,0 -122.6071270,42.8316130,0 -122.6070076,42.8317103,0 -122.6068483,42.8317784,0 -122.6066493,42.8318076,0 -122.6064901,42.8317882,0 -122.6063176,42.8317298,0 -122.6061120,42.8316276,0 -122.6059594,42.8315838,0 -122.6057338,42.8315644,0 -122.6055016,42.8315838,0 -122.6053092,42.8316325,0 -122.6050638,42.8317298,0 -122.6048780,42.8318611,0 -122.6046790,42.8320509,0 -122.6043075,42.8323233,0 -122.6040886,42.8324498,0 -122.6038166,42.8325374,0 -122.6034252,42.8325958,0 -122.6024632,42.8326687,0 -122.6015345,42.8327174,0 -122.6009440,42.8327660,0 -122.6007118,42.8327709,0 -122.6005194,42.8327320,0 -122.6003470,42.8326882,0 -122.6002076,42.8326055,0 -122.5999555,42.8322844,0 -122.5996039,42.8316373,0 -122.5994513,42.8313357,0 -122.5993717,42.8310292,0 -122.5993319,42.8309124,0 -122.5992324,42.8308054,0 -122.5990334,42.8306643,0 -122.5987879,42.8305524,0 -122.5982838,42.8303432,0 -122.5980582,42.8301875,0 -122.5978990,42.8300075,0 -122.5977265,42.8297448,0 -122.5975208,42.8293945,0 -122.5974014,42.8291269,0 -122.5973284,42.8288496,0 -122.5972820,42.8284798,0 -122.5972820,42.8279203,0 -122.5972687,42.8275310,0 -122.5972223,42.8273899,0 -122.5971427,42.8272586,0 -122.5970299,42.8271467,0 -122.5969238,42.8270883,0 -122.5967645,42.8270348,0 -122.5966518,42.8270153,0 -122.5963333,42.8269958,0 -122.5960016,42.8269861,0 -122.5958026,42.8269666,0 -122.5954974,42.8268888,0 -122.5953117,42.8268547,0 -122.5951259,42.8268547,0 -122.5950198,42.8269083,0 -122.5949004,42.8270104,0 -122.5947942,42.8271953,0 -122.5947213,42.8274435,0 -122.5946682,42.8278035,0 -122.5947013,42.8279981,0 -122.5947810,42.8282073,0 -122.5948141,42.8283338,0 -122.5947810,42.8284409,0 -122.5946814,42.8285771,0 -122.5943962,42.8288593,0 -122.5940313,42.8293215,0 -122.5938256,42.8295745,0 -122.5937129,42.8297107,0 -122.5936200,42.8297886,0 -122.5935423,42.8297989,0 -122.5934740,42.8298080,0 -122.5932551,42.8297983,0 -122.5929831,42.8297156,0 -122.5927841,42.8296767,0 -122.5925652,42.8296913,0 -122.5924126,42.8297205,0 -122.5922684,42.8297425,0 -122.5921582,42.8297320,0 -122.5919761,42.8296687,0 -122.5913962,42.8293278,0 -122.5912860,42.8292224,0 -122.5912189,42.8291170,0 -122.5912093,42.8290045,0 -122.5912381,42.8288323,0 -122.5913100,42.8286636,0 -122.5914537,42.8284703,0 -122.5914825,42.8283965,0 -122.5914681,42.8283052,0 -122.5914154,42.8281962,0 -122.5913148,42.8280908,0 -122.5911998,42.8280240,0 -122.5909889,42.8279994,0 -122.5905049,42.8279572,0 -122.5903899,42.8279221,0 -122.5902893,42.8278658,0 -122.5901839,42.8277358,0 -122.5900497,42.8276234,0 -122.5899107,42.8275531,0 -122.5897095,42.8275074,0 -122.5893836,42.8274582,0 -122.5891967,42.8274160,0 -122.5890769,42.8273668,0 -122.5888277,42.8272473,0 -122.5886360,42.8271243,0 -122.5884587,42.8269837,0 -122.5883485,42.8268537,0 -122.5882766,42.8267131,0 -122.5882527,42.8265831,0 -122.5882575,42.8263652,0 -122.5881856,42.8260629,0 -122.5880946,42.8257220,0 -122.5880323,42.8255603,0 -122.5879556,42.8254619,0 -122.5878645,42.8253811,0 -122.5877591,42.8253213,0 -122.5876489,42.8252897,0 -122.5875147,42.8252756,0 -122.5873853,42.8252827,0 -122.5872416,42.8253038,0 -122.5871074,42.8253495,0 -122.5869780,42.8254022,0 -122.5868774,42.8254689,0 -122.5867768,42.8255638,0 -122.5867097,42.8256728,0 -122.5866617,42.8258274,0 -122.5866426,42.8259856,0 -122.5866186,42.8262386,0 -122.5865947,42.8263406,0 -122.5865467,42.8264601,0 -122.5863982,42.8266147,0 -122.5857561,42.8271278,0 -122.5855788,42.8272789,0 -122.5854542,42.8274195,0 -122.5853008,42.8276831,0 -122.5850996,42.8281646,0 -122.5850708,42.8282665,0 -122.5850756,42.8283825,0 -122.5851091,42.8285125,0 -122.5852098,42.8287620,0 -122.5854062,42.8291908,0 -122.5854110,42.8293103,0 -122.5853775,42.8294825,0 -122.5853296,42.8296055,0 -122.5852098,42.8297671,0 -122.5851331,42.8298444,0 -122.5850181,42.8299112,0 -122.5848791,42.8299569,0 -122.5847210,42.8299780,0 -122.5845772,42.8299815,0 -122.5844143,42.8299745,0 -122.5841891,42.8299429,0 -122.5840549,42.8299323,0 -122.5839159,42.8299429,0 -122.5837770,42.8299780,0 -122.5836715,42.8300272,0 -122.5835086,42.8301397,0 -122.5831588,42.8304313,0 -122.5829719,42.8305649,0 -122.5827850,42.8306527,0 -122.5826796,42.8306809,0 -122.5824496,42.8307055,0 -122.5820471,42.8307230,0 -122.5816445,42.8307371,0 -122.5814624,42.8307336,0 -122.5812995,42.8307055,0 -122.5811078,42.8306246,0 -122.5808395,42.8305297,0 -122.5806286,42.8304981,0 -122.5804369,42.8304841,0 -122.5802836,42.8304946,0 -122.5797325,42.8306106,0 -122.5794225,42.8306875,0 -122.5790808,42.8307722,0 -122.5788508,42.8308601,0 -122.5787214,42.8309374,0 -122.5786304,42.8310217,0 -122.5785777,42.8311026,0 -122.5785393,42.8311904,0 -122.5785393,42.8312853,0 -122.5785441,42.8313802,0 -122.5785729,42.8315629,0 -122.5786543,42.8319565,0 -122.5786495,42.8320936,0 -122.5785633,42.8324485,0 -122.5785633,42.8325504,0 -122.5785777,42.8326418,0 -122.5786687,42.8327999,0 -122.5788029,42.8329300,0 -122.5790760,42.8331513,0 -122.5791083,42.8331889,0 -122.5791575,42.8332462,0 -122.5791766,42.8333446,0 -122.5791575,42.8334465,0 -122.5790747,42.8336088,0 -122.5789578,42.8337349,0 -122.5788523,42.8338158,0 -122.5787325,42.8338685,0 -122.5786127,42.8338790,0 -122.5784786,42.8338685,0 -122.5782629,42.8338122,0 -122.5781000,42.8338017,0 -122.5779371,42.8338228,0 -122.5778508,42.8338825,0 -122.5778077,42.8339493,0 -122.5777885,42.8340512,0 -122.5778364,42.8343358,0 -122.5778412,42.8344342,0 -122.5777885,42.8345221,0 -122.5776735,42.8346205,0 -122.5775441,42.8346697,0 -122.5773141,42.8347189,0 -122.5769643,42.8347435,0 -122.5767726,42.8347821,0 -122.5766576,42.8348419,0 -122.5765330,42.8349438,0 -122.5763461,42.8351652,0 -122.5762168,42.8352741,0 -122.5761209,42.8353338,0 -122.5759628,42.8353865,0 -122.5757998,42.8354076,0 -122.5756513,42.8354006,0 -122.5753398,42.8353514,0 -122.5747600,42.8351827,0 -122.5741730,42.8349856,0 -122.5739645,42.8349157,0 -122.5729965,42.8346029,0 -122.5727426,42.8345291,0 -122.5725317,42.8345010,0 -122.5723927,42.8345010,0 -122.5722586,42.8345186,0 -122.5721531,42.8345537,0 -122.5720956,42.8345959,0 -122.5720381,42.8346837,0 -122.5719423,42.8349051,0 -122.5718848,42.8350070,0 -122.5718033,42.8350773,0 -122.5717027,42.8351441,0 -122.5715829,42.8351792,0 -122.5714583,42.8351862,0 -122.5713050,42.8351546,0 -122.5711756,42.8351054,0 -122.5710414,42.8350351,0 -122.5709312,42.8349332,0 -122.5708689,42.8348454,0 -122.5707874,42.8346521,0 -122.5707299,42.8344624,0 -122.5706772,42.8342375,0 -122.5706341,42.8341601,0 -122.5705574,42.8340934,0 -122.5704280,42.8340161,0 -122.5702316,42.8339598,0 -122.5700495,42.8339493,0 -122.5699297,42.8339528,0 -122.5698434,42.8339704,0 -122.5697789,42.8339954,0 -122.5696805,42.8340336,0 -122.5694696,42.8341601,0 -122.5692971,42.8343077,0 -122.5691486,42.8344588,0 -122.5688754,42.8348067,0 -122.5686358,42.8350949,0 -122.5683962,42.8353268,0 -122.5682620,42.8354111,0 -122.5680512,42.8354814,0 -122.5673516,42.8356396,0 -122.5666711,42.8358188,0 -122.5663309,42.8358820,0 -122.5660625,42.8358961,0 -122.5657558,42.8358680,0 -122.5651281,42.8357661,0 -122.5648501,42.8356993,0 -122.5646153,42.8356079,0 -122.5642703,42.8354568,0 -122.5637863,42.8353057,0 -122.5629046,42.8350843,0 -122.5624350,42.8349122,0 -122.5622720,42.8348348,0 -122.5621139,42.8347365,0 -122.5618216,42.8344307,0 -122.5612609,42.8337771,0 -122.5610980,42.8336084,0 -122.5609495,42.8335206,0 -122.5607913,42.8334643,0 -122.5603648,42.8333976,0 -122.5599767,42.8333730,0 -122.5595981,42.8333624,0 -122.5590087,42.8333695,0 -122.5587451,42.8333414,0 -122.5583474,42.8332430,0 -122.5580599,42.8331410,0 -122.5579017,42.8330321,0 -122.5578251,42.8329337,0 -122.5577628,42.8327861,0 -122.5577436,42.8326666,0 -122.5577580,42.8325296,0 -122.5577819,42.8323996,0 -122.5577724,42.8322695,0 -122.5577388,42.8321360,0 -122.5576765,42.8320517,0 -122.5575567,42.8319673,0 -122.5574273,42.8319181,0 -122.5572884,42.8319005,0 -122.5570679,42.8319005,0 -122.5568427,42.8318935,0 -122.5567085,42.8318654,0 -122.5564402,42.8317881,0 -122.5562485,42.8317389,0 -122.5561000,42.8317248,0 -122.5559945,42.8317389,0 -122.5559274,42.8317670,0 -122.5558604,42.8318267,0 -122.5557981,42.8319392,0 -122.5556495,42.8324488,0 -122.5554482,42.8331762,0 -122.5554136,42.8334517,0 -122.5554280,42.8336625,0 -122.5554184,42.8338066,0 -122.5553705,42.8339436,0 -122.5551740,42.8342705,0 -122.5550973,42.8343618,0 -122.5549248,42.8345410,0 -122.5546661,42.8347343,0 -122.5540000,42.8352403,0 -122.5537747,42.8354477,0 -122.5536933,42.8355777,0 -122.5536837,42.8356972,0 -122.5537268,42.8358588,0 -122.5538083,42.8359783,0 -122.5539568,42.8361153,0 -122.5541150,42.8362032,0 -122.5543114,42.8362840,0 -122.5544025,42.8363508,0 -122.5544840,42.8364597,0 -122.5545031,42.8365475,0 -122.5545463,42.8370571,0 -122.5545750,42.8376228,0 -122.5545367,42.8377212,0 -122.5544552,42.8378477,0 -122.5543833,42.8379601,0 -122.5543642,42.8380374,0 -122.5543977,42.8381218,0 -122.5544887,42.8381815,0 -122.5546756,42.8383150,0 -122.5547763,42.8384029,0 -122.5548242,42.8384837,0 -122.5548769,42.8389264,0 -122.5549775,42.8395308,0 -122.5550015,42.8397838,0 -122.5549679,42.8400227,0 -122.5548721,42.8407009,0 -122.5548050,42.8411014,0 -122.5548098,42.8411963,0 -122.5548481,42.8412771,0 -122.5548913,42.8413439,0 -122.5549727,42.8414177,0 -122.5550877,42.8414739,0 -122.5552842,42.8415161,0 -122.5554519,42.8415653,0 -122.5555574,42.8416250,0 -122.5556197,42.8417058,0 -122.5556197,42.8418077,0 -122.5555286,42.8421977,0 -122.5554471,42.8426334,0 -122.5554471,42.8427388,0 -122.5554855,42.8428723,0 -122.5555861,42.8429812,0 -122.5556867,42.8430585,0 -122.5562339,42.8434378,0 -122.5563424,42.8435570,0 -122.5563762,42.8436813,0 -122.5563153,42.8438999,0 -122.5562543,42.8441533,0 -122.5563085,42.8442825,0 -122.5565118,42.8444812,0 -122.5570810,42.8448986,0 -122.5577225,42.8453524,0 -122.5578536,42.8454452,0 -122.5584635,42.8459470,0 -122.5586397,42.8461358,0 -122.5587007,42.8462799,0 -122.5586804,42.8464340,0 -122.5585991,42.8465681,0 -122.5584703,42.8466675,0 -122.5583348,42.8467023,0 -122.5581586,42.8466923,0 -122.5579892,42.8466079,0 -122.5577452,42.8464141,0 -122.5574673,42.8461607,0 -122.5573453,42.8460911,0 -122.5572234,42.8460564,0 -122.5570607,42.8460812,0 -122.5565524,42.8462402,0 -122.5558002,42.8463594,0 -122.5556511,42.8463594,0 -122.5554410,42.8463247,0 -122.5551293,42.8462153,0 -122.5547701,42.8460613,0 -122.5545194,42.8459073,0 -122.5541805,42.8456688,0 -122.5540382,42.8456141,0 -122.5538756,42.8455843,0 -122.5536316,42.8456092,0 -122.5532995,42.8456589,0 -122.5531166,42.8456638,0 -122.5529742,42.8456290,0 -122.5528658,42.8455396,0 -122.5528319,42.8454452,0 -122.5528048,42.8451073,0 -122.5527574,42.8449334,0 -122.5526828,42.8448440,0 -122.5526015,42.8448042,0 -122.5524456,42.8447645,0 -122.5522423,42.8447496,0 -122.5515375,42.8448589,0 -122.5507040,42.8449781,0 -122.5503719,42.8450079,0 -122.5501279,42.8450030,0 -122.5498840,42.8449533,0 -122.5496739,42.8449284,0 -122.5495045,42.8449235,0 -122.5488810,42.8449533,0 -122.5486167,42.8449433,0 -122.5483710,42.8449115,0 -122.5480407,42.8447794,0 -122.5477018,42.8446949,0 -122.5473088,42.8446353,0 -122.5470173,42.8446303,0 -122.5467734,42.8446403,0 -122.5463939,42.8446055,0 -122.5459669,42.8445359,0 -122.5457365,42.8444614,0 -122.5455874,42.8444017,0 -122.5454790,42.8443868,0 -122.5453367,42.8444067,0 -122.5451469,42.8445160,0 -122.5449978,42.8445607,0 -122.5448216,42.8445607,0 -122.5446387,42.8445508,0 -122.5445370,42.8445607,0 -122.5444150,42.8446154,0 -122.5441846,42.8448042,0 -122.5439135,42.8449632,0 -122.5437441,42.8450129,0 -122.5435950,42.8450228,0 -122.5434527,42.8450079,0 -122.5433104,42.8449384,0 -122.5431410,42.8448241,0 -122.5430122,42.8447645,0 -122.5424836,42.8446055,0 -122.5422396,42.8445260,0 -122.5419211,42.8443719,0 -122.5417314,42.8442477,0 -122.5415484,42.8441632,0 -122.5414128,42.8441384,0 -122.5412163,42.8441781,0 -122.5411011,42.8442378,0 -122.5409656,42.8443670,0 -122.5407419,42.8446899,0 -122.5406335,42.8447893,0 -122.5404776,42.8448738,0 -122.5402743,42.8449135,0 -122.5400304,42.8449284,0 -122.5398338,42.8449732,0 -122.5393798,42.8450974,0 -122.5391629,42.8451520,0 -122.5390409,42.8451620,0 -122.5387563,42.8451471,0 -122.5385598,42.8451421,0 -122.5381532,42.8452166,0 -122.5373738,42.8453756,0 -122.5371298,42.8453955,0 -122.5368384,42.8453707,0 -122.5365741,42.8453061,0 -122.5363302,42.8452017,0 -122.5361404,42.8451421,0 -122.5358422,42.8450974,0 -122.5353611,42.8450825,0 -122.5351849,42.8450527,0 -122.5346359,42.8448837,0 -122.5343581,42.8448589,0 -122.5342090,42.8448937,0 -122.5341277,42.8449433,0 -122.5340667,42.8450676,0 -122.5339786,42.8451719,0 -122.5338159,42.8452564,0 -122.5332873,42.8454303,0 -122.5331179,42.8455247,0 -122.5329553,42.8456887,0 -122.5328062,42.8458029,0 -122.5326368,42.8458526,0 -122.5324267,42.8459023,0 -122.5322979,42.8459470,0 -122.5320878,42.8461209,0 -122.5316880,42.8464240,0 -122.5315592,42.8464837,0 -122.5313559,42.8465234,0 -122.5311526,42.8465284,0 -122.5307528,42.8464986,0 -122.5306172,42.8465184,0 -122.5304072,42.8465830,0 -122.5302377,42.8465930,0 -122.5298311,42.8465681,0 -122.5297159,42.8465781,0 -122.5294448,42.8466576,0 -122.5292754,42.8466874,0 -122.5290179,42.8466725,0 -122.5288417,42.8466973,0 -122.5286180,42.8467818,0 -122.5282318,42.8469805,0 -122.5280556,42.8470451,0 -122.5278794,42.8470650,0 -122.5275609,42.8470401,0 -122.5272085,42.8470103,0 -122.5269170,42.8469805,0 -122.5266392,42.8469259,0 -122.5263613,42.8468265,0 -122.5261513,42.8467718,0 -122.5259954,42.8467669,0 -122.5257785,42.8468166,0 -122.5252635,42.8470501,0 -122.5245180,42.8473134,0 -122.5239081,42.8475420,0 -122.5237183,42.8475768,0 -122.5236235,42.8475768,0 -122.5234134,42.8475320,0 -122.5229932,42.8473681,0 -122.5227221,42.8473085,0 -122.5224850,42.8472886,0 -122.5223223,42.8473333,0 -122.5222410,42.8474128,0 -122.5221868,42.8475370,0 -122.5221190,42.8479246,0 -122.5220445,42.8480289,0 -122.5219157,42.8481084,0 -122.5215294,42.8481929,0 -122.5211635,42.8482724,0 -122.5207026,42.8484214,0 -122.5204044,42.8485059,0 -122.5202215,42.8485655,0 -122.5200791,42.8485754,0 -122.5197810,42.8486003,0 -122.5194082,42.8486698,0 -122.5190829,42.8487245,0 -122.5188051,42.8487394,0 -122.5185543,42.8488040,0 -122.5182019,42.8489481,0 -122.5178902,42.8490077,0 -122.5176733,42.8490971,0 -122.5175446,42.8492015,0 -122.5174700,42.8493108,0 -122.5174226,42.8495344,0 -122.5173413,42.8497530,0 -122.5171786,42.8499169,0 -122.5169414,42.8500809,0 -122.5165009,42.8502448,0 -122.5162299,42.8502846,0 -122.5159249,42.8502846,0 -122.5155725,42.8502796,0 -122.5153624,42.8503094,0 -122.5151659,42.8503889,0 -122.5149490,42.8505479,0 -122.5147661,42.8507317,0 -122.5146102,42.8509305,0 -122.5144746,42.8510994,0 -122.5143594,42.8512137,0 -122.5138512,42.8514621,0 -122.5135801,42.8515465,0 -122.5133022,42.8516310,0 -122.5131396,42.8517055,0 -122.5130176,42.8517949,0 -122.5128279,42.8520881,0 -122.5125500,42.8524657,0 -122.5123738,42.8526395,0 -122.5122247,42.8527488,0 -122.5119672,42.8528234,0 -122.5116159,42.8528317,0 -122.5108016,42.8528581,0 -122.5104221,42.8528681,0 -122.5102323,42.8529029,0 -122.5100358,42.8529774,0 -122.5098325,42.8531513,0 -122.5095411,42.8533450,0 -122.5092361,42.8534990,0 -122.5089650,42.8535636,0 -122.5087617,42.8535785,0 -122.5082331,42.8534841,0 -122.5075080,42.8533649,0 -122.5073453,42.8533599,0 -122.5070201,42.8533997,0 -122.5065592,42.8534394,0 -122.5064237,42.8534394,0 -122.5062746,42.8533947,0 -122.5060442,42.8533053,0 -122.5057596,42.8532258,0 -122.5054681,42.8531761,0 -122.5052716,42.8531910,0 -122.5047972,42.8533152,0 -122.5040992,42.8535437,0 -122.5037400,42.8536928,0 -122.5035638,42.8537127,0 -122.5030962,42.8537474,0 -122.5024660,42.8538071,0 -122.5020119,42.8538369,0 -122.5016189,42.8538468,0 -122.5013952,42.8538418,0 -122.5012326,42.8538021,0 -122.5009276,42.8537027,0 -122.5007765,42.8536559,0 </coordinates></LineString></Placemark><Placemark><name>Wheeler Road</name><ExtendedData><Data name="featureClass"><value>tertiary</value></Data><Data name="osmType"><value>way</value></Data><Data name="osmId"><value>5158000</value></Data></ExtendedData><LineString><tessellate>1</tessellate><coordinates>-122.9347010,42.4620230,0 -122.9347550,42.4620230,0 -122.9357169,42.4620234,0 -122.9371948,42.4620295,0 </coordinates></LineString></Placemark><Placemark><name>Duggan Road</name><ExtendedData><Data name="featureClass"><value>tertiary</value></Data><Data name="osmType"><value>way</value></Data><Data name="osmId"><value>5158001</value></Data></ExtendedData><LineString><tessellate>1</tessellate><coordinates>-122.9545090,42.4765500,0 -122.9545100,42.4765970,0 -122.9545430,42.4783890,0 -122.9545470,42.4796090,0 -122.9545410,42.4801140,0 -122.9545952,42.4836124,0 -122.9546094,42.4840900,0 </coordinates></LineString></Placemark><Placemark><name>Alta Vista Road</name><ExtendedData><Data name="featureClass"><value>tertiary</value></Data><Data name="osmType"><value>way</value></Data><Data name="osmId"><value>5158047</value></Data></ExtendedData><LineString><tessellate>1</tessellate><coordinates>-122.7823075,42.4436938,0 -122.7822356,42.4436943,0 -122.7818791,42.4436948,0 -122.7804100,42.4437050,0 -122.7723690,42.4437100,0 -122.7681610,42.4437120,0 -122.7680360,42.4437240,0 -122.7679460,42.4437400,0 -122.7678100,42.4438100,0 -122.7676840,42.4439070,0 -122.7676090,42.4439820,0 -122.7675660,42.4440420,0 -122.7675330,42.4441070,0 -122.7675140,42.4441860,0 -122.7675050,42.4442890,0 -122.7675137,42.4506737,0 -122.7675100,42.4508167,0 -122.7674931,42.4508903,0 -122.7674661,42.4509387,0 -122.7674368,42.4509676,0 -122.7673589,42.4510093,0 -122.7672715,42.4510280,0 -122.7671445,42.4510351,0 -122.7633120,42.4510250,0 -122.7592290,42.4510280,0 -122.7576190,42.4510370,0 </coordinates></LineString></Placemark><Placemark><name>Sams Valley Highway</name><ExtendedData><Data name="featureClass"><value>primary</value></Data><Data name="osmType"><value>way</value></Data><Data name="ref"><value>OR 234</value></Data><Data name="osmId"><value>5158084</value></Data></ExtendedData><LineString><tessellate>1</tessellate><coordinates>-123.0432702,42.4476231,0 -123.0432170,42.4478700,0 -123.0431800,42.4480860,0 -123.0431260,42.4483000,0 -123.0430730,42.4484420,0 -123.0429330,42.4486970,0 -123.0421370,42.4499360,0 -123.0420570,42.4500140,0 -123.0419160,42.4501110,0 -123.0417800,42.4502120,0 -123.0415280,42.4504600,0 -123.0411580,42.4509080,0 -123.0410800,42.4509620,0 -123.0409640,42.4510170,0 -123.0408710,42.4510770,0 -123.0405050,42.4513980,0 -123.0403360,42.4515840,0 -123.0402160,42.4517580,0 -123.0400880,42.4520160,0 -123.0399640,42.4522300,0 -123.0394540,42.4529450,0 -123.0393230,42.4531287,0 -123.0389790,42.4536110,0 -123.0384310,42.4543430,0 -123.0383050,42.4544830,0 -123.0382230,42.4545500,0 -123.0381850,42.4545820,0 -123.0380420,42.4546780,0 -123.0378920,42.4547560,0 -123.0378630,42.4547710,0 -123.0376300,42.4548760,0 -123.0368149,42.4551685,0 -123.0366380,42.4552320,0 -123.0352520,42.4557290,0 -123.0350430,42.4557870,0 -123.0349970,42.4558000,0 -123.0348080,42.4558330,0 -123.0345840,42.4558500,0 -123.0337480,42.4558440,0 -123.0335245,42.4558387,0 -123.0332870,42.4558330,0 -123.0320970,42.4557860,0 -123.0319070,42.4557970,0 -123.0317770,42.4558130,0 -123.0316500,42.4558350,0 -123.0315380,42.4558630,0 -123.0314110,42.4559030,0 -123.0313030,42.4559500,0 -123.0312100,42.4560040,0 -123.0308950,42.4562360,0 -123.0306280,42.4564420,0 -123.0297630,42.4571100,0 -123.0292670,42.4574530,0 -123.0290725,42.4575873,0 -123.0289730,42.4576560,0 -123.0287455,42.4577850,0 -123.0286890,42.4578170,0 -123.0286100,42.4578550,0 -123.0283710,42.4579690,0 -123.0274750,42.4583730,0 -123.0272602,42.4584696,0 -123.0267700,42.4586900,0 -123.0264490,42.4588060,0 -123.0252780,42.4591840,0 -123.0240610,42.4595700,0 -123.0232950,42.4598450,0 -123.0211650,42.4607180,0 -123.0209030,42.4608253,0 -123.0201637,42.4611279,0 -123.0200950,42.4611560,0 -123.0183870,42.4618560,0 -123.0172323,42.4622968,0 -123.0153640,42.4630100,0 -123.0134780,42.4638400,0 -123.0132580,42.4639530,0 -123.0125980,42.4643440,0 -123.0124326,42.4644466,0 -123.0112630,42.4651720,0 -123.0108960,42.4654420,0 -123.0101320,42.4660790,0 -123.0089280,42.4670850,0 -123.0083580,42.4676740,0 -123.0077250,42.4683960,0 -123.0069130,42.4694270,0 -123.0064867,42.4700205,0 -123.0064439,42.4700863,0 -123.0058500,42.4709990,0 -123.0040360,42.4734940,0 -123.0033720,42.4742000,0 -123.0026890,42.4748110,0 -123.0024630,42.4749560,0 -123.0021020,42.4751520,0 </coordinates></LineString></Placemark><Placemark><name>Ramsey Road</name><ExtendedData><Data name="featureClass"><value>tertiary</value></Data><Data name="osmType"><value>way</value></Data><Data name="osmId"><value>5158114</value></Data></ExtendedData><LineString><tessellate>1</tessellate><coordinates>-122.9940830,42.4765260,0 -122.9940830,42.4765960,0 -122.9940942,42.4851352,0 -122.9940991,42.4863087,0 -122.9940983,42.4873854,0 -122.9941042,42.4890081,0 -122.9941093,42.4905650,0 -122.9940941,42.4906957,0 -122.9940688,42.4908002,0 -122.9940333,42.4908786,0 -122.9939749,42.4909619,0 -122.9939574,42.4909869,0 -122.9938916,42.4910597,0 -122.9937827,42.4911325,0 -122.9937118,42.4911698,0 -122.9936300,42.4911958,0 </coordinates></LineString></Placemark><Placemark><name>Crowfoot Road</name><ExtendedData><Data name="featureClass"><value>tertiary</value></Data><Data name="osmType"><value>way</value></Data><Data name="osmId"><value>5158322</value></Data></ExtendedData><LineString><tessellate>1</tessellate><coordinates>-122.7083370,42.5805560,0 -122.7083289,42.5806470,0 -122.7083025,42.5809419,0 -122.7082190,42.5813340,0 -122.7081320,42.5815260,0 -122.7080750,42.5815930,0 -122.7077660,42.5818060,0 -122.7067910,42.5823340,0 -122.7065100,42.5825050,0 -122.7062480,42.5826890,0 -122.7058100,42.5830590,0 -122.7051690,42.5836530,0 -122.7047820,42.5841080,0 -122.7046010,42.5842880,0 -122.7039240,42.5848100,0 -122.7033040,42.5852340,0 -122.7027010,42.5854920,0 -122.7014130,42.5862530,0 -122.7010520,42.5865160,0 -122.7008400,42.5867330,0 -122.7007620,42.5868430,0 -122.7006590,42.5870230,0 -122.7004750,42.5874730,0 -122.7004420,42.5876220,0 -122.7004320,42.5879610,0 -122.7004560,42.5880940,0 -122.7006780,42.5888310,0 -122.7008140,42.5896360,0 -122.7008710,42.5898180,0 -122.7009020,42.5900840,0 -122.7008560,42.5902760,0 -122.7006870,42.5905410,0 -122.7005030,42.5907080,0 -122.6996260,42.5913120,0 -122.6993250,42.5915570,0 -122.6986560,42.5922370,0 -122.6983370,42.5924940,0 -122.6981780,42.5926510,0 -122.6981190,42.5927390,0 -122.6980760,42.5928490,0 -122.6980660,42.5929830,0 -122.6980820,42.5930890,0 -122.6981360,42.5932250,0 -122.6983320,42.5935030,0 -122.6988200,42.5940560,0 </coordinates></LineString></Placemark><Placemark><name>Jones Road</name><ExtendedData><Data name="featureClass"><value>tertiary</value></Data><Data name="osmType"><value>way</value></Data><Data name="osmId"><value>5158431</value></Data></ExtendedData><LineString><tessellate>1</tessellate><coordinates>-122.9006466,42.5347140,0 -122.9006371,42.5374277,0 -122.9006438,42.5379356,0 -122.9006429,42.5380155,0 -122.9006391,42.5383579,0 -122.9006438,42.5387941,0 -122.9006486,42.5393316,0 -122.9006533,42.5394572,0 -122.9006770,42.5395794,0 -122.9006964,42.5396818,0 -122.9007054,42.5397294,0 -122.9007575,42.5398865,0 -122.9008191,42.5400470,0 -122.9010038,42.5403785,0 -122.9011317,42.5406438,0 -122.9011838,42.5408113,0 -122.9011980,42.5409683,0 -122.9011838,42.5411393,0 -122.9011459,42.5412684,0 -122.9011033,42.5413801,0 -122.9010554,42.5414462,0 -122.9010275,42.5414848,0 -122.9009280,42.5415999,0 -122.9007101,42.5418372,0 -122.9006745,42.5418926,0 -122.9006249,42.5419699,0 -122.9005775,42.5420745,0 -122.9005302,42.5422421,0 -122.9005207,42.5423921,0 -122.9005168,42.5425905,0 -122.9005124,42.5428174,0 -122.9005112,42.5428772,0 -122.9005110,42.5434525,0 -122.9005109,42.5435572,0 -122.9005106,42.5443093,0 -122.9005098,42.5444331,0 -122.9005071,42.5448413,0 -122.9005053,42.5451135,0 -122.9005022,42.5455777,0 -122.9005003,42.5458638,0 -122.9004972,42.5463327,0 -122.9004964,42.5466035,0 -122.9004948,42.5471444,0 -122.9004939,42.5474381,0 -122.9004945,42.5475457,0 -122.9004964,42.5478492,0 -122.9004969,42.5479330,0 -122.9005006,42.5485410,0 -122.9005006,42.5492450,0 -122.9005006,42.5500065,0 -122.9005006,42.5505151,0 -122.9005006,42.5512269,0 -122.9005006,42.5515214,0 -122.9004974,42.5519771,0 -122.9004971,42.5520190,0 -122.9004900,42.5530377,0 -122.9004872,42.5534310,0 -122.9004913,42.5538890,0 -122.9004939,42.5541761,0 -122.9004948,42.5543182,0 -122.9004972,42.5546942,0 -122.9004994,42.5549497,0 -122.9005106,42.5563101,0 -122.9005002,42.5571512,0 -122.9004939,42.5576571,0 -122.9004921,42.5578735,0 -122.9004872,42.5584860,0 -122.9004872,42.5585477,0 -122.9004862,42.5585982,0 -122.9005575,42.5586167,0 -122.9028684,42.5591841,0 -122.9029148,42.5591956,0 -122.9036316,42.5593733,0 -122.9046401,42.5596233,0 -122.9049349,42.5596973,0 -122.9052765,42.5597762,0 -122.9056248,42.5598477,0 -122.9058860,42.5598847,0 -122.9063080,42.5599242,0 -122.9065837,42.5599490,0 -122.9069137,42.5599786,0 -122.9080663,42.5600821,0 -122.9081964,42.5600924,0 -122.9085955,42.5601240,0 -122.9088500,42.5601240,0 -122.9090610,42.5601092,0 -122.9092419,42.5600821,0 -122.9094160,42.5600426,0 -122.9096270,42.5599785,0 -122.9098883,42.5598699,0 -122.9100691,42.5597737,0 -122.9102332,42.5596603,0 -122.9103806,42.5595344,0 -122.9104702,42.5594516,0 -122.9107490,42.5591940,0 -122.9109499,42.5590189,0 -122.9111275,42.5588856,0 -122.9112815,42.5587944,0 -122.9116131,42.5586192,0 -122.9117883,42.5585306,0 -122.9130432,42.5578964,0 -122.9138947,42.5574681,0 -122.9149019,42.5569614,0 -122.9152184,42.5568030,0 -122.9152718,42.5567697,0 -122.9153622,42.5567215,0 </coordinates></LineString></Placemark><Placemark><name>Brownsboro Highway</name><ExtendedData><Data name="featureClass"><value>primary</value></Data><Data name="osmType"><value>way</value></Data><Data name="osmId"><value>5158612</value></Data></ExtendedData><LineString><tessellate>1</tessellate><coordinates>-122.7920538,42.4776630,0 -122.7912290,42.4779850,0 -122.7911070,42.4780270,0 -122.7909700,42.4780680,0 -122.7908360,42.4780990,0 -122.7906700,42.4781240,0 -122.7905190,42.4781390,0 -122.7903130,42.4781530,0 -122.7885590,42.4781570,0 -122.7882790,42.4781680,0 -122.7881130,42.4781810,0 -122.7879560,42.4782050,0 -122.7878180,42.4782370,0 -122.7876940,42.4782750,0 -122.7874420,42.4783670,0 -122.7872250,42.4784730,0 -122.7871260,42.4785310,0 -122.7869690,42.4786480,0 -122.7868820,42.4787210,0 -122.7867780,42.4788280,0 -122.7865350,42.4791420,0 -122.7862800,42.4794860,0 -122.7860330,42.4798360,0 -122.7859620,42.4799300,0 -122.7857950,42.4801100,0 -122.7857070,42.4801960,0 -122.7856220,42.4802650,0 -122.7854970,42.4803530,0 -122.7853390,42.4804520,0 -122.7851440,42.4805560,0 -122.7823150,42.4818430,0 -122.7817750,42.4820890,0 -122.7814570,42.4822100,0 -122.7813130,42.4822540,0 -122.7811550,42.4822970,0 -122.7808410,42.4823620,0 -122.7786090,42.4828270,0 -122.7776320,42.4830200,0 -122.7774400,42.4830470,0 -122.7772180,42.4830590,0 -122.7770250,42.4830650,0 -122.7767240,42.4830530,0 -122.7751540,42.4829670,0 -122.7749410,42.4829540,0 -122.7744480,42.4829240,0 -122.7719540,42.4827940,0 -122.7713990,42.4827650,0 -122.7710650,42.4827410,0 -122.7708790,42.4826880,0 -122.7708000,42.4826600,0 -122.7706210,42.4825850,0 -122.7705030,42.4825240,0 -122.7703780,42.4824450,0 -122.7699591,42.4821379,0 -122.7698713,42.4820822,0 -122.7697260,42.4819890,0 -122.7691980,42.4816110,0 -122.7687770,42.4813250,0 -122.7685800,42.4812220,0 -122.7684850,42.4811810,0 -122.7683940,42.4811540,0 -122.7682870,42.4811280,0 -122.7680960,42.4810960,0 -122.7678590,42.4810750,0 -122.7675028,42.4810533,0 -122.7669400,42.4810190,0 -122.7661192,42.4809872,0 -122.7659410,42.4809720,0 -122.7657960,42.4809560,0 -122.7656530,42.4809350,0 -122.7655370,42.4809180,0 -122.7654010,42.4808920,0 -122.7652610,42.4808590,0 -122.7649960,42.4807850,0 -122.7642080,42.4805200,0 -122.7635041,42.4802627,0 -122.7610918,42.4794313,0 -122.7609082,42.4793677,0 -122.7587090,42.4786050,0 -122.7578725,42.4783164,0 -122.7575620,42.4782144,0 -122.7572414,42.4781255,0 -122.7569340,42.4780538,0 -122.7559242,42.4778524,0 -122.7555030,42.4777740,0 -122.7524684,42.4771840,0 -122.7520109,42.4771119,0 -122.7516748,42.4770798,0 -122.7510300,42.4770370,0 -122.7505210,42.4770100,0 -122.7501780,42.4769920,0 -122.7493560,42.4770530,0 -122.7481873,42.4772395,0 -122.7479423,42.4773007,0 -122.7477514,42.4773746,0 -122.7475283,42.4774905,0 -122.7473378,42.4776268,0 -122.7466040,42.4783120,0 -122.7465110,42.4783866,0 -122.7463856,42.4784529,0 -122.7461851,42.4785311,0 -122.7459226,42.4785951,0 -122.7456513,42.4786199,0 -122.7424915,42.4786896,0 -122.7422908,42.4786797,0 -122.7420391,42.4786576,0 -122.7417888,42.4786193,0 -122.7415803,42.4785797,0 -122.7412718,42.4784974,0 -122.7409267,42.4783791,0 -122.7405278,42.4782226,0 -122.7399273,42.4779691,0 -122.7383500,42.4772720,0 -122.7375690,42.4768310,0 -122.7372460,42.4766490,0 -122.7367893,42.4763847,0 </coordinates></LineString></Placemark><Placemark><name>East Evans Creek Road</name><ExtendedData><Data name="featureClass"><value>secondary</value></Data><Data name="osmType"><value>way</value></Data><Data name="osmId"><value>5158731</value></Data></ExtendedData><LineString><tessellate>1</tessellate><coordinates>-123.1607454,42.5386624,0 -123.1582104,42.5386788,0 -123.1571028,42.5386794,0 -123.1562603,42.5386893,0 -123.1548928,42.5386859,0 -123.1530997,42.5386879,0 -123.1510800,42.5386564,0 -123.1509456,42.5386536,0 -123.1500784,42.5386354,0 -123.1498922,42.5386343,0 -123.1497563,42.5386387,0 -123.1496324,42.5386588,0 -123.1495750,42.5386810,0 -123.1494898,42.5387128,0 -123.1493907,42.5387656,0 -123.1492970,42.5388346,0 -123.1491429,42.5389727,0 -123.1486655,42.5394291,0 -123.1482485,42.5398266,0 -123.1475109,42.5404749,0 -123.1474036,42.5405651,0 -123.1466238,42.5410733,0 -123.1451862,42.5419719,0 -123.1450235,42.5420731,0 -123.1448782,42.5421392,0 -123.1447628,42.5421833,0 -123.1446603,42.5422148,0 -123.1445587,42.5422435,0 -123.1443910,42.5422652,0 -123.1441475,42.5422746,0 -123.1422966,42.5422736,0 -123.1389377,42.5422699,0 -123.1387564,42.5422720,0 -123.1386068,42.5422909,0 -123.1384786,42.5423129,0 -123.1383253,42.5423675,0 -123.1381624,42.5424420,0 -123.1361487,42.5435412,0 -123.1359191,42.5436824,0 -123.1349264,42.5444251,0 -123.1346427,42.5446612,0 -123.1344887,42.5448453,0 -123.1338873,42.5456762,0 -123.1337281,42.5458747,0 -123.1335444,42.5460636,0 -123.1331978,42.5463632,0 -123.1323816,42.5470886,0 -123.1317999,42.5477468,0 -123.1316471,42.5478769,0 -123.1315318,42.5479619,0 -123.1313401,42.5480721,0 -123.1310731,42.5481808,0 -123.1309549,42.5482263,0 -123.1307589,42.5482776,0 -123.1300576,42.5483868,0 -123.1297305,42.5484603,0 -123.1294038,42.5485474,0 -123.1286158,42.5488154,0 -123.1273326,42.5492700,0 -123.1269809,42.5494225,0 -123.1265821,42.5496038,0 -123.1263827,42.5497090,0 -123.1260822,42.5499002,0 -123.1256734,42.5501749,0 -123.1252609,42.5504279,0 -123.1250538,42.5505463,0 -123.1249000,42.5506124,0 -123.1247889,42.5506565,0 -123.1246498,42.5507005,0 -123.1244800,42.5507344,0 -123.1241824,42.5507813,0 -123.1236125,42.5508428,0 -123.1233032,42.5508873,0 -123.1230402,42.5509370,0 -123.1228085,42.5509808,0 -123.1225344,42.5510414,0 -123.1222275,42.5511134,0 -123.1218488,42.5512147,0 -123.1212340,42.5513901,0 -123.1209865,42.5514537,0 -123.1208552,42.5514892,0 -123.1207302,42.5515109,0 -123.1206143,42.5515199,0 -123.1199580,42.5515158,0 -123.1192734,42.5515034,0 -123.1191082,42.5514935,0 -123.1190300,42.5514763,0 -123.1189328,42.5514438,0 -123.1188485,42.5514140,0 -123.1187392,42.5513487,0 -123.1184863,42.5511896,0 -123.1182713,42.5510543,0 -123.1176109,42.5506165,0 -123.1175130,42.5505524,0 -123.1173680,42.5504754,0 -123.1169768,42.5503263,0 -123.1167778,42.5502642,0 -123.1166598,42.5502319,0 -123.1165485,42.5502245,0 -123.1164406,42.5502295,0 -123.1163192,42.5502468,0 -123.1161978,42.5502816,0 -123.1158302,42.5504605,0 -123.1156549,42.5505350,0 -123.1154593,42.5506046,0 -123.1152738,42.5506642,0 -123.1149872,42.5507164,0 -123.1147073,42.5507487,0 -123.1144712,42.5507512,0 -123.1143564,42.5507482,0 -123.1142790,42.5507462,0 -123.1141171,42.5507338,0 -123.1139923,42.5507189,0 -123.1139013,42.5507015,0 -123.1137783,42.5506658,0 -123.1136096,42.5506087,0 -123.1134882,42.5505565,0 -123.1131207,42.5503926,0 -123.1128543,42.5502857,0 -123.1126553,42.5502212,0 -123.1124260,42.5501516,0 -123.1122574,42.5501094,0 -123.1120989,42.5500771,0 -123.1119201,42.5500572,0 -123.1117684,42.5500473,0 -123.1115492,42.5500547,0 -123.1112356,42.5500721,0 -123.1109624,42.5500870,0 -123.1107736,42.5500820,0 -123.1106286,42.5500622,0 -123.1104734,42.5500299,0 -123.1103183,42.5499926,0 -123.1102003,42.5499429,0 -123.1100755,42.5498883,0 -123.1099162,42.5498033,0 -123.1091532,42.5493501,0 -123.1084903,42.5489461,0 -123.1083138,42.5488231,0 -123.1081851,42.5487212,0 -123.1080468,42.5485666,0 -123.1078369,42.5483277,0 -123.1076605,42.5481696,0 -123.1075174,42.5480677,0 -123.1073743,42.5479939,0 -123.1071788,42.5479131,0 -123.1067973,42.5477937,0 -123.1066017,42.5477234,0 -123.1064157,42.5476320,0 -123.1060676,42.5474739,0 -123.1057147,42.5472561,0 -123.1055525,42.5471366,0 -123.1054619,42.5470629,0 -123.1053093,42.5469223,0 -123.1050804,42.5466799,0 -123.1048753,42.5464480,0 -123.1046273,42.5461493,0 -123.1045129,42.5460229,0 -123.1043984,42.5459069,0 -123.1042744,42.5458156,0 -123.1039883,42.5456293,0 -123.1037450,42.5454853,0 -123.1035686,42.5453764,0 -123.1034064,42.5452745,0 -123.1032777,42.5452042,0 -123.1031775,42.5451550,0 -123.1030535,42.5451164,0 -123.1029581,42.5451023,0 -123.1028198,42.5450847,0 -123.1027006,42.5450918,0 -123.1025814,42.5451058,0 -123.1024622,42.5451269,0 -123.1023811,42.5451445,0 -123.1022619,42.5451831,0 -123.1021093,42.5452499,0 -123.1016657,42.5454818,0 -123.1012174,42.5457453,0 -123.1010028,42.5458823,0 -123.1008168,42.5460053,0 -123.1006070,42.5461775,0 -123.1004592,42.5463215,0 -123.1003733,42.5464058,0 -123.1002636,42.5465464,0 -123.0999012,42.5470593,0 -123.0993313,42.5478076,0 -123.0992097,42.5479693,0 -123.0987709,42.5485701,0 -123.0984800,42.5489917,0 -123.0983941,42.5491252,0 -123.0983512,42.5491920,0 -123.0982784,42.5493276,0 -123.0982117,42.5494927,0 -123.0981067,42.5499881,0 -123.0980638,42.5501497,0 -123.0979827,42.5502903,0 -123.0978601,42.5504246,0 -123.0976394,42.5506205,0 -123.0973580,42.5508875,0 -123.0972865,42.5509859,0 -123.0972388,42.5511194,0 -123.0971529,42.5513653,0 -123.0970575,42.5515129,0 -123.0969383,42.5516675,0 -123.0967380,42.5518502,0 -123.0966045,42.5520469,0 -123.0965472,42.5521628,0 -123.0965139,42.5522858,0 -123.0964614,42.5524263,0 -123.0963946,42.5525212,0 -123.0962897,42.5526406,0 -123.0958367,42.5530517,0 -123.0953188,42.5534887,0 -123.0951424,42.5536398,0 -123.0950756,42.5537136,0 -123.0950232,42.5537909,0 -123.0949564,42.5539068,0 -123.0946655,42.5543986,0 -123.0942410,42.5550521,0 -123.0936783,42.5558952,0 -123.0931012,42.5566821,0 -123.0929248,42.5569034,0 -123.0925862,42.5574303,0 -123.0920473,42.5582559,0 -123.0917945,42.5586458,0 -123.0916800,42.5588460,0 -123.0915656,42.5590533,0 -123.0914797,42.5591868,0 -123.0913796,42.5593027,0 -123.0912460,42.5594186,0 -123.0911316,42.5595064,0 -123.0909742,42.5596083,0 -123.0903542,42.5599596,0 -123.0898630,42.5602406,0 -123.0891286,42.5606692,0 -123.0886683,42.5609404,0 -123.0884371,42.5610766,0 -123.0881271,42.5612417,0 -123.0878695,42.5613401,0 -123.0875023,42.5615052,0 -123.0872543,42.5616316,0 -123.0870159,42.5617721,0 -123.0867054,42.5619893,0 -123.0862618,42.5623019,0 -123.0857897,42.5626145,0 -123.0856276,42.5627058,0 -123.0855650,42.5627300,0 -123.0854368,42.5627796,0 -123.0852079,42.5628499,0 -123.0850553,42.5628850,0 -123.0849122,42.5629061,0 -123.0847262,42.5629271,0 -123.0845605,42.5629256,0 -123.0843983,42.5629151,0 -123.0842314,42.5628940,0 -123.0840359,42.5628413,0 -123.0837831,42.5627605,0 -123.0834063,42.5625884,0 -123.0830813,42.5624276,0 -123.0824334,42.5621072,0 -123.0819995,42.5618964,0 -123.0816609,42.5617489,0 -123.0815321,42.5617032,0 -123.0813318,42.5616470,0 -123.0810790,42.5616084,0 -123.0808453,42.5615943,0 -123.0805592,42.5616014,0 -123.0801634,42.5616470,0 -123.0795529,42.5617384,0 -123.0793947,42.5617498,0 -123.0792620,42.5617594,0 -123.0789472,42.5617665,0 -123.0787040,42.5617489,0 -123.0784465,42.5617032,0 -123.0782033,42.5616400,0 -123.0780268,42.5615803,0 -123.0778694,42.5615136,0 -123.0776644,42.5614082,0 -123.0775022,42.5613168,0 -123.0773687,42.5612115,0 -123.0771207,42.5610007,0 -123.0765770,42.5605546,0 -123.0763195,42.5603614,0 -123.0761478,42.5602560,0 -123.0759713,42.5601857,0 -123.0757710,42.5601225,0 -123.0755803,42.5600733,0 -123.0753847,42.5600452,0 -123.0751654,42.5600347,0 -123.0749508,42.5600417,0 -123.0747934,42.5600628,0 -123.0745549,42.5601155,0 -123.0744678,42.5601412,0 -123.0742926,42.5601928,0 -123.0736393,42.5604316,0 -123.0733234,42.5605429,0 -123.0728714,42.5607021,0 -123.0713560,42.5612197,0 -123.0705595,42.5615008,0 -123.0703068,42.5616061,0 -123.0700683,42.5617291,0 -123.0698108,42.5618661,0 -123.0695628,42.5620312,0 -123.0692814,42.5622173,0 -123.0689714,42.5624878,0 -123.0684516,42.5629726,0 -123.0679747,42.5634011,0 -123.0677887,42.5635275,0 -123.0676456,42.5636048,0 -123.0674692,42.5636610,0 -123.0665249,42.5638928,0 -123.0659621,42.5640193,0 -123.0656998,42.5640509,0 -123.0653803,42.5640860,0 -123.0650512,42.5640966,0 -123.0645171,42.5641106,0 -123.0634822,42.5641458,0 -123.0630760,42.5641637,0 -123.0625284,42.5641879,0 -123.0622661,42.5641844,0 -123.0620515,42.5641668,0 -123.0618226,42.5641352,0 -123.0615650,42.5640860,0 -123.0613639,42.5640397,0 -123.0610300,42.5639554,0 -123.0599856,42.5636498,0 -123.0585024,42.5632388,0 -123.0566282,42.5627084,0 -123.0561751,42.5625820,0 -123.0559843,42.5625433,0 -123.0557983,42.5625258,0 -123.0555933,42.5625258,0 -123.0548874,42.5625820,0 -123.0545775,42.5625995,0 -123.0544248,42.5625890,0 -123.0543496,42.5625757,0 -123.0542055,42.5625503,0 -123.0539479,42.5624906,0 -123.0534758,42.5623361,0 -123.0532469,42.5622764,0 -123.0531086,42.5622483,0 -123.0529655,42.5622342,0 -123.0527652,42.5622377,0 -123.0525744,42.5622693,0 -123.0524218,42.5623220,0 -123.0522645,42.5624063,0 -123.0520546,42.5625539,0 -123.0517542,42.5627892,0 -123.0513488,42.5631229,0 -123.0512486,42.5632493,0 -123.0511962,42.5633582,0 -123.0511533,42.5634882,0 -123.0511246,42.5637446,0 -123.0510674,42.5639519,0 -123.0509911,42.5641064,0 -123.0509053,42.5642434,0 -123.0507765,42.5644015,0 -123.0505476,42.5646509,0 -123.0501661,42.5650302,0 -123.0498513,42.5653358,0 -123.0496510,42.5655641,0 -123.0493315,42.5659821,0 -123.0490930,42.5663228,0 -123.0489738,42.5665124,0 -123.0488975,42.5666635,0 -123.0488498,42.5667829,0 -123.0488259,42.5669445,0 -123.0488116,42.5670850,0 -123.0488116,42.5672009,0 -123.0488212,42.5673273,0 -123.0488546,42.5674643,0 -123.0489070,42.5676118,0 -123.0489833,42.5677593,0 -123.0491312,42.5680157,0 -123.0492790,42.5682440,0 -123.0493744,42.5683986,0 -123.0494173,42.5685285,0 -123.0494459,42.5687077,0 -123.0494316,42.5689184,0 -123.0493982,42.5691221,0 -123.0493505,42.5692872,0 -123.0493029,42.5694277,0 -123.0492218,42.5695682,0 -123.0491455,42.5696770,0 -123.0490835,42.5697578,0 -123.0489213,42.5699194,0 -123.0486209,42.5701442,0 -123.0479103,42.5706218,0 -123.0476194,42.5707834,0 -123.0473761,42.5708747,0 -123.0471615,42.5709344,0 -123.0468706,42.5710187,0 -123.0466656,42.5710924,0 -123.0465082,42.5711662,0 -123.0463842,42.5712610,0 -123.0462554,42.5713769,0 -123.0461743,42.5714718,0 -123.0460980,42.5716087,0 -123.0460646,42.5717141,0 -123.0460456,42.5718265,0 -123.0460408,42.5719599,0 -123.0460599,42.5720899,0 -123.0460980,42.5722093,0 -123.0461505,42.5723076,0 -123.0463603,42.5726167,0 -123.0464319,42.5727466,0 -123.0464605,42.5728766,0 -123.0464605,42.5729855,0 -123.0464462,42.5731224,0 -123.0463889,42.5732629,0 -123.0463079,42.5733577,0 -123.0462029,42.5734596,0 -123.0460551,42.5735509,0 -123.0458548,42.5736527,0 -123.0454876,42.5738038,0 -123.0440807,42.5743586,0 -123.0429600,42.5748011,0 -123.0425498,42.5749486,0 -123.0423305,42.5750013,0 -123.0420825,42.5750400,0 -123.0417343,42.5750681,0 -123.0412050,42.5751102,0 -123.0407710,42.5751488,0 -123.0404705,42.5751769,0 -123.0402654,42.5752050,0 -123.0400413,42.5752507,0 -123.0398076,42.5753244,0 -123.0396121,42.5753982,0 -123.0395358,42.5754263,0 -123.0393832,42.5755070,0 -123.0392258,42.5756054,0 -123.0390541,42.5757353,0 -123.0386726,42.5760584,0 -123.0380955,42.5765536,0 -123.0375709,42.5770312,0 -123.0373611,42.5771927,0 -123.0371608,42.5772981,0 -123.0370456,42.5773561,0 -123.0369452,42.5774003,0 -123.0367554,42.5774666,0 -123.0365360,42.5775123,0 -123.0363548,42.5775299,0 -123.0362117,42.5775369,0 -123.0361230,42.5775390,0 -123.0359271,42.5775299,0 -123.0356457,42.5774983,0 -123.0354121,42.5774527,0 -123.0349256,42.5773157,0 -123.0336427,42.5769294,0 -123.0327652,42.5766766,0 -123.0322549,42.5765466,0 -123.0319449,42.5764799,0 -123.0317303,42.5764343,0 -123.0313965,42.5763921,0 -123.0310007,42.5763535,0 -123.0307479,42.5763430,0 -123.0305476,42.5763500,0 -123.0303854,42.5763781,0 -123.0302567,42.5764167,0 -123.0300945,42.5764940,0 -123.0298465,42.5766555,0 -123.0296462,42.5768206,0 -123.0294889,42.5769681,0 -123.0294221,42.5770523,0 -123.0293172,42.5772174,0 -123.0292170,42.5774351,0 -123.0290978,42.5776774,0 -123.0289070,42.5781375,0 -123.0286924,42.5787275,0 -123.0285017,42.5792437,0 -123.0284492,42.5793560,0 -123.0283490,42.5795070,0 -123.0282394,42.5796370,0 -123.0280963,42.5797739,0 -123.0277863,42.5800233,0 -123.0272045,42.5804622,0 -123.0268849,42.5807080,0 -123.0266226,42.5809363,0 -123.0264796,42.5810908,0 -123.0263556,42.5812523,0 -123.0262363,42.5814279,0 -123.0261553,42.5815613,0 -123.0260503,42.5818001,0 -123.0259931,42.5819687,0 -123.0259597,42.5821021,0 -123.0259311,42.5823233,0 -123.0259168,42.5825832,0 -123.0258930,42.5831134,0 -123.0258596,42.5835418,0 -123.0258071,42.5837385,0 -123.0257070,42.5838789,0 -123.0255877,42.5839807,0 -123.0254494,42.5840650,0 -123.0252778,42.5841212,0 -123.0251442,42.5841563,0 -123.0250393,42.5841668,0 -123.0248533,42.5841739,0 -123.0247579,42.5841668,0 -123.0245672,42.5841423,0 -123.0242524,42.5840861,0 -123.0234178,42.5839210,0 -123.0231794,42.5838543,0 -123.0230506,42.5838157,0 -123.0229266,42.5837525,0 -123.0227931,42.5836717,0 -123.0226738,42.5835629,0 -123.0226166,42.5834646,0 -123.0225451,42.5832995,0 -123.0224831,42.5831556,0 -123.0224020,42.5830046,0 -123.0222637,42.5828711,0 -123.0217391,42.5823936,0 -123.0215293,42.5822496,0 -123.0214100,42.5822004,0 -123.0212288,42.5821513,0 -123.0210237,42.5821126,0 -123.0208473,42.5820951,0 -123.0204562,42.5820600,0 -123.0201844,42.5820494,0 -123.0199793,42.5820565,0 -123.0198172,42.5820810,0 -123.0196789,42.5821232,0 -123.0195405,42.5821829,0 -123.0194213,42.5822531,0 -123.0193021,42.5823479,0 -123.0191543,42.5824638,0 -123.0190064,42.5826148,0 -123.0187918,42.5828430,0 -123.0184770,42.5831661,0 -123.0178904,42.5837525,0 -123.0172514,42.5843986,0 -123.0170177,42.5846198,0 -123.0169128,42.5847006,0 -123.0167077,42.5848165,0 -123.0164168,42.5849429,0 -123.0158064,42.5851711,0 -123.0153581,42.5853291,0 -123.0151148,42.5853783,0 -123.0148525,42.5854169,0 -123.0144076,42.5854625,0 -123.0140990,42.5854941,0 -123.0130975,42.5856065,0 -123.0123535,42.5856838,0 -123.0121055,42.5857013,0 -123.0119672,42.5857013,0 -123.0118037,42.5856957,0 -123.0116415,42.5856712,0 -123.0114412,42.5856360,0 -123.0112934,42.5855869,0 -123.0111503,42.5855307,0 -123.0109309,42.5853973,0 -123.0108022,42.5853306,0 -123.0106877,42.5852990,0 -123.0105780,42.5852884,0 -123.0104636,42.5853060,0 -123.0103253,42.5853586,0 -123.0102013,42.5854429,0 -123.0101488,42.5855167,0 -123.0101297,42.5855834,0 -123.0101297,42.5856466,0 </coordinates></LineString></Placemark><Placemark><name>State Highway 234</name><ExtendedData><Data name="featureClass"><value>primary</value></Data><Data name="osmType"><value>way</value></Data><Data name="ref"><value>OR 234</value></Data><Data name="osmId"><value>5158754</value></Data></ExtendedData><LineString><tessellate>1</tessellate><coordinates>-123.0021020,42.4751520,0 -123.0018550,42.4752860,0 -123.0016090,42.4754190,0 -123.0015400,42.4754560,0 -123.0004470,42.4758940,0 -123.0001240,42.4759880,0 -122.9995390,42.4761190,0 -122.9991550,42.4762000,0 -122.9988210,42.4762470,0 -122.9983020,42.4762980,0 -122.9979090,42.4763250,0 -122.9976080,42.4763460,0 -122.9969730,42.4764070,0 -122.9962200,42.4764550,0 -122.9940830,42.4765260,0 -122.9940301,42.4765260,0 -122.9896528,42.4765225,0 -122.9838810,42.4765180,0 -122.9790870,42.4765140,0 -122.9790129,42.4765139,0 -122.9745760,42.4765103,0 -122.9741963,42.4765100,0 -122.9741520,42.4765100,0 -122.9696676,42.4765060,0 -122.9679680,42.4765045,0 -122.9674210,42.4765040,0 -122.9667680,42.4765030,0 -122.9663170,42.4765030,0 -122.9660640,42.4765190,0 -122.9656570,42.4765690,0 -122.9653280,42.4766170,0 -122.9649810,42.4766980,0 -122.9647950,42.4767410,0 -122.9644180,42.4768650,0 -122.9640890,42.4769800,0 -122.9637700,42.4770950,0 -122.9635550,42.4772010,0 -122.9633980,42.4772940,0 -122.9631020,42.4774450,0 -122.9628800,42.4776050,0 -122.9622330,42.4780520,0 -122.9605750,42.4793630,0 -122.9546094,42.4840900,0 -122.9526430,42.4856290,0 -122.9499250,42.4878004,0 -122.9499059,42.4878157,0 -122.9498687,42.4878453,0 -122.9489070,42.4885810,0 -122.9485350,42.4888800,0 -122.9476830,42.4895650,0 -122.9475600,42.4896430,0 -122.9471680,42.4898890,0 -122.9469510,42.4900040,0 -122.9466870,42.4901440,0 -122.9460740,42.4903950,0 -122.9459240,42.4904410,0 -122.9458860,42.4904600,0 -122.9452824,42.4906503,0 -122.9448475,42.4907918,0 -122.9446032,42.4908434,0 -122.9441797,42.4908894,0 -122.9437162,42.4909504,0 -122.9433725,42.4909836,0 -122.9429199,42.4910095,0 -122.9401030,42.4910139,0 -122.9395002,42.4910100,0 -122.9384950,42.4909930,0 -122.9376798,42.4910172,0 -122.9366993,42.4910463,0 -122.9362930,42.4910692,0 -122.9360035,42.4910855,0 -122.9356597,42.4911329,0 -122.9353917,42.4911731,0 -122.9350188,42.4912401,0 -122.9347292,42.4912898,0 -122.9344843,42.4913422,0 -122.9341590,42.4914240,0 -122.9337620,42.4915670,0 -122.9327240,42.4919470,0 -122.9324530,42.4920420,0 -122.9322530,42.4921120,0 -122.9315920,42.4923860,0 -122.9254977,42.4948394,0 -122.9155213,42.4988281,0 -122.9145460,42.4992180,0 -122.9034520,42.5037090,0 -122.9017401,42.5044299,0 -122.9014237,42.5045507,0 -122.9002643,42.5050190,0 -122.8987026,42.5056499,0 -122.8981253,42.5059039,0 -122.8919460,42.5083630,0 -122.8907037,42.5088520,0 -122.8905080,42.5089290,0 -122.8885643,42.5097409,0 -122.8860140,42.5107320,0 -122.8811230,42.5127010,0 -122.8806200,42.5128990,0 -122.8781589,42.5139054,0 -122.8770740,42.5143490,0 -122.8753550,42.5150520,0 -122.8710100,42.5168063,0 -122.8709290,42.5168390,0 -122.8693230,42.5174880,0 -122.8680630,42.5179809,0 -122.8675260,42.5181910,0 -122.8666180,42.5185470,0 -122.8647602,42.5193037,0 -122.8604306,42.5210670,0 -122.8558010,42.5229140,0 -122.8553590,42.5231070,0 -122.8544451,42.5235211,0 -122.8539237,42.5237409,0 -122.8523960,42.5243170,0 -122.8521876,42.5243962,0 -122.8511610,42.5248227,0 -122.8499260,42.5253042,0 -122.8492108,42.5255374,0 -122.8484660,42.5257131,0 -122.8477001,42.5258296,0 -122.8469217,42.5258853,0 -122.8463010,42.5258809,0 -122.8461396,42.5258797,0 -122.8453628,42.5258129,0 -122.8446001,42.5256856,0 -122.8436549,42.5254970,0 -122.8432525,42.5254085,0 </coordinates></LineString></Placemark><Placemark><name>South Shasta Avenue</name><ExtendedData><Data name="featureClass"><value>secondary</value></Data><Data name="osmType"><value>way</value></Data><Data name="osmId"><value>5159176</value></Data></ExtendedData><LineString><tessellate>1</tessellate><coordinates>-122.8194118,42.4557014,0 -122.8192876,42.4556793,0 -122.8191220,42.4556634,0 -122.8189398,42.4556614,0 -122.8187321,42.4556808,0 -122.8185669,42.4557123,0 -122.8184140,42.4557550,0 -122.8182914,42.4558012,0 -122.8181619,42.4558586,0 -122.8180051,42.4559518,0 -122.8178706,42.4560541,0 -122.8177532,42.4561668,0 -122.8176628,42.4562879,0 -122.8175961,42.4563991,0 -122.8175561,42.4564941,0 -122.8175281,42.4565863,0 -122.8175116,42.4566913,0 -122.8175039,42.4569455,0 -122.8175024,42.4570623,0 -122.8174990,42.4573699,0 -122.8174945,42.4574708,0 -122.8174882,42.4575438,0 -122.8174791,42.4576064,0 -122.8174605,42.4577088,0 -122.8174418,42.4577948,0 -122.8174167,42.4578799,0 -122.8173743,42.4580198,0 -122.8173016,42.4581620,0 -122.8172316,42.4582770,0 -122.8171718,42.4583603,0 -122.8169896,42.4585913,0 -122.8169265,42.4586824,0 -122.8168715,42.4587781,0 -122.8168125,42.4589013,0 -122.8167622,42.4590169,0 -122.8166607,42.4593067,0 -122.8166130,42.4594179,0 -122.8165339,42.4595554,0 -122.8164273,42.4596935,0 -122.8163117,42.4598164,0 -122.8159190,42.4601962,0 -122.8157934,42.4603169,0 -122.8157289,42.4603774,0 -122.8150250,42.4610381,0 -122.8148466,42.4611827,0 -122.8146634,42.4613239,0 -122.8143629,42.4615461,0 -122.8140462,42.4617685,0 -122.8138066,42.4619307,0 -122.8136150,42.4620610,0 -122.8133951,42.4622284,0 -122.8133151,42.4622932,0 -122.8131721,42.4624365,0 -122.8130613,42.4625628,0 -122.8129885,42.4626566,0 -122.8127520,42.4629725,0 -122.8125926,42.4631854,0 -122.8125169,42.4632769,0 -122.8124458,42.4633486,0 -122.8123383,42.4634451,0 -122.8122091,42.4635461,0 -122.8119054,42.4637488,0 -122.8110970,42.4642580,0 -122.8105136,42.4646250,0 -122.8095788,42.4652196,0 -122.8082822,42.4660437,0 -122.8081815,42.4661069,0 -122.8078174,42.4663312,0 -122.8076446,42.4664413,0 -122.8064957,42.4671729,0 -122.8053530,42.4678954,0 -122.8052104,42.4679855,0 -122.8050781,42.4680692,0 -122.8044720,42.4684553,0 -122.8028995,42.4695465,0 -122.8025896,42.4697665,0 -122.8022858,42.4699773,0 -122.8022187,42.4700244,0 -122.8019362,42.4702211,0 -122.8017486,42.4703530,0 -122.8012297,42.4707192,0 -122.8011523,42.4707739,0 </coordinates></LineString></Placemark><Placemark><name>Hammel Road</name><ExtendedData><Data name="featureClass"><value>tertiary</value></Data><Data name="osmType"><value>way</value></Data><Data name="osmId"><value>5159251</value></Data></ExtendedData><LineString><tessellate>1</tessellate><coordinates>-122.8139741,42.5676420,0 -122.8146119,42.5674872,0 -122.8149557,42.5674114,0 -122.8152131,42.5673784,0 -122.8154684,42.5673575,0 -122.8157267,42.5673466,0 -122.8161988,42.5673472,0 -122.8204862,42.5673497,0 -122.8208939,42.5673499,0 -122.8210410,42.5673449,0 -122.8212106,42.5673299,0 -122.8213938,42.5673016,0 -122.8215906,42.5672466,0 -122.8231058,42.5666767,0 -122.8238578,42.5663892,0 -122.8256781,42.5657039,0 -122.8258523,42.5656206,0 -122.8259994,42.5655306,0 -122.8261283,42.5654357,0 -122.8262369,42.5653224,0 -122.8263387,42.5651775,0 -122.8263952,42.5650508,0 -122.8264291,42.5649192,0 -122.8264472,42.5647943,0 -122.8264414,42.5637509,0 -122.8264474,42.5623940,0 -122.8264518,42.5611289,0 -122.8264291,42.5609490,0 -122.8263658,42.5607257,0 -122.8262844,42.5605724,0 -122.8261939,42.5604358,0 -122.8259767,42.5602159,0 -122.8257909,42.5600448,0 -122.8255062,42.5597827,0 -122.8254022,42.5596394,0 -122.8253479,42.5595027,0 -122.8253253,42.5593728,0 -122.8253136,42.5590962,0 -122.8252997,42.5581331,0 -122.8252671,42.5567992,0 -122.8252515,42.5560405,0 -122.8252484,42.5559104,0 -122.8252574,42.5557671,0 -122.8252981,42.5556538,0 -122.8253705,42.5555438,0 -122.8258863,42.5549439,0 -122.8262572,42.5545040,0 -122.8263613,42.5543307,0 -122.8264291,42.5541808,0 -122.8264461,42.5541207,0 -122.8264789,42.5540041,0 -122.8264974,42.5537603,0 -122.8265052,42.5528243,0 -122.8265133,42.5518379,0 -122.8265237,42.5505889,0 -122.8265355,42.5491567,0 -122.8265360,42.5491012,0 -122.8265602,42.5461786,0 -122.8265557,42.5460320,0 -122.8265240,42.5459187,0 -122.8264652,42.5458153,0 -122.8263792,42.5457253,0 -122.8263069,42.5456654,0 -122.8262164,42.5456020,0 -122.8261033,42.5455587,0 -122.8259745,42.5455246,0 -122.8258137,42.5455108,0 -122.8250823,42.5455087,0 -122.8240385,42.5455084,0 -122.8234968,42.5455082,0 -122.8231681,42.5455081,0 -122.8227229,42.5455079,0 -122.8215071,42.5455075,0 -122.8213681,42.5455075,0 -122.8193354,42.5455068,0 -122.8189765,42.5455067,0 -122.8175499,42.5455062,0 -122.8170996,42.5455061,0 -122.8167698,42.5455060,0 -122.8164489,42.5455059,0 -122.8157024,42.5455056,0 -122.8146671,42.5455053,0 -122.8139048,42.5455050,0 -122.8134692,42.5455049,0 -122.8129851,42.5455047,0 -122.8122120,42.5455045,0 -122.8103609,42.5455039,0 -122.8102504,42.5455038,0 </coordinates></LineString></Placemark><Placemark><name>Sams Valley Road</name><ExtendedData><Data name="featureClass"><value>tertiary</value></Data><Data name="osmType"><value>way</value></Data><Data name="osmId"><value>5159575</value></Data></ExtendedData><LineString><tessellate>1</tessellate><coordinates>-122.9448475,42.4907918,0 -122.9449495,42.4908723,0 -122.9449970,42.4908984,0 -122.9450799,42.4909415,0 -122.9451427,42.4909695,0 -122.9452209,42.4909948,0 -122.9452830,42.4910100,0 -122.9453428,42.4910219,0 -122.9454222,42.4910332,0 -122.9455549,42.4910409,0 -122.9467106,42.4910479,0 -122.9490882,42.4910619,0 -122.9508928,42.4910759,0 -122.9513513,42.4910778,0 -122.9517335,42.4910794,0 -122.9538081,42.4910916,0 -122.9546918,42.4910916,0 -122.9550159,42.4910916,0 -122.9571733,42.4910881,0 -122.9587411,42.4910794,0 -122.9594048,42.4910777,0 -122.9595516,42.4910773,0 -122.9601146,42.4910759,0 -122.9619105,42.4910714,0 -122.9622200,42.4910706,0 -122.9643679,42.4910637,0 -122.9646670,42.4910627,0 -122.9659411,42.4910585,0 -122.9665088,42.4910567,0 -122.9669642,42.4910549,0 -122.9682778,42.4910497,0 -122.9708213,42.4910392,0 -122.9730048,42.4910270,0 -122.9744105,42.4910303,0 -122.9752262,42.4910322,0 -122.9771150,42.4910397,0 -122.9774239,42.4910409,0 -122.9788864,42.4910468,0 -122.9796145,42.4910497,0 -122.9819519,42.4910584,0 -122.9821072,42.4910592,0 -122.9839814,42.4910689,0 -122.9874585,42.4910823,0 -122.9909445,42.4910998,0 -122.9915518,42.4911068,0 -122.9921475,42.4911138,0 -122.9925193,42.4911347,0 -122.9926804,42.4911504,0 -122.9928959,42.4911801,0 -122.9931469,42.4912116,0 -122.9933387,42.4912290,0 -122.9934406,42.4912255,0 -122.9935424,42.4912168,0 -122.9936300,42.4911958,0 </coordinates></LineString></Placemark><Placemark><name>Cobleigh Road</name><ExtendedData><Data name="featureClass"><value>tertiary</value></Data><Data name="osmType"><value>way</value></Data><Data name="osmId"><value>5159848</value></Data></ExtendedData><LineString><tessellate>1</tessellate><coordinates>-122.6193442,42.5669299,0 -122.6193065,42.5669783,0 -122.6192934,42.5670626,0 -122.6193299,42.5672093,0 -122.6200308,42.5689191,0 -122.6207170,42.5702500,0 -122.6213010,42.5711720,0 -122.6227190,42.5738520,0 -122.6230700,42.5762720,0 -122.6230060,42.5771600,0 -122.6224030,42.5775450,0 -122.6219740,42.5779030,0 -122.6216870,42.5782930,0 -122.6215280,42.5787160,0 -122.6215030,42.5790165,0 -122.6212260,42.5796029,0 -122.6199620,42.5804720,0 -122.6192760,42.5807300,0 -122.6184870,42.5807210,0 -122.6171560,42.5805710,0 -122.6164170,42.5806550,0 -122.6152140,42.5810280,0 -122.6146750,42.5809680,0 -122.6136150,42.5804390,0 -122.6123200,42.5802050,0 -122.6119790,42.5801430,0 -122.6105420,42.5801350,0 -122.6095050,42.5807370,0 -122.6089890,42.5808750,0 -122.6077440,42.5809570,0 -122.6072420,42.5810360,0 -122.6059150,42.5819240,0 -122.6055740,42.5820300,0 -122.6051960,42.5821470,0 -122.6045810,42.5821590,0 -122.6038170,42.5819860,0 -122.6035331,42.5818890,0 -122.6033129,42.5816558,0 -122.6031277,42.5814589,0 -122.6029677,42.5813565,0 -122.6028110,42.5812929,0 </coordinates></LineString></Placemark><Placemark><name>East Main Street</name><ExtendedData><Data name="featureClass"><value>tertiary</value></Data><Data name="osmType"><value>way</value></Data><Data name="osmId"><value>5159882</value></Data></ExtendedData><LineString><tessellate>1</tessellate><coordinates>-122.7972210,42.4695510,0 -122.7972540,42.4695830,0 -122.7974806,42.4697580,0 -122.7976989,42.4699266,0 -122.7978382,42.4700341,0 -122.7980437,42.4701931,0 -122.7986128,42.4706335,0 </coordinates></LineString></Placemark><Placemark><name>Agate Road</name><ExtendedData><Data name="featureClass"><value>tertiary</value></Data><Data name="osmType"><value>way</value></Data><Data name="osmId"><value>5160011</value></Data></ExtendedData><LineString><tessellate>1</tessellate><coordinates>-122.8342581,42.5237943,0 -122.8344727,42.5237119,0 -122.8345046,42.5236997,0 -122.8346016,42.5236870,0 -122.8364050,42.5236560,0 </coordinates></LineString></Placemark><Placemark><name>Mountain View Drive</name><ExtendedData><Data name="featureClass"><value>tertiary</value></Data><Data name="osmType"><value>way</value></Data><Data name="osmId"><value>5160088</value></Data></ExtendedData><LineString><tessellate>1</tessellate><coordinates>-122.8117918,42.5127380,0 -122.8121149,42.5127585,0 -122.8124627,42.5127710,0 -122.8192127,42.5128149,0 -122.8272906,42.5128047,0 -122.8320050,42.5127640,0 -122.8357225,42.5127774,0 -122.8368063,42.5128091,0 </coordinates></LineString></Placemark><Placemark><name>West Evans Creek Road</name><ExtendedData><Data name="featureClass"><value>tertiary</value></Data><Data name="osmType"><value>way</value></Data><Data name="osmId"><value>5160855</value></Data></ExtendedData><LineString><tessellate>1</tessellate><coordinates>-123.1756410,42.4358950,0 -123.1755880,42.4360500,0 -123.1754520,42.4365702,0 -123.1752463,42.4372040,0 -123.1750200,42.4378570,0 -123.1749243,42.4381449,0 -123.1746128,42.4390428,0 -123.1745861,42.4391135,0 -123.1743959,42.4396292,0 -123.1742377,42.4401309,0 -123.1742031,42.4402212,0 -123.1741952,42.4402419,0 -123.1741492,42.4403202,0 -123.1740573,42.4404431,0 -123.1739125,42.4406046,0 -123.1738201,42.4407110,0 -123.1737405,42.4408091,0 -123.1737101,42.4408562,0 -123.1736764,42.4409228,0 -123.1736357,42.4410119,0 -123.1736105,42.4410885,0 -123.1732094,42.4428160,0 -123.1727780,42.4444520,0 -123.1726833,42.4448797,0 -123.1726134,42.4451437,0 -123.1725228,42.4454308,0 -123.1724493,42.4456259,0 -123.1723935,42.4457483,0 -123.1723069,42.4459313,0 -123.1721029,42.4463168,0 -123.1719347,42.4466455,0 -123.1715490,42.4473894,0 -123.1711743,42.4481968,0 -123.1711614,42.4482234,0 -123.1709047,42.4487842,0 -123.1708623,42.4488878,0 -123.1708352,42.4489752,0 -123.1708089,42.4490546,0 -123.1707711,42.4492305,0 -123.1707583,42.4492978,0 -123.1707368,42.4494256,0 -123.1706584,42.4499403,0 -123.1706380,42.4500455,0 -123.1706136,42.4501392,0 -123.1705910,42.4502105,0 -123.1705626,42.4502898,0 -123.1705129,42.4504046,0 -123.1704433,42.4505436,0 -123.1703957,42.4506181,0 -123.1701697,42.4509488,0 -123.1700485,42.4511389,0 -123.1699984,42.4512271,0 -123.1699693,42.4513021,0 -123.1699519,42.4513729,0 -123.1699392,42.4514401,0 -123.1699272,42.4515269,0 -123.1699212,42.4516054,0 -123.1699174,42.4516868,0 -123.1699225,42.4517561,0 -123.1699337,42.4518338,0 -123.1699462,42.4519195,0 -123.1699752,42.4520293,0 -123.1700566,42.4522831,0 -123.1701118,42.4524025,0 -123.1701791,42.4525295,0 -123.1703966,42.4528590,0 -123.1706411,42.4532223,0 -123.1708499,42.4535346,0 -123.1709911,42.4537537,0 -123.1710401,42.4538412,0 -123.1710695,42.4539082,0 -123.1711005,42.4539848,0 -123.1711219,42.4540519,0 -123.1711428,42.4541328,0 -123.1711568,42.4542106,0 -123.1711664,42.4543091,0 -123.1711672,42.4544521,0 -123.1711568,42.4545774,0 -123.1710986,42.4550423,0 -123.1710556,42.4554087,0 -123.1710323,42.4556473,0 -123.1710259,42.4557507,0 -123.1710282,42.4558713,0 -123.1710376,42.4559738,0 -123.1710550,42.4560703,0 -123.1710745,42.4561531,0 -123.1711222,42.4562949,0 -123.1712353,42.4565207,0 -123.1716420,42.4573221,0 -123.1718737,42.4577641,0 -123.1722651,42.4584996,0 -123.1725817,42.4590420,0 -123.1728195,42.4594685,0 -123.1729791,42.4597442,0 -123.1733490,42.4605565,0 -123.1734860,42.4608980,0 -123.1735470,42.4610060,0 -123.1736150,42.4611110,0 -123.1737420,42.4612660,0 -123.1738804,42.4614035,0 -123.1740084,42.4615041,0 -123.1741181,42.4615728,0 -123.1742761,42.4616648,0 -123.1744686,42.4617531,0 -123.1746384,42.4618173,0 -123.1748303,42.4618828,0 -123.1750174,42.4619443,0 -123.1751500,42.4619930,0 -123.1752920,42.4620630,0 -123.1753945,42.4621208,0 -123.1755179,42.4622075,0 -123.1759120,42.4625160,0 -123.1762403,42.4627653,0 -123.1765814,42.4630175,0 -123.1767479,42.4631573,0 -123.1772873,42.4637118,0 -123.1774127,42.4638524,0 -123.1779639,42.4644597,0 -123.1780979,42.4646182,0 -123.1782048,42.4647760,0 -123.1782952,42.4649306,0 -123.1783909,42.4651190,0 -123.1784772,42.4653161,0 -123.1785088,42.4653791,0 -123.1785881,42.4655374,0 -123.1786476,42.4656319,0 -123.1787351,42.4657677,0 -123.1788133,42.4658648,0 -123.1789190,42.4659968,0 -123.1790653,42.4661835,0 -123.1791320,42.4662584,0 -123.1792502,42.4664141,0 -123.1793399,42.4665584,0 -123.1794393,42.4667446,0 -123.1798957,42.4676878,0 -123.1801259,42.4681761,0 -123.1801835,42.4682974,0 -123.1803209,42.4685310,0 -123.1804096,42.4686614,0 -123.1808947,42.4692982,0 -123.1817335,42.4703627,0 -123.1825023,42.4713331,0 -123.1831854,42.4722977,0 -123.1833369,42.4724673,0 -123.1834677,42.4725841,0 -123.1836494,42.4727160,0 -123.1838332,42.4728238,0 -123.1840112,42.4729131,0 -123.1842539,42.4730047,0 -123.1845919,42.4731075,0 -123.1847718,42.4731587,0 -123.1848992,42.4732164,0 -123.1849593,42.4732484,0 -123.1850205,42.4732907,0 -123.1851221,42.4733868,0 -123.1851755,42.4734566,0 -123.1852049,42.4734989,0 -123.1852623,42.4736267,0 -123.1852828,42.4737040,0 -123.1852931,42.4737677,0 -123.1852950,42.4738468,0 -123.1852787,42.4739451,0 -123.1852479,42.4740331,0 -123.1852151,42.4740879,0 -123.1844665,42.4750979,0 -123.1841845,42.4755213,0 -123.1840190,42.4758173,0 -123.1838309,42.4761814,0 -123.1836127,42.4767147,0 -123.1835079,42.4769733,0 -123.1833423,42.4773855,0 -123.1832923,42.4775611,0 -123.1832471,42.4777431,0 -123.1832076,42.4779983,0 -123.1831539,42.4784379,0 -123.1830814,42.4790035,0 -123.1830115,42.4795288,0 -123.1829757,42.4797261,0 -123.1829090,42.4799916,0 -123.1828542,42.4801346,0 -123.1827743,42.4803538,0 -123.1824741,42.4811463,0 -123.1820888,42.4822059,0 -123.1819651,42.4825057,0 -123.1818821,42.4826643,0 -123.1817588,42.4828310,0 -123.1809449,42.4838852,0 -123.1797303,42.4854479,0 -123.1796414,42.4855962,0 -123.1795921,42.4857054,0 -123.1795340,42.4858555,0 -123.1794852,42.4860055,0 -123.1794523,42.4861420,0 -123.1794317,42.4862996,0 -123.1794256,42.4864878,0 -123.1794292,42.4870756,0 -123.1794482,42.4872031,0 -123.1794728,42.4873547,0 -123.1795181,42.4875093,0 -123.1795579,42.4876170,0 -123.1796414,42.4877913,0 -123.1797863,42.4880464,0 -123.1798675,42.4881521,0 -123.1800649,42.4883946,0 -123.1802704,42.4885917,0 -123.1805924,42.4888513,0 -123.1809950,42.4891660,0 -123.1820013,42.4898317,0 -123.1826386,42.4902288,0 -123.1834572,42.4906769,0 -123.1836911,42.4908261,0 -123.1838473,42.4909443,0 -123.1839609,42.4910412,0 -123.1841762,42.4912444,0 -123.1843078,42.4914021,0 -123.1844665,42.4916177,0 -123.1849019,42.4922747,0 -123.1852622,42.4929762,0 -123.1853356,42.4931574,0 -123.1854014,42.4933817,0 -123.1854467,42.4935697,0 -123.1854876,42.4938192,0 -123.1855124,42.4940426,0 -123.1855692,42.4958534,0 -123.1855718,42.4959378,0 -123.1856019,42.4972745,0 -123.1856068,42.4974938,0 -123.1855513,42.4995882,0 -123.1854954,42.5013365,0 -123.1854925,42.5014115,0 -123.1854830,42.5014851,0 -123.1854692,42.5015787,0 -123.1854372,42.5016730,0 -123.1853820,42.5018316,0 -123.1851262,42.5024146,0 -123.1848247,42.5030826,0 -123.1844271,42.5039942,0 -123.1841912,42.5045410,0 -123.1840418,42.5048729,0 -123.1839924,42.5050079,0 -123.1839633,42.5051065,0 -123.1839436,42.5052311,0 -123.1839430,42.5053401,0 -123.1839524,42.5054900,0 -123.1839778,42.5056037,0 -123.1840215,42.5057195,0 -123.1840777,42.5058334,0 -123.1841610,42.5059574,0 -123.1842540,42.5060688,0 -123.1844724,42.5062812,0 -123.1846602,42.5064572,0 -123.1847628,42.5065917,0 -123.1849837,42.5069454,0 -123.1851962,42.5072796,0 -123.1853083,42.5074664,0 -123.1856317,42.5079764,0 -123.1859376,42.5084748,0 -123.1860071,42.5086020,0 -123.1860623,42.5087349,0 -123.1861020,42.5088644,0 -123.1861146,42.5089663,0 -123.1861184,42.5090375,0 -123.1861239,42.5091113,0 -123.1861256,42.5092333,0 -123.1861263,42.5092771,0 -123.1860918,42.5094987,0 -123.1860378,42.5096707,0 -123.1859577,42.5098457,0 -123.1859053,42.5099243,0 -123.1858268,42.5100357,0 -123.1856783,42.5102030,0 -123.1853010,42.5104842,0 -123.1850385,42.5106631,0 -123.1846962,42.5108719,0 -123.1844795,42.5110125,0 -123.1843233,42.5111549,0 -123.1842041,42.5112883,0 -123.1840455,42.5115132,0 -123.1839857,42.5116081,0 -123.1839451,42.5116732,0 -123.1838669,42.5118277,0 -123.1838094,42.5119550,0 -123.1837520,42.5121442,0 -123.1836722,42.5124373,0 -123.1835227,42.5129867,0 -123.1832082,42.5139754,0 -123.1831789,42.5141025,0 -123.1831485,42.5142848,0 -123.1831222,42.5144695,0 -123.1831164,42.5145235,0 -123.1831049,42.5146148,0 -123.1830975,42.5148505,0 -123.1830962,42.5150691,0 -123.1831019,42.5153227,0 -123.1831165,42.5155405,0 -123.1831340,42.5156563,0 -123.1831543,42.5157720,0 -123.1831791,42.5158798,0 -123.1832590,42.5161984,0 -123.1833786,42.5165969,0 -123.1835358,42.5171057,0 -123.1837943,42.5179813,0 -123.1840456,42.5188340,0 -123.1842594,42.5195584,0 -123.1843525,42.5198926,0 -123.1843932,42.5200512,0 -123.1844281,42.5202033,0 -123.1844542,42.5203320,0 -123.1844833,42.5204926,0 -123.1845211,42.5207690,0 -123.1845560,42.5210840,0 -123.1846510,42.5218528,0 -123.1847344,42.5225894,0 -123.1848545,42.5236805,0 -123.1849184,42.5242568,0 -123.1849858,42.5248219,0 -123.1850864,42.5256503,0 -123.1851376,42.5260385,0 -123.1852215,42.5266478,0 -123.1853158,42.5272750,0 -123.1854847,42.5285099,0 -123.1856212,42.5294473,0 -123.1857855,42.5302864,0 -123.1858275,42.5305842,0 -123.1860383,42.5317327,0 -123.1862182,42.5327345,0 -123.1862644,42.5329598,0 -123.1864124,42.5334930,0 -123.1866385,42.5342110,0 -123.1868123,42.5348747,0 </coordinates></LineString></Placemark><Placemark><name>Old Highway 62</name><ExtendedData><Data name="featureClass"><value>tertiary</value></Data><Data name="osmType"><value>way</value></Data><Data name="osmId"><value>5160920</value></Data></ExtendedData><LineString><tessellate>1</tessellate><coordinates>-122.8120301,42.4662282,0 -122.8120143,42.4671145,0 -122.8120124,42.4672105,0 -122.8120047,42.4680792,0 -122.8120016,42.4685010,0 -122.8119984,42.4690422,0 -122.8120013,42.4690979,0 -122.8120174,42.4691389,0 -122.8120504,42.4691769,0 </coordinates></LineString></Placemark><Placemark><name>East Evans Creek Road</name><ExtendedData><Data name="featureClass"><value>secondary</value></Data><Data name="osmType"><value>way</value></Data><Data name="osmId"><value>5160999</value></Data></ExtendedData><LineString><tessellate>1</tessellate><coordinates>-123.0101297,42.5856466,0 -123.0101393,42.5857098,0 -123.0101774,42.5857730,0 -123.0102537,42.5858608,0 -123.0104016,42.5859731,0 -123.0105489,42.5860749,0 -123.0106019,42.5861258,0 -123.0107360,42.5862681,0 -123.0108271,42.5864121,0 -123.0109114,42.5865710,0 -123.0110126,42.5868193,0 -123.0112351,42.5873704,0 -123.0115420,42.5880780,0 -123.0117410,42.5885696,0 -123.0117882,42.5886764,0 -123.0118185,42.5887509,0 -123.0118860,42.5888626,0 -123.0120445,42.5891084,0 -123.0123817,42.5895875,0 -123.0126886,42.5900121,0 -123.0127517,42.5901172,0 -123.0128302,42.5902479,0 -123.0129044,42.5903795,0 -123.0129718,42.5905459,0 -123.0130427,42.5908090,0 -123.0130975,42.5910432,0 -123.0132652,42.5917599,0 -123.0135519,42.5929366,0 -123.0135627,42.5929763,0 -123.0137508,42.5936665,0 -123.0138351,42.5940290,0 -123.0138587,42.5941432,0 -123.0138722,42.5942574,0 -123.0138621,42.5943765,0 -123.0138461,42.5944323,0 -123.0138351,42.5944709,0 -123.0137845,42.5945702,0 -123.0137205,42.5946521,0 -123.0136463,42.5947191,0 -123.0135189,42.5948054,0 -123.0134777,42.5948333,0 -123.0133124,42.5949326,0 -123.0129784,42.5951198,0 -123.0128129,42.5952070,0 -123.0122249,42.5955165,0 -123.0120055,42.5956183,0 -123.0118147,42.5956886,0 -123.0113951,42.5958325,0 -123.0111948,42.5959238,0 -123.0109897,42.5960326,0 -123.0106511,42.5962643,0 -123.0099500,42.5967277,0 -123.0093682,42.5971174,0 -123.0085336,42.5976861,0 -123.0079661,42.5980758,0 -123.0077658,42.5982373,0 -123.0074987,42.5984936,0 -123.0072650,42.5986867,0 -123.0069884,42.5988692,0 -123.0066832,42.5990202,0 -123.0060203,42.5993256,0 -123.0054146,42.5995994,0 -123.0051380,42.5996977,0 -123.0048423,42.5997714,0 -123.0045610,42.5998311,0 -123.0042796,42.5998732,0 -123.0040459,42.5998943,0 -123.0036262,42.5999189,0 -123.0032018,42.5999399,0 -123.0029909,42.5999658,0 -123.0028050,42.6000079,0 -123.0025903,42.6000711,0 -123.0023567,42.6001624,0 -123.0019418,42.6003589,0 -123.0012788,42.6006784,0 -123.0008210,42.6008785,0 -123.0005206,42.6010049,0 -123.0001009,42.6011593,0 -122.9995524,42.6013454,0 -122.9988085,42.6015700,0 -122.9981265,42.6017701,0 -122.9976448,42.6018930,0 -122.9969581,42.6020334,0 -122.9959613,42.6022405,0 -122.9955655,42.6023353,0 -122.9953461,42.6023915,0 -122.9951077,42.6024722,0 -122.9948549,42.6025705,0 -122.9946212,42.6026863,0 -122.9943971,42.6028022,0 -122.9941014,42.6029882,0 -122.9936531,42.6033287,0 -122.9930188,42.6038097,0 -122.9928662,42.6039606,0 -122.9927517,42.6040764,0 -122.9926611,42.6041888,0 -122.9925896,42.6043151,0 -122.9925324,42.6044836,0 -122.9924847,42.6046451,0 -122.9924417,42.6048698,0 -122.9923988,42.6051611,0 -122.9923225,42.6056209,0 -122.9922748,42.6057754,0 -122.9922128,42.6059298,0 -122.9921270,42.6060808,0 -122.9920173,42.6062387,0 -122.9918864,42.6063791,0 -122.9918504,42.6064177,0 -122.9917455,42.6065055,0 -122.9915118,42.6066354,0 -122.9913067,42.6067477,0 -122.9910349,42.6068706,0 -122.9908012,42.6069513,0 -122.9906867,42.6069899,0 -122.9905055,42.6070285,0 -122.9902813,42.6070531,0 -122.9900381,42.6070706,0 -122.9898426,42.6070987,0 -122.9896089,42.6071584,0 -122.9895781,42.6071685,0 -122.9894277,42.6072181,0 -122.9890573,42.6073719,0 -122.9885613,42.6075790,0 -122.9883514,42.6076597,0 -122.9882036,42.6076878,0 -122.9880558,42.6076983,0 -122.9876504,42.6076492,0 -122.9872975,42.6075825,0 -122.9868206,42.6074807,0 -122.9866298,42.6074491,0 -122.9864295,42.6074280,0 -122.9862578,42.6074280,0 -122.9858620,42.6074421,0 -122.9856903,42.6074280,0 -122.9855949,42.6074175,0 -122.9854280,42.6073754,0 -122.9851180,42.6072560,0 -122.9841976,42.6068559,0 -122.9837493,42.6066523,0 -122.9834345,42.6064873,0 -122.9832533,42.6064066,0 -122.9829099,42.6062802,0 -122.9822089,42.6060029,0 -122.9819418,42.6058976,0 -122.9816080,42.6058029,0 -122.9813695,42.6057221,0 -122.9811740,42.6056414,0 -122.9809928,42.6055501,0 -122.9805588,42.6053079,0 -122.9803394,42.6052061,0 -122.9802154,42.6051675,0 -122.9800819,42.6051429,0 -122.9799769,42.6051359,0 -122.9798243,42.6051324,0 -122.9796765,42.6051500,0 -122.9794094,42.6051991,0 -122.9789468,42.6052798,0 -122.9785605,42.6053325,0 -122.9783411,42.6053465,0 -122.9779882,42.6053571,0 -122.9776210,42.6053851,0 -122.9772919,42.6054132,0 -122.9770535,42.6054202,0 -122.9768007,42.6054097,0 -122.9765623,42.6053816,0 -122.9763238,42.6053290,0 -122.9760949,42.6052588,0 -122.9758660,42.6051535,0 -122.9756848,42.6050411,0 -122.9755322,42.6049042,0 -122.9753986,42.6047147,0 -122.9753319,42.6045637,0 -122.9753080,42.6044163,0 -122.9753271,42.6042935,0 -122.9753557,42.6042022,0 -122.9754511,42.6040653,0 -122.9755798,42.6039459,0 -122.9759280,42.6037107,0 -122.9770487,42.6030017,0 -122.9774064,42.6027595,0 -122.9777424,42.6024730,0 -122.9778664,42.6023361,0 -122.9779952,42.6021711,0 -122.9780858,42.6019851,0 -122.9781526,42.6017710,0 -122.9781716,42.6016340,0 -122.9781669,42.6015182,0 -122.9781096,42.6012655,0 -122.9779713,42.6008056,0 -122.9779475,42.6006968,0 -122.9779284,42.6004791,0 -122.9779332,42.6001210,0 -122.9779475,42.5998964,0 -122.9780095,42.5995488,0 -122.9780476,42.5992364,0 -122.9780572,42.5990433,0 -122.9780429,42.5988292,0 -122.9780524,42.5984992,0 -122.9780906,42.5981130,0 -122.9781621,42.5977268,0 -122.9782241,42.5974635,0 -122.9782384,42.5972108,0 -122.9782241,42.5970774,0 -122.9781669,42.5969756,0 -122.9781144,42.5968843,0 -122.9779904,42.5967684,0 -122.9778426,42.5966526,0 -122.9774944,42.5964349,0 -122.9769746,42.5961295,0 -122.9765025,42.5958697,0 -122.9758825,42.5956064,0 -122.9754294,42.5954730,0 -122.9751003,42.5953922,0 -122.9747665,42.5953044,0 -122.9744661,42.5952483,0 -122.9742085,42.5952132,0 -122.9738652,42.5951851,0 -122.9735265,42.5951781,0 -122.9732499,42.5952132,0 -122.9730067,42.5952553,0 -122.9724535,42.5954098,0 -122.9721387,42.5954765,0 -122.9718812,42.5955010,0 -122.9716714,42.5955046,0 -122.9712660,42.5954870,0 -122.9695730,42.5953887,0 -122.9683569,42.5953220,0 -122.9680040,42.5953185,0 -122.9678084,42.5953360,0 -122.9676177,42.5953641,0 -122.9674317,42.5954168,0 -122.9672361,42.5954835,0 -122.9668117,42.5956590,0 -122.9665160,42.5957503,0 -122.9662299,42.5958065,0 -122.9659914,42.5958381,0 -122.9655336,42.5958837,0 -122.9653047,42.5958943,0 </coordinates></LineString></Placemark><Placemark><name>Wards Creek Road</name><ExtendedData><Data name="featureClass"><value>tertiary</value></Data><Data name="osmType"><value>way</value></Data><Data name="osmId"><value>5161101</value></Data></ExtendedData><LineString><tessellate>1</tessellate><coordinates>-123.1624409,42.4326607,0 -123.1624378,42.4327555,0 -123.1624317,42.4329301,0 -123.1624264,42.4330052,0 -123.1624189,42.4330554,0 -123.1623997,42.4331145,0 -123.1623692,42.4331782,0 -123.1623464,42.4332171,0 -123.1623172,42.4332564,0 -123.1622920,42.4332840,0 -123.1622611,42.4333164,0 -123.1622173,42.4333498,0 -123.1621741,42.4333776,0 -123.1621241,42.4334082,0 -123.1620870,42.4334260,0 -123.1620330,42.4334480,0 -123.1619660,42.4334690,0 -123.1618830,42.4334850,0 -123.1618297,42.4334925,0 -123.1617451,42.4334970,0 -123.1616837,42.4334971,0 -123.1613442,42.4334744,0 -123.1611177,42.4334562,0 -123.1607530,42.4334120,0 -123.1604790,42.4333910,0 -123.1602070,42.4333890,0 -123.1592360,42.4333852,0 -123.1579672,42.4333842,0 -123.1576450,42.4333840,0 -123.1575020,42.4333970,0 -123.1573760,42.4334250,0 -123.1572480,42.4334620,0 -123.1571230,42.4335150,0 -123.1569930,42.4335800,0 -123.1568790,42.4336620,0 -123.1567430,42.4337930,0 -123.1566280,42.4339200,0 -123.1565632,42.4339989,0 -123.1564767,42.4340784,0 -123.1563894,42.4341414,0 -123.1562340,42.4342127,0 -123.1560595,42.4342922,0 -123.1555850,42.4344760,0 -123.1549554,42.4347319,0 -123.1546126,42.4348566,0 -123.1538865,42.4351265,0 -123.1532713,42.4353557,0 -123.1529206,42.4354981,0 -123.1522941,42.4357504,0 -123.1514416,42.4360954,0 -123.1507369,42.4363771,0 -123.1499318,42.4367072,0 -123.1491134,42.4370345,0 -123.1482391,42.4373822,0 -123.1480939,42.4374411,0 -123.1479803,42.4374857,0 -123.1478072,42.4375384,0 -123.1476336,42.4375879,0 -123.1474201,42.4376439,0 -123.1470594,42.4377087,0 -123.1465380,42.4377810,0 -123.1464000,42.4378060,0 -123.1462820,42.4378330,0 -123.1461630,42.4378660,0 -123.1460010,42.4379190,0 -123.1456982,42.4380301,0 -123.1455950,42.4380680,0 -123.1454072,42.4381367,0 -123.1449940,42.4382880,0 -123.1448320,42.4383480,0 -123.1439575,42.4386947,0 -123.1436034,42.4388115,0 -123.1431154,42.4389543,0 -123.1424728,42.4391185,0 -123.1416144,42.4393219,0 -123.1384128,42.4401398,0 -123.1372228,42.4404702,0 -123.1366288,42.4406279,0 -123.1359733,42.4407814,0 -123.1355502,42.4408788,0 -123.1351773,42.4409630,0 -123.1344556,42.4411048,0 -123.1343218,42.4411378,0 -123.1341475,42.4411849,0 -123.1339021,42.4412588,0 -123.1337200,42.4413230,0 -123.1335194,42.4414125,0 -123.1333656,42.4414884,0 -123.1330856,42.4416444,0 -123.1315415,42.4426007,0 -123.1313445,42.4427068,0 -123.1310810,42.4428021,0 -123.1309724,42.4428379,0 -123.1307707,42.4428989,0 -123.1305157,42.4429748,0 -123.1302454,42.4430398,0 -123.1299907,42.4431111,0 -123.1298522,42.4431620,0 -123.1297459,42.4432059,0 -123.1296406,42.4432665,0 -123.1290144,42.4436867,0 -123.1286620,42.4439745,0 -123.1283740,42.4442063,0 -123.1282767,42.4443189,0 -123.1282560,42.4443429,0 -123.1282082,42.4444225,0 -123.1281549,42.4445463,0 -123.1281114,42.4446807,0 -123.1281062,42.4448758,0 -123.1281122,42.4449152,0 -123.1281410,42.4451050,0 -123.1281531,42.4452653,0 -123.1281517,42.4452974,0 -123.1281468,42.4454068,0 -123.1281456,42.4454343,0 -123.1281022,42.4456718,0 -123.1279990,42.4460442,0 -123.1279114,42.4463663,0 -123.1277656,42.4469025,0 -123.1277420,42.4469892,0 -123.1276588,42.4473618,0 -123.1276007,42.4475607,0 -123.1275605,42.4476951,0 -123.1275435,42.4477316,0 -123.1275187,42.4477848,0 -123.1274717,42.4478719,0 -123.1274593,42.4478949,0 -123.1273839,42.4480167,0 -123.1271643,42.4482750,0 -123.1268859,42.4486385,0 -123.1268275,42.4487148,0 -123.1266567,42.4489421,0 -123.1265346,42.4491045,0 -123.1264937,42.4491578,0 -123.1261839,42.4495616,0 -123.1260176,42.4497382,0 -123.1257395,42.4500105,0 -123.1254826,42.4502545,0 -123.1253515,42.4503842,0 -123.1252655,42.4504729,0 -123.1251203,42.4505832,0 -123.1250055,42.4506502,0 -123.1248625,42.4507096,0 -123.1247705,42.4507383,0 -123.1244093,42.4508557,0 -123.1239452,42.4510057,0 -123.1233859,42.4511964,0 -123.1230820,42.4512800,0 -123.1229244,42.4513127,0 -123.1227834,42.4513253,0 -123.1226296,42.4513316,0 -123.1212486,42.4513074,0 -123.1203060,42.4512888,0 -123.1200182,42.4512876,0 -123.1199764,42.4512998,0 </coordinates></LineString></Placemark><Placemark><name>West Linn Road</name><ExtendedData><Data name="featureClass"><value>tertiary</value></Data><Data name="osmType"><value>way</value></Data><Data name="osmId"><value>5161263</value></Data></ExtendedData><LineString><tessellate>1</tessellate><coordinates>-122.8219090,42.4728000,0 -122.8254130,42.4728010,0 -122.8257090,42.4727830,0 -122.8258150,42.4727690,0 -122.8258928,42.4727528,0 -122.8259300,42.4727450,0 -122.8260310,42.4727120,0 -122.8261290,42.4726690,0 -122.8261830,42.4726390,0 -122.8263040,42.4725720,0 -122.8266190,42.4723860,0 -122.8268000,42.4723090,0 -122.8269110,42.4722800,0 -122.8270330,42.4722640,0 -122.8275330,42.4722520,0 -122.8283458,42.4722505,0 -122.8300585,42.4722472,0 -122.8320980,42.4722433,0 -122.8332298,42.4722412,0 -122.8365105,42.4722350,0 -122.8381240,42.4722130,0 -122.8402540,42.4722030,0 -122.8471923,42.4721699,0 -122.8475001,42.4721684,0 -122.8480120,42.4721660,0 -122.8512549,42.4721474,0 -122.8513240,42.4721470,0 </coordinates></LineString></Placemark><Placemark><name>South Buchanan Avenue</name><ExtendedData><Data name="featureClass"><value>tertiary</value></Data><Data name="osmType"><value>way</value></Data><Data name="osmId"><value>5161365</value></Data></ExtendedData><LineString><tessellate>1</tessellate><coordinates>-122.8065821,42.4727535,0 -122.8063374,42.4732069,0 -122.8060060,42.4739313,0 </coordinates></LineString></Placemark><Placemark><name>Robert Trent Jones Jr. Boulevard</name><ExtendedData><Data name="featureClass"><value>tertiary</value></Data><Data name="osmType"><value>way</value></Data><Data name="osmId"><value>5161491</value></Data></ExtendedData><LineString><tessellate>1</tessellate><coordinates>-122.7939546,42.4586314,0 -122.7938452,42.4586402,0 -122.7937164,42.4586642,0 -122.7925743,42.4589787,0 -122.7922880,42.4590650,0 -122.7920250,42.4591700,0 -122.7917520,42.4593216,0 -122.7916339,42.4593927,0 -122.7915138,42.4594849,0 -122.7913860,42.4595906,0 -122.7912342,42.4597408,0 -122.7911259,42.4598704,0 -122.7910493,42.4599708,0 -122.7909819,42.4601188,0 -122.7909399,42.4602470,0 -122.7909163,42.4603776,0 -122.7909104,42.4605337,0 -122.7909372,42.4606470,0 -122.7909822,42.4607442,0 -122.7912368,42.4612085,0 -122.7913504,42.4613445,0 -122.7914710,42.4614451,0 -122.7916560,42.4615597,0 -122.7924205,42.4620365,0 -122.7925058,42.4620955,0 -122.7925852,42.4621680,0 -122.7926468,42.4622407,0 -122.7926930,42.4623131,0 -122.7927309,42.4623990,0 -122.7927567,42.4624891,0 -122.7927645,42.4626009,0 -122.7927643,42.4628114,0 -122.7927649,42.4629196,0 -122.7927680,42.4634273,0 -122.7927596,42.4635539,0 -122.7926671,42.4644323,0 -122.7926438,42.4645249,0 -122.7926054,42.4646310,0 -122.7925528,42.4647307,0 </coordinates></LineString></Placemark><Placemark><name>Pine Street</name><ExtendedData><Data name="featureClass"><value>secondary</value></Data><Data name="osmType"><value>way</value></Data><Data name="osmId"><value>5161502</value></Data></ExtendedData><LineString><tessellate>1</tessellate><coordinates>-123.1683899,42.4460081,0 -123.1684517,42.4459064,0 -123.1687069,42.4454046,0 -123.1690353,42.4449116,0 -123.1693584,42.4444510,0 -123.1695683,42.4440805,0 -123.1697094,42.4437350,0 -123.1699776,42.4429073,0 -123.1701057,42.4424303,0 -123.1701321,42.4423268,0 -123.1701565,42.4421093,0 -123.1701626,42.4419458,0 -123.1701302,42.4404408,0 -123.1701217,42.4396479,0 -123.1701211,42.4394536,0 -123.1700980,42.4382170,0 -123.1700680,42.4373060,0 -123.1700490,42.4364310,0 -123.1700474,42.4361052,0 -123.1700472,42.4360612,0 -123.1700449,42.4355818,0 -123.1700425,42.4350842,0 -123.1700421,42.4350049,0 -123.1700428,42.4346787,0 -123.1700429,42.4346325,0 -123.1700430,42.4346000,0 -123.1700447,42.4342630,0 -123.1700450,42.4342000,0 -123.1700460,42.4339460,0 -123.1700620,42.4336120,0 -123.1700590,42.4334580,0 -123.1700510,42.4333580,0 -123.1700250,42.4332550,0 -123.1699840,42.4331670,0 -123.1699150,42.4330900,0 -123.1697420,42.4329780,0 -123.1695734,42.4328434,0 -123.1694840,42.4327720,0 </coordinates></LineString></Placemark><Placemark><name>Loto Street</name><ExtendedData><Data name="featureClass"><value>primary</value></Data><Data name="osmType"><value>way</value></Data><Data name="osmId"><value>5161684</value></Data></ExtendedData><LineString><tessellate>1</tessellate><coordinates>-122.8018919,42.4715676,0 -122.8020000,42.4716167,0 -122.8026083,42.4718321,0 -122.8027491,42.4718814,0 -122.8029442,42.4719497,0 -122.8039788,42.4723119,0 -122.8041343,42.4723663,0 -122.8042394,42.4724031,0 -122.8043424,42.4724393,0 -122.8049966,42.4726724,0 -122.8053147,42.4727848,0 -122.8055610,42.4728660,0 -122.8056451,42.4728886,0 -122.8057225,42.4728992,0 -122.8058011,42.4729024,0 -122.8059086,42.4728993,0 -122.8060121,42.4728847,0 -122.8064458,42.4727849,0 -122.8065821,42.4727535,0 </coordinates></LineString></Placemark><Placemark><name>Butte Falls Highway</name><ExtendedData><Data name="featureClass"><value>secondary</value></Data><Data name="osmType"><value>way</value></Data><Data name="osmId"><value>5161726</value></Data></ExtendedData><LineString><tessellate>1</tessellate><coordinates>-122.6693188,42.5782172,0 -122.6716649,42.5774964,0 -122.6718891,42.5774370,0 -122.6721530,42.5773770,0 -122.6723545,42.5773397,0 -122.6725537,42.5773057,0 -122.6727530,42.5772791,0 -122.6730446,42.5772515,0 -122.6733424,42.5772355,0 -122.6735677,42.5772289,0 -122.6739367,42.5772376,0 -122.6762721,42.5773255,0 -122.6766266,42.5773344,0 -122.6769811,42.5773333,0 -122.6772791,42.5773215,0 -122.6775616,42.5773082,0 -122.6786785,42.5772471,0 -122.6806246,42.5771386,0 -122.6808472,42.5771195,0 -122.6810505,42.5770938,0 -122.6811881,42.5770700,0 -122.6813686,42.5770341,0 -122.6815566,42.5769904,0 -122.6817766,42.5769331,0 -122.6838422,42.5763471,0 -122.6854922,42.5758796,0 -122.6864440,42.5756133,0 -122.6867005,42.5755486,0 -122.6869581,42.5754952,0 -122.6872224,42.5754484,0 -122.6874889,42.5754137,0 -122.6877924,42.5753875,0 -122.6880959,42.5753744,0 -122.6883994,42.5753717,0 -122.6887028,42.5753834,0 -122.6890155,42.5754095,0 -122.6893229,42.5754486,0 -122.6896247,42.5755007,0 -122.6899189,42.5755653,0 -122.6902132,42.5756452,0 -122.6906440,42.5757818,0 -122.6918368,42.5761989,0 -122.6930407,42.5766202,0 -122.6936015,42.5768165,0 -122.6943604,42.5770829,0 -122.6962287,42.5777349,0 -122.6969256,42.5779781,0 -122.6969894,42.5780004,0 -122.6984916,42.5785247,0 -122.6985348,42.5785396,0 -122.6990884,42.5787311,0 -122.6995590,42.5788880,0 -122.6997228,42.5789365,0 -122.6999039,42.5789828,0 -122.7001168,42.5790326,0 -122.7004028,42.5790864,0 -122.7006901,42.5791287,0 -122.7046896,42.5795864,0 -122.7049687,42.5796331,0 -122.7052218,42.5796887,0 -122.7054939,42.5797709,0 -122.7057928,42.5798853,0 -122.7063733,42.5801673,0 -122.7066374,42.5802796,0 -122.7069882,42.5803919,0 -122.7072902,42.5804641,0 -122.7075502,42.5805084,0 -122.7078240,42.5805429,0 -122.7080694,42.5805555,0 -122.7083370,42.5805560,0 -122.7085794,42.5805427,0 -122.7088217,42.5805222,0 -122.7090641,42.5804840,0 -122.7093000,42.5804363,0 -122.7095339,42.5803751,0 -122.7097596,42.5803018,0 -122.7099806,42.5802171,0 -122.7101905,42.5801202,0 -122.7110830,42.5796801,0 -122.7127389,42.5788610,0 -122.7129888,42.5787555,0 -122.7132542,42.5786646,0 -122.7135848,42.5785815,0 -122.7139154,42.5785221,0 -122.7142317,42.5784843,0 -122.7153798,42.5783979,0 -122.7157533,42.5783622,0 -122.7160850,42.5783080,0 -122.7163155,42.5782560,0 -122.7165256,42.5781988,0 -122.7167989,42.5781040,0 -122.7170590,42.5779930,0 -122.7184808,42.5773299,0 -122.7191264,42.5770287,0 -122.7194107,42.5768894,0 -122.7196440,42.5767477,0 -122.7198556,42.5765929,0 -122.7200348,42.5764458,0 -122.7213691,42.5752155,0 -122.7219781,42.5746671,0 -122.7222316,42.5744619,0 -122.7225859,42.5741949,0 -122.7236922,42.5733810,0 -122.7239322,42.5732034,0 -122.7241249,42.5730566,0 -122.7243075,42.5729011,0 -122.7244374,42.5727523,0 -122.7245450,42.5725880,0 -122.7246300,42.5724210,0 -122.7247912,42.5719893,0 -122.7248589,42.5717690,0 -122.7250070,42.5711563,0 -122.7250694,42.5709798,0 -122.7251733,42.5707978,0 -122.7252961,42.5706228,0 -122.7262193,42.5694270,0 -122.7263451,42.5692432,0 -122.7264491,42.5690709,0 -122.7265602,42.5688709,0 -122.7276119,42.5665955,0 -122.7277021,42.5663520,0 -122.7277684,42.5660938,0 -122.7278046,42.5658970,0 -122.7278456,42.5656412,0 -122.7278705,42.5654025,0 -122.7278925,42.5651059,0 -122.7278881,42.5647098,0 -122.7279071,42.5645067,0 -122.7279547,42.5643399,0 -122.7280400,42.5641730,0 -122.7282066,42.5639201,0 -122.7286737,42.5632735,0 -122.7291660,42.5625868,0 -122.7292680,42.5623907,0 -122.7293380,42.5621725,0 -122.7294820,42.5615071,0 -122.7295440,42.5613265,0 -122.7296154,42.5611854,0 -122.7297048,42.5610586,0 -122.7298059,42.5609448,0 -122.7299275,42.5608317,0 -122.7304204,42.5603971,0 -122.7312619,42.5596662,0 -122.7314522,42.5595221,0 -122.7316075,42.5594180,0 -122.7317284,42.5593438,0 -122.7323137,42.5590123,0 -122.7324765,42.5589030,0 -122.7327211,42.5587047,0 -122.7333231,42.5581845,0 -122.7334997,42.5580212,0 -122.7336041,42.5579060,0 -122.7337086,42.5577536,0 -122.7337854,42.5575867,0 -122.7338057,42.5575074,0 -122.7338311,42.5574085,0 -122.7338469,42.5572242,0 -122.7338255,42.5570486,0 -122.7337683,42.5568834,0 -122.7336786,42.5567005,0 -122.7328553,42.5552697,0 -122.7327700,42.5551070,0 -122.7327090,42.5549480,0 -122.7326678,42.5547478,0 -122.7326602,42.5545551,0 -122.7326794,42.5543705,0 -122.7327220,42.5542004,0 -122.7327946,42.5540418,0 -122.7329084,42.5538580,0 -122.7330419,42.5536797,0 -122.7342767,42.5521287,0 -122.7344251,42.5519880,0 -122.7346249,42.5518325,0 -122.7352533,42.5514338,0 -122.7354307,42.5512961,0 -122.7355734,42.5511645,0 -122.7356849,42.5510392,0 -122.7357846,42.5509005,0 -122.7358716,42.5507546,0 -122.7362967,42.5499795,0 -122.7363917,42.5498492,0 -122.7365255,42.5497011,0 -122.7366915,42.5495476,0 -122.7370377,42.5492655,0 -122.7371690,42.5491567,0 -122.7374897,42.5488915,0 -122.7376158,42.5487751,0 -122.7377282,42.5486691,0 -122.7378369,42.5485456,0 -122.7379239,42.5484356,0 -122.7381934,42.5480626,0 -122.7384694,42.5476742,0 -122.7386375,42.5474477,0 -122.7387768,42.5472859,0 -122.7389356,42.5471344,0 -122.7391046,42.5470033,0 -122.7392699,42.5468954,0 -122.7394559,42.5467932,0 -122.7396520,42.5466718,0 -122.7398300,42.5465408,0 -122.7399820,42.5463987,0 -122.7401463,42.5462284,0 -122.7402865,42.5460426,0 -122.7403880,42.5458563,0 -122.7404742,42.5456358,0 -122.7405121,42.5454603,0 -122.7405340,42.5452877,0 -122.7405291,42.5451649,0 -122.7405153,42.5450430,0 -122.7404966,42.5449211,0 -122.7404716,42.5448011,0 -122.7402840,42.5439974,0 -122.7396377,42.5412295,0 -122.7396072,42.5410525,0 -122.7395962,42.5408838,0 -122.7396075,42.5407092,0 -122.7396348,42.5405465,0 -122.7396911,42.5403804,0 -122.7397810,42.5401960,0 -122.7398980,42.5400318,0 -122.7400501,42.5398648,0 -122.7402241,42.5397096,0 -122.7404281,42.5395649,0 -122.7406511,42.5394396,0 -122.7408808,42.5393441,0 -122.7412215,42.5392417,0 -122.7415636,42.5391652,0 -122.7443155,42.5385874,0 -122.7448532,42.5384556,0 -122.7452120,42.5383518,0 -122.7462007,42.5380393,0 -122.7477290,42.5375710,0 -122.7480819,42.5374985,0 -122.7484330,42.5374664,0 -122.7486969,42.5374656,0 -122.7489539,42.5374786,0 -122.7496391,42.5375212,0 -122.7503243,42.5375714,0 -122.7505653,42.5375992,0 -122.7521155,42.5378425,0 -122.7528014,42.5379561,0 -122.7534849,42.5380789,0 -122.7538644,42.5381502,0 -122.7542449,42.5382174,0 -122.7544347,42.5382468,0 -122.7546333,42.5382743,0 -122.7548300,42.5382963,0 -122.7550230,42.5383138,0 -122.7575567,42.5385153,0 -122.7578166,42.5385361,0 -122.7580657,42.5385501,0 -122.7582245,42.5385542,0 -122.7583705,42.5385546,0 -122.7585678,42.5385510,0 -122.7587715,42.5385381,0 -122.7598049,42.5384632,0 -122.7599803,42.5384594,0 -122.7601853,42.5384674,0 -122.7603961,42.5384907,0 -122.7606386,42.5385379,0 -122.7609166,42.5386051,0 -122.7613807,42.5387298,0 -122.7617273,42.5388263,0 -122.7619608,42.5388787,0 -122.7621485,42.5389087,0 -122.7623456,42.5389270,0 -122.7625273,42.5389291,0 -122.7627712,42.5389150,0 -122.7646909,42.5386263,0 -122.7656688,42.5384758,0 -122.7659300,42.5384410,0 -122.7661531,42.5384251,0 -122.7664039,42.5384321,0 -122.7666476,42.5384631,0 -122.7669011,42.5385180,0 -122.7671242,42.5385833,0 -122.7673481,42.5386842,0 -122.7675494,42.5387917,0 -122.7681599,42.5391988,0 -122.7683879,42.5393197,0 -122.7685703,42.5393953,0 -122.7687504,42.5394566,0 -122.7689505,42.5395127,0 -122.7692038,42.5395642,0 -122.7694477,42.5395971,0 -122.7697050,42.5396127,0 -122.7699589,42.5396095,0 -122.7702252,42.5395854,0 -122.7704471,42.5395527,0 -122.7706575,42.5395076,0 -122.7717611,42.5391954,0 -122.7733015,42.5387596,0 -122.7735364,42.5387075,0 -122.7737761,42.5386844,0 -122.7740751,42.5386805,0 -122.7745991,42.5386925,0 -122.7748295,42.5386933,0 -122.7750728,42.5386835,0 -122.7753272,42.5386549,0 -122.7759349,42.5385603,0 -122.7762354,42.5385442,0 -122.7765020,42.5385643,0 -122.7767455,42.5386094,0 -122.7769338,42.5386615,0 -122.7771639,42.5387586,0 -122.7775535,42.5389444,0 -122.7779828,42.5391579,0 -122.7782617,42.5392836,0 -122.7785424,42.5393893,0 -122.7788550,42.5394810,0 -122.7791412,42.5395382,0 -122.7794273,42.5395752,0 -122.7797185,42.5395929,0 -122.7800097,42.5395903,0 -122.7802756,42.5395643,0 -122.7804942,42.5395324,0 -122.7811653,42.5393899,0 -122.7827033,42.5390633,0 -122.7829274,42.5389976,0 -122.7831458,42.5389097,0 -122.7833554,42.5387973,0 -122.7835107,42.5386947,0 -122.7836682,42.5385649,0 -122.7838245,42.5384020,0 -122.7844113,42.5377079,0 -122.7845620,42.5375432,0 -122.7846897,42.5374246,0 -122.7848564,42.5372859,0 -122.7849972,42.5371771,0 -122.7855627,42.5368181,0 -122.7864203,42.5362824,0 -122.7865696,42.5361800,0 -122.7867378,42.5360461,0 -122.7868620,42.5359212,0 -122.7869939,42.5357405,0 -122.7871236,42.5355316,0 -122.7873777,42.5350964,0 -122.7875971,42.5347421,0 -122.7876937,42.5346213,0 -122.7877968,42.5345148,0 -122.7879132,42.5344121,0 -122.7880421,42.5343168,0 -122.7881769,42.5342370,0 -122.7883191,42.5341627,0 -122.7885365,42.5340692,0 -122.7898518,42.5335901,0 -122.7904947,42.5333634,0 -122.7907796,42.5332911,0 -122.7910591,42.5332353,0 -122.7913478,42.5331969,0 -122.7916489,42.5331778,0 -122.7918022,42.5331715,0 -122.7920225,42.5331721,0 -122.7925486,42.5331763,0 -122.7926543,42.5331772,0 -122.7952722,42.5331881,0 -122.7955525,42.5331976,0 -122.7958233,42.5332151,0 -122.7960359,42.5332468,0 -122.7962413,42.5332845,0 -122.7964833,42.5333413,0 -122.7970849,42.5335291,0 -122.7983857,42.5339331,0 -122.8001273,42.5344740,0 -122.8003534,42.5345512,0 -122.8005695,42.5346359,0 -122.8016792,42.5351105,0 -122.8018378,42.5351778,0 -122.8020234,42.5352580,0 -122.8043804,42.5362758,0 -122.8044444,42.5363032,0 -122.8052567,42.5366510,0 -122.8054162,42.5367105,0 -122.8055889,42.5367657,0 -122.8057667,42.5368090,0 -122.8059474,42.5368448,0 -122.8061320,42.5368701,0 -122.8063050,42.5368819,0 -122.8065681,42.5368850,0 -122.8068204,42.5368704,0 -122.8080764,42.5367712,0 -122.8082793,42.5367598,0 -122.8086742,42.5367600,0 -122.8090530,42.5367869,0 -122.8093629,42.5368302,0 -122.8105845,42.5370010,0 -122.8121855,42.5372249,0 -122.8122950,42.5372403,0 </coordinates></LineString></Placemark><Placemark><name>Takelma Drive</name><ExtendedData><Data name="featureClass"><value>tertiary</value></Data><Data name="osmType"><value>way</value></Data><Data name="osmId"><value>5161757</value></Data></ExtendedData><LineString><tessellate>1</tessellate><coordinates>-122.6960770,42.6587503,0 -122.6959717,42.6588565,0 -122.6958944,42.6589189,0 -122.6958268,42.6589520,0 -122.6957367,42.6589819,0 -122.6956243,42.6590092,0 -122.6954169,42.6590225,0 -122.6951445,42.6590511,0 -122.6949391,42.6590789,0 -122.6948112,42.6590985,0 -122.6946104,42.6591383,0 -122.6942629,42.6592321,0 -122.6940717,42.6592766,0 -122.6938900,42.6593048,0 -122.6937306,42.6593165,0 -122.6935649,42.6593188,0 -122.6932589,42.6593118,0 -122.6927011,42.6592977,0 -122.6918118,42.6592719,0 -122.6915918,42.6592837,0 -122.6914070,42.6593118,0 -122.6912444,42.6593493,0 -122.6911296,42.6593938,0 -122.6910181,42.6594477,0 -122.6909129,42.6595204,0 -122.6907918,42.6596071,0 -122.6906706,42.6597196,0 -122.6902005,42.6601921,0 -122.6901575,42.6602353,0 -122.6896060,42.6607768,0 -122.6891789,42.6612479,0 -122.6890132,42.6614378,0 -122.6889430,42.6615386,0 -122.6888651,42.6616525,0 -122.6888109,42.6617486,0 -122.6887185,42.6619244,0 -122.6886675,42.6620275,0 -122.6885464,42.6622877,0 -122.6884061,42.6626158,0 -122.6882754,42.6629252,0 -122.6882650,42.6629573,0 -122.6881703,42.6632487,0 -122.6881120,42.6634505,0 -122.6880769,42.6636567,0 -122.6880578,42.6638138,0 -122.6880450,42.6639919,0 -122.6880355,42.6645755,0 -122.6880004,42.6653678,0 -122.6879749,42.6655904,0 -122.6879271,42.6658389,0 -122.6876746,42.6670213,0 -122.6874196,42.6682260,0 -122.6872729,42.6690322,0 -122.6872156,42.6693697,0 -122.6871518,42.6695525,0 -122.6870434,42.6697400,0 -122.6868713,42.6699603,0 -122.6866227,42.6701853,0 -122.6858322,42.6707946,0 -122.6852075,42.6712633,0 -122.6850672,42.6713899,0 -122.6849588,42.6715446,0 -122.6848887,42.6716993,0 -122.6848760,42.6718961,0 -122.6849078,42.6720742,0 -122.6849780,42.6722242,0 -122.6852330,42.6725054,0 -122.6853923,42.6727210,0 -122.6854306,42.6728570,0 -122.6854242,42.6730585,0 -122.6853605,42.6732366,0 -122.6852457,42.6734475,0 -122.6851118,42.6736022,0 -122.6849588,42.6736866,0 -122.6846783,42.6738366,0 -122.6835564,42.6743100,0 -122.6826065,42.6747271,0 -122.6821730,42.6748864,0 -122.6819499,42.6749568,0 -122.6816694,42.6750036,0 -122.6811657,42.6750271,0 -122.6805856,42.6750739,0 -122.6804390,42.6751114,0 -122.6801776,42.6752286,0 -122.6800246,42.6753598,0 -122.6798971,42.6754911,0 -122.6798461,42.6756223,0 -122.6798079,42.6759082,0 -122.6797951,42.6764378,0 -122.6797505,42.6765831,0 -122.6796549,42.6767237,0 -122.6794891,42.6768784,0 -122.6793298,42.6769862,0 -122.6791258,42.6770611,0 -122.6788771,42.6771127,0 -122.6785903,42.6771221,0 -122.6784309,42.6771174,0 -122.6782205,42.6770752,0 -122.6780420,42.6770190,0 -122.6777870,42.6769159,0 -122.6773408,42.6766440,0 -122.6771368,42.6765269,0 -122.6770348,42.6764706,0 -122.6769200,42.6764237,0 -122.6767352,42.6763769,0 -122.6765630,42.6763441,0 -122.6764292,42.6763347,0 -122.6762124,42.6763534,0 -122.6760148,42.6763909,0 -122.6758427,42.6764425,0 -122.6756706,42.6765222,0 -122.6755176,42.6766440,0 -122.6753901,42.6767753,0 -122.6753199,42.6769112,0 -122.6752753,42.6770611,0 -122.6752668,42.6771177,0 -122.6752498,42.6772299,0 -122.6752817,42.6773986,0 -122.6753582,42.6775720,0 -122.6754793,42.6777454,0 -122.6757534,42.6780594,0 -122.6763399,42.6787624,0 -122.6764228,42.6789452,0 -122.6764483,42.6791092,0 -122.6764419,42.6792686,0 -122.6764164,42.6794982,0 -122.6763932,42.6796247,0 </coordinates></LineString></Placemark><Placemark><name>Hannon Road</name><ExtendedData><Data name="featureClass"><value>tertiary</value></Data><Data name="osmType"><value>way</value></Data><Data name="osmId"><value>5162080</value></Data></ExtendedData><LineString><tessellate>1</tessellate><coordinates>-122.8151168,42.4682914,0 -122.8149198,42.4680478,0 -122.8147928,42.4678705,0 -122.8147148,42.4676968,0 -122.8146745,42.4675236,0 -122.8146595,42.4673907,0 -122.8146514,42.4670576,0 -122.8146550,42.4662032,0 -122.8146610,42.4660987,0 -122.8146771,42.4659627,0 -122.8147252,42.4657733,0 -122.8147994,42.4655935,0 -122.8148830,42.4654309,0 -122.8149966,42.4652664,0 -122.8150998,42.4651437,0 -122.8152225,42.4650228,0 -122.8153607,42.4649064,0 -122.8154471,42.4648453,0 -122.8155691,42.4647672,0 -122.8170038,42.4639512,0 -122.8171284,42.4638722,0 -122.8172240,42.4637878,0 -122.8172707,42.4637245,0 -122.8173105,42.4636478,0 -122.8173334,42.4635716,0 -122.8173464,42.4634541,0 -122.8173452,42.4633818,0 </coordinates></LineString></Placemark><Placemark><name>Minthorne Road</name><ExtendedData><Data name="featureClass"><value>tertiary</value></Data><Data name="osmType"><value>way</value></Data><Data name="osmId"><value>5162467</value></Data></ExtendedData><LineString><tessellate>1</tessellate><coordinates>-123.1655337,42.5198579,0 -123.1690828,42.5201778,0 -123.1710052,42.5203356,0 -123.1720046,42.5203522,0 -123.1721162,42.5203540,0 -123.1741335,42.5203356,0 -123.1761477,42.5203421,0 -123.1771516,42.5203491,0 -123.1779332,42.5203496,0 -123.1804600,42.5203453,0 -123.1844542,42.5203320,0 </coordinates></LineString></Placemark><Placemark><name>Crater Lake Highway</name><ExtendedData><Data name="featureClass"><value>primary</value></Data><Data name="osmType"><value>way</value></Data><Data name="ref"><value>OR 62</value></Data><Data name="osmId"><value>5162636</value></Data></ExtendedData><LineString><tessellate>1</tessellate><coordinates>-122.8114072,42.5391757,0 -122.8112821,42.5395947,0 -122.8111594,42.5400615,0 -122.8109176,42.5409816,0 -122.8108614,42.5411954,0 -122.8106850,42.5418661,0 -122.8105435,42.5424758,0 -122.8104674,42.5428699,0 -122.8104131,42.5432493,0 -122.8103743,42.5436314,0 -122.8102504,42.5455038,0 -122.8102116,42.5460906,0 -122.8101258,42.5473722,0 -122.8101088,42.5477849,0 -122.8100993,42.5482086,0 -122.8101008,42.5485429,0 -122.8101140,42.5489696,0 -122.8101300,42.5493426,0 -122.8102293,42.5513661,0 -122.8103088,42.5528620,0 -122.8103515,42.5535233,0 -122.8103899,42.5542461,0 -122.8104080,42.5545879,0 </coordinates></LineString></Placemark><Placemark><name>Beagle Road</name><ExtendedData><Data name="featureClass"><value>tertiary</value></Data><Data name="osmType"><value>way</value></Data><Data name="osmId"><value>5163008</value></Data></ExtendedData><LineString><tessellate>1</tessellate><coordinates>-122.8760241,42.5237601,0 -122.8760216,42.5245481,0 -122.8760339,42.5308201,0 -122.8760265,42.5327902,0 -122.8760263,42.5328698,0 -122.8760242,42.5337547,0 -122.8760274,42.5343588,0 -122.8760307,42.5344198,0 -122.8760373,42.5344783,0 -122.8760900,42.5345742,0 -122.8761527,42.5346196,0 -122.8762141,42.5346446,0 -122.8762836,42.5346593,0 -122.8763680,42.5346635,0 -122.8814468,42.5346580,0 -122.8856877,42.5346620,0 -122.8860297,42.5346621,0 -122.8878265,42.5346660,0 -122.8892778,42.5346736,0 -122.8917595,42.5346757,0 -122.8938449,42.5346906,0 -122.8956770,42.5346922,0 -122.9005728,42.5347136,0 -122.9006466,42.5347140,0 -122.9031623,42.5347316,0 -122.9056192,42.5347487,0 -122.9082263,42.5347733,0 -122.9095583,42.5347733,0 -122.9128385,42.5347518,0 -122.9137152,42.5347437,0 -122.9139281,42.5347417,0 -122.9146288,42.5347352,0 -122.9153087,42.5347289,0 -122.9154626,42.5347284,0 -122.9192637,42.5347157,0 -122.9202457,42.5347124,0 -122.9217153,42.5347190,0 -122.9225526,42.5347228,0 -122.9243532,42.5347149,0 -122.9251954,42.5347197,0 </coordinates></LineString></Placemark><Placemark><name>Old Highway 62</name><ExtendedData><Data name="featureClass"><value>tertiary</value></Data><Data name="osmType"><value>way</value></Data><Data name="osmId"><value>5163463</value></Data></ExtendedData><LineString><tessellate>1</tessellate><coordinates>-122.8120504,42.4691769,0 -122.8121111,42.4692064,0 -122.8122130,42.4692301,0 -122.8123115,42.4692548,0 </coordinates></LineString></Placemark><Placemark><name>Agate Road</name><ExtendedData><Data name="featureClass"><value>tertiary</value></Data><Data name="osmType"><value>way</value></Data><Data name="osmId"><value>5163579</value></Data></ExtendedData><LineString><tessellate>1</tessellate><coordinates>-122.8364050,42.5236560,0 -122.8364050,42.5235510,0 -122.8364180,42.5183640,0 -122.8364290,42.5144070,0 -122.8364550,42.5141060,0 -122.8364550,42.5141010,0 -122.8365130,42.5135446,0 -122.8365722,42.5133004,0 -122.8367131,42.5129682,0 -122.8368063,42.5128091,0 -122.8369876,42.5125366,0 -122.8371451,42.5123295,0 -122.8373366,42.5121289,0 -122.8374780,42.5119906,0 -122.8376591,42.5118359,0 -122.8378403,42.5117029,0 -122.8381003,42.5115315,0 -122.8385515,42.5112618,0 -122.8387984,42.5110839,0 -122.8389847,42.5109040,0 -122.8391179,42.5107614,0 -122.8392215,42.5106274,0 -122.8393409,42.5104487,0 -122.8394313,42.5102515,0 -122.8394894,42.5100733,0 -122.8395396,42.5098854,0 -122.8395694,42.5096586,0 -122.8395480,42.5093668,0 -122.8395110,42.5089920,0 -122.8394540,42.5080420,0 -122.8394780,42.5076830,0 -122.8395921,42.5067494,0 -122.8397736,42.5055184,0 -122.8401708,42.5029075,0 -122.8405924,42.5018334,0 -122.8413350,42.5006730,0 -122.8437464,42.4955068,0 -122.8447599,42.4932951,0 -122.8456864,42.4910092,0 -122.8469210,42.4883588,0 -122.8473276,42.4874594,0 -122.8473642,42.4873698,0 -122.8475930,42.4868100,0 -122.8489707,42.4837716,0 -122.8496270,42.4823120,0 -122.8497040,42.4821640,0 -122.8497790,42.4820310,0 -122.8498550,42.4819200,0 -122.8500350,42.4816870,0 -122.8507770,42.4811050,0 -122.8508650,42.4810270,0 -122.8509870,42.4808970,0 -122.8510970,42.4807420,0 -122.8511930,42.4805730,0 -122.8512214,42.4805051,0 -122.8512860,42.4803510,0 -122.8513150,42.4802570,0 -122.8513310,42.4801700,0 -122.8513460,42.4800500,0 -122.8513500,42.4799430,0 -122.8513540,42.4773110,0 -122.8513511,42.4768109,0 -122.8513490,42.4764370,0 -122.8513321,42.4735439,0 -122.8513240,42.4721470,0 -122.8513230,42.4707950,0 -122.8513300,42.4700350,0 -122.8513520,42.4698480,0 -122.8513770,42.4697230,0 -122.8514140,42.4696230,0 -122.8515089,42.4693750,0 -122.8515790,42.4692217,0 -122.8516490,42.4691046,0 -122.8517198,42.4690175,0 -122.8517949,42.4689265,0 -122.8518700,42.4688394,0 -122.8519612,42.4687484,0 -122.8521007,42.4686337,0 -122.8522294,42.4685387,0 -122.8523850,42.4684319,0 -122.8525620,42.4683290,0 -122.8527337,42.4682380,0 -122.8528839,42.4681707,0 -122.8531897,42.4680559,0 -122.8534740,42.4679214,0 -122.8536993,42.4677948,0 -122.8537959,42.4677275,0 -122.8540480,42.4675296,0 -122.8542523,42.4673177,0 -122.8545093,42.4669717,0 -122.8552080,42.4657000,0 -122.8554060,42.4653323,0 -122.8559310,42.4643340,0 -122.8559830,42.4642180,0 -122.8560580,42.4640200,0 -122.8560880,42.4639150,0 -122.8561470,42.4635850,0 -122.8561570,42.4634500,0 -122.8561730,42.4631050,0 -122.8561730,42.4628761,0 -122.8561731,42.4622521,0 -122.8561731,42.4620952,0 -122.8561382,42.4609238,0 -122.8561440,42.4562530,0 -122.8561565,42.4557021,0 </coordinates></LineString></Placemark><Placemark><name>North Royal Avenue</name><ExtendedData><Data name="featureClass"><value>primary</value></Data><Data name="osmType"><value>way</value></Data><Data name="osmId"><value>5163598</value></Data></ExtendedData><LineString><tessellate>1</tessellate><coordinates>-122.8009878,42.4722426,0 -122.8008818,42.4723190,0 -122.8006284,42.4725185,0 -122.8003769,42.4727166,0 -122.7996843,42.4732672,0 -122.7992866,42.4736073,0 -122.7989445,42.4739206,0 -122.7986329,42.4742146,0 -122.7984882,42.4743446,0 -122.7983335,42.4744660,0 -122.7982063,42.4745556,0 -122.7979793,42.4747090,0 -122.7977110,42.4748620,0 -122.7971159,42.4752064,0 -122.7963173,42.4756600,0 -122.7957394,42.4759817,0 -122.7954392,42.4761493,0 -122.7952931,42.4762308,0 </coordinates></LineString></Placemark><Placemark><name>Reese Creek Road</name><ExtendedData><Data name="featureClass"><value>tertiary</value></Data><Data name="osmType"><value>way</value></Data><Data name="osmId"><value>5163763</value></Data></ExtendedData><LineString><tessellate>1</tessellate><coordinates>-122.7921193,42.4818083,0 -122.7921227,42.4834268,0 -122.7921237,42.4838887,0 -122.7921251,42.4845727,0 -122.7921234,42.4851021,0 -122.7921162,42.4873064,0 -122.7921143,42.4873622,0 -122.7921065,42.4874574,0 -122.7920933,42.4875617,0 -122.7919481,42.4883148,0 -122.7919171,42.4885281,0 -122.7919051,42.4887474,0 -122.7919124,42.4889489,0 -122.7919242,42.4891444,0 -122.7919661,42.4895572,0 -122.7921021,42.4908983,0 -122.7921107,42.4910749,0 -122.7921784,42.4936468,0 -122.7921961,42.4937227,0 -122.7922235,42.4937798,0 -122.7922729,42.4938319,0 -122.7923443,42.4938789,0 -122.7924294,42.4939098,0 -122.7925235,42.4939253,0 -122.7926311,42.4939330,0 -122.7964973,42.4939241,0 -122.7966298,42.4939307,0 -122.7967452,42.4939495,0 -122.7968590,42.4939884,0 -122.7969576,42.4940440,0 -122.7970240,42.4941025,0 -122.7970733,42.4941701,0 -122.7971079,42.4942499,0 -122.7971226,42.4943368,0 -122.7971277,42.4944179,0 -122.7971300,42.4950440,0 -122.7971290,42.4956390,0 -122.7971340,42.4962902,0 -122.7971464,42.4994566,0 -122.7971827,42.5032528,0 -122.7972268,42.5056115,0 -122.7972953,42.5093008,0 -122.7974353,42.5146087,0 -122.7975424,42.5182505,0 -122.7975399,42.5184458,0 -122.7975299,42.5186786,0 -122.7974641,42.5194435,0 -122.7974469,42.5195683,0 -122.7974236,42.5196850,0 -122.7973826,42.5198104,0 -122.7960979,42.5230066,0 -122.7960188,42.5232626,0 -122.7959671,42.5235362,0 -122.7959373,42.5237919,0 -122.7959225,42.5239641,0 -122.7959241,42.5241475,0 -122.7959444,42.5243215,0 -122.7959793,42.5244928,0 -122.7961096,42.5249875,0 -122.7961550,42.5251727,0 -122.7961868,42.5253869,0 -122.7962098,42.5256000,0 -122.7963342,42.5274804,0 -122.7963876,42.5282872,0 -122.7964288,42.5289097,0 -122.7964726,42.5295718,0 -122.7964886,42.5298142,0 -122.7965068,42.5300891,0 -122.7965300,42.5304395,0 -122.7965546,42.5308120,0 -122.7965760,42.5311354,0 -122.7965942,42.5314110,0 -122.7965892,42.5316126,0 -122.7965610,42.5317836,0 -122.7965165,42.5319312,0 -122.7964518,42.5320565,0 -122.7963758,42.5321674,0 -122.7962674,42.5322841,0 -122.7961012,42.5324365,0 -122.7959245,42.5325877,0 -122.7957341,42.5327507,0 -122.7952935,42.5331279,0 -122.7952722,42.5331881,0 </coordinates></LineString></Placemark><Placemark><name>East Evans Creek Road</name><ExtendedData><Data name="featureClass"><value>secondary</value></Data><Data name="osmType"><value>way</value></Data><Data name="osmId"><value>5163801</value></Data></ExtendedData><LineString><tessellate>1</tessellate><coordinates>-123.1683899,42.4460081,0 -123.1683341,42.4461101,0 -123.1680916,42.4466119,0 -123.1679850,42.4468580,0 -123.1679280,42.4470400,0 -123.1678460,42.4473690,0 -123.1678090,42.4475700,0 -123.1677760,42.4479060,0 -123.1677500,42.4485770,0 -123.1677460,42.4489100,0 -123.1677880,42.4492100,0 -123.1678170,42.4493590,0 -123.1681390,42.4507310,0 -123.1683740,42.4516500,0 -123.1684390,42.4518560,0 -123.1690760,42.4531480,0 -123.1691410,42.4533080,0 -123.1692100,42.4535060,0 -123.1692450,42.4536320,0 -123.1692820,42.4538060,0 -123.1693580,42.4541276,0 -123.1694240,42.4545920,0 -123.1695020,42.4551040,0 -123.1696000,42.4558330,0 -123.1697535,42.4567640,0 -123.1698370,42.4572570,0 -123.1699410,42.4577520,0 -123.1699860,42.4580020,0 -123.1701120,42.4587420,0 -123.1701500,42.4590120,0 -123.1701580,42.4590700,0 -123.1701750,42.4593430,0 -123.1701620,42.4597650,0 -123.1701440,42.4599230,0 -123.1700920,42.4602680,0 -123.1700030,42.4605920,0 -123.1699010,42.4608850,0 -123.1697300,42.4612750,0 -123.1695590,42.4615690,0 -123.1693456,42.4619316,0 -123.1670794,42.4651205,0 -123.1668563,42.4654334,0 -123.1666350,42.4657490,0 -123.1665030,42.4659430,0 -123.1662157,42.4663256,0 -123.1660828,42.4665075,0 -123.1657738,42.4669690,0 -123.1654940,42.4673670,0 -123.1653676,42.4675947,0 -123.1652018,42.4679010,0 -123.1649200,42.4685420,0 -123.1645245,42.4695197,0 -123.1643889,42.4698202,0 -123.1643275,42.4700243,0 -123.1642378,42.4703153,0 -123.1642080,42.4704564,0 -123.1642040,42.4706673,0 -123.1642438,42.4709106,0 -123.1645730,42.4723010,0 -123.1646671,42.4729495,0 -123.1646563,42.4731901,0 -123.1646040,42.4736488,0 -123.1643809,42.4753799,0 -123.1642708,42.4762290,0 -123.1642456,42.4766183,0 -123.1641159,42.4776094,0 -123.1641050,42.4776926,0 -123.1641006,42.4777298,0 -123.1640797,42.4779087,0 -123.1640722,42.4780603,0 -123.1640730,42.4783351,0 -123.1640956,42.4785183,0 -123.1641376,42.4786870,0 -123.1642683,42.4790933,0 -123.1646036,42.4798832,0 -123.1647110,42.4801360,0 -123.1648425,42.4805428,0 -123.1649214,42.4808644,0 -123.1649513,42.4809845,0 -123.1650111,42.4812673,0 -123.1650784,42.4815856,0 -123.1651137,42.4817527,0 -123.1651348,42.4818966,0 -123.1651513,42.4820091,0 -123.1651730,42.4822351,0 -123.1651793,42.4825531,0 -123.1651668,42.4827603,0 -123.1651550,42.4829610,0 -123.1651420,42.4830730,0 -123.1650730,42.4836770,0 -123.1650517,42.4839337,0 -123.1650486,42.4843882,0 -123.1650719,42.4846637,0 -123.1651839,42.4852042,0 -123.1653200,42.4858936,0 -123.1654402,42.4864363,0 -123.1654900,42.4866610,0 -123.1657395,42.4879377,0 -123.1660283,42.4893061,0 -123.1664523,42.4913813,0 -123.1667700,42.4929230,0 -123.1668947,42.4935839,0 -123.1670420,42.4943443,0 -123.1671550,42.4949201,0 -123.1673268,42.4957522,0 -123.1675273,42.4967260,0 -123.1676588,42.4974003,0 -123.1677047,42.4976266,0 -123.1677280,42.4977397,0 -123.1679040,42.4986125,0 -123.1680597,42.4993513,0 -123.1681447,42.4997901,0 -123.1683530,42.5008230,0 -123.1683674,42.5009194,0 -123.1684043,42.5011672,0 -123.1684184,42.5014150,0 -123.1684230,42.5016181,0 -123.1684180,42.5019694,0 -123.1684057,42.5020895,0 -123.1684013,42.5021314,0 -123.1683969,42.5021825,0 -123.1683803,42.5023753,0 -123.1683074,42.5031956,0 -123.1682894,42.5034347,0 -123.1682220,42.5041955,0 -123.1681707,42.5048032,0 -123.1680767,42.5057992,0 -123.1680551,42.5061542,0 -123.1679817,42.5070554,0 -123.1678857,42.5082201,0 -123.1678261,42.5089994,0 -123.1677981,42.5094096,0 -123.1677651,42.5096751,0 -123.1675581,42.5106201,0 -123.1673664,42.5114985,0 -123.1671636,42.5123806,0 -123.1669871,42.5131843,0 -123.1666854,42.5145685,0 -123.1666497,42.5147677,0 -123.1664564,42.5155814,0 -123.1664114,42.5158036,0 -123.1661691,42.5169334,0 -123.1658607,42.5183829,0 -123.1655337,42.5198579,0 -123.1654399,42.5203168,0 -123.1651389,42.5216546,0 -123.1648744,42.5228862,0 -123.1643946,42.5250176,0 -123.1640684,42.5265357,0 -123.1640196,42.5266475,0 -123.1639464,42.5267759,0 -123.1638502,42.5268993,0 -123.1637516,42.5269899,0 -123.1635958,42.5271056,0 -123.1634479,42.5271894,0 -123.1633192,42.5272478,0 -123.1632070,42.5272892,0 -123.1629599,42.5273709,0 -123.1626325,42.5274595,0 -123.1624345,42.5275276,0 -123.1622892,42.5275949,0 -123.1620119,42.5277417,0 -123.1611336,42.5284443,0 -123.1607198,42.5288117,0 -123.1606089,42.5289313,0 -123.1604994,42.5290841,0 -123.1604604,42.5291489,0 </coordinates></LineString></Placemark><Placemark><name>Tresham Lane</name><ExtendedData><Data name="featureClass"><value>tertiary</value></Data><Data name="osmType"><value>way</value></Data><Data name="osmId"><value>5163915</value></Data></ExtendedData><LineString><tessellate>1</tessellate><coordinates>-122.9348580,42.4765840,0 -122.9353833,42.4765750,0 -122.9360690,42.4765670,0 -122.9372998,42.4765612,0 -122.9380716,42.4765576,0 -122.9382000,42.4765570,0 -122.9391446,42.4765589,0 -122.9422310,42.4765650,0 -122.9429000,42.4765611,0 -122.9447890,42.4765500,0 -122.9457261,42.4765520,0 -122.9459006,42.4765520,0 -122.9472280,42.4765550,0 -122.9490634,42.4765540,0 -122.9525685,42.4765516,0 -122.9533750,42.4765510,0 -122.9545090,42.4765500,0 -122.9593732,42.4765451,0 -122.9635970,42.4765370,0 -122.9640150,42.4765390,0 -122.9640890,42.4765420,0 -122.9642340,42.4765480,0 -122.9644290,42.4765870,0 -122.9645110,42.4766180,0 -122.9645850,42.4766450,0 -122.9647950,42.4767410,0 </coordinates></LineString></Placemark><Placemark><name>West Evans Creek Road</name><ExtendedData><Data name="featureClass"><value>tertiary</value></Data><Data name="osmType"><value>way</value></Data><Data name="ref"><value>BLM 34-3-24</value></Data><Data name="osmId"><value>5164256</value></Data></ExtendedData><LineString><tessellate>1</tessellate><coordinates>-123.0128129,42.5952070,0 -123.0130492,42.5954053,0 -123.0133219,42.5956157,0 -123.0135181,42.5957608,0 -123.0136695,42.5958511,0 -123.0141338,42.5960729,0 -123.0148568,42.5964277,0 -123.0149738,42.5965164,0 -123.0150127,42.5965816,0 -123.0150127,42.5966521,0 -123.0149844,42.5967538,0 -123.0149348,42.5968242,0 -123.0148001,42.5969495,0 -123.0141090,42.5974060,0 -123.0137794,42.5976617,0 -123.0136695,42.5977739,0 -123.0135667,42.5979226,0 -123.0134923,42.5980896,0 -123.0134533,42.5982748,0 -123.0134533,42.5984235,0 -123.0134888,42.5985227,0 -123.0135703,42.5986688,0 -123.0136837,42.5987966,0 -123.0138573,42.5989323,0 -123.0141515,42.5991175,0 -123.0146335,42.5994384,0 -123.0160016,42.6004010,0 -123.0167600,42.6009306,0 -123.0170294,42.6011550,0 -123.0173023,42.6013741,0 -123.0175787,42.6015254,0 -123.0178126,42.6016193,0 -123.0180394,42.6016741,0 -123.0182060,42.6016924,0 -123.0183726,42.6016924,0 -123.0185675,42.6016767,0 -123.0187554,42.6016428,0 -123.0189219,42.6016011,0 -123.0190956,42.6015359,0 -123.0192586,42.6014733,0 -123.0195209,42.6013428,0 -123.0197194,42.6012306,0 -123.0198576,42.6011732,0 -123.0200844,42.6011211,0 -123.0202439,42.6011002,0 -123.0205203,42.6010950,0 -123.0207401,42.6010767,0 -123.0209137,42.6010532,0 -123.0211796,42.6010115,0 -123.0213745,42.6009645,0 -123.0215730,42.6009045,0 -123.0218069,42.6008106,0 -123.0221542,42.6005967,0 -123.0223739,42.6004897,0 -123.0225122,42.6004454,0 -123.0226575,42.6004245,0 -123.0228311,42.6004141,0 -123.0229977,42.6004271,0 -123.0232316,42.6004715,0 -123.0235187,42.6005863,0 -123.0240290,42.6008602,0 -123.0247308,42.6012385,0 -123.0251419,42.6014759,0 -123.0254715,42.6016976,0 -123.0256664,42.6018776,0 -123.0258224,42.6020759,0 -123.0259252,42.6022402,0 -123.0260138,42.6024307,0 -123.0261803,42.6028350,0 -123.0263576,42.6031533,0 -123.0266942,42.6034663,0 -123.0270456,42.6037139,0 -123.0275919,42.6040312,0 -123.0278525,42.6041898,0 -123.0280781,42.6043521,0 -123.0281984,42.6044776,0 -123.0283537,42.6046879,0 -123.0284891,42.6047911,0 -123.0286645,42.6048834,0 -123.0288800,42.6049424,0 -123.0290555,42.6049535,0 -123.0292058,42.6049498,0 -123.0292988,42.6049372,0 -123.0293963,42.6049240,0 -123.0296970,42.6048502,0 -123.0299977,42.6047395,0 -123.0306944,42.6044665,0 -123.0309250,42.6044001,0 -123.0310854,42.6043743,0 -123.0313210,42.6043743,0 -123.0315315,42.6043890,0 -123.0317119,42.6044185,0 -123.0318623,42.6044628,0 -123.0320227,42.6045329,0 -123.0321931,42.6046362,0 -123.0326213,42.6049532,0 -123.0329872,42.6051782,0 -123.0332729,42.6053037,0 -123.0336037,42.6054143,0 -123.0339696,42.6054770,0 -123.0345911,42.6055508,0 -123.0349971,42.6056025,0 -123.0353580,42.6056873,0 -123.0357639,42.6058312,0 -123.0369117,42.6064104,0 -123.0374781,42.6066981,0 -123.0376736,42.6068199,0 -123.0378640,42.6069859,0 -123.0379994,42.6071703,0 -123.0381698,42.6075392,0 -123.0383903,42.6080852,0 -123.0385607,42.6084283,0 -123.0386911,42.6086017,0 -123.0388314,42.6087308,0 -123.0390469,42.6089041,0 -123.0392775,42.6090517,0 -123.0397336,42.6092472,0 -123.0403000,42.6094575,0 -123.0406207,42.6096087,0 -123.0408112,42.6097341,0 -123.0410317,42.6099149,0 -123.0411470,42.6100846,0 -123.0412423,42.6103723,0 -123.0412423,42.6106453,0 -123.0411921,42.6108371,0 -123.0410718,42.6110695,0 -123.0409014,42.6113277,0 -123.0407060,42.6116413,0 -123.0405857,42.6118958,0 -123.0405406,42.6120913,0 -123.0405756,42.6122573,0 -123.0406358,42.6123864,0 -123.0407511,42.6125745,0 -123.0409816,42.6128549,0 -123.0412064,42.6130906,0 -123.0413826,42.6132754,0 -123.0416633,42.6135041,0 -123.0420880,42.6137802,0 -123.0423786,42.6140358,0 -123.0426125,42.6143018,0 -123.0428058,42.6146832,0 -123.0429060,42.6149229,0 -123.0429561,42.6151664,0 -123.0429712,42.6155684,0 -123.0430263,42.6164131,0 -123.0431065,42.6173573,0 -123.0431516,42.6178553,0 -123.0431967,42.6181024,0 -123.0432870,42.6183200,0 -123.0434624,42.6185966,0 -123.0439185,42.6192237,0 -123.0440338,42.6194486,0 -123.0440844,42.6195742,0 -123.0441290,42.6196847,0 -123.0441691,42.6199650,0 -123.0441290,42.6201494,0 -123.0441091,42.6202035,0 -123.0440638,42.6203265,0 -123.0438082,42.6207506,0 -123.0435025,42.6211932,0 -123.0430464,42.6218165,0 -123.0425602,42.6223845,0 -123.0422506,42.6226784,0 -123.0418033,42.6230631,0 -123.0414364,42.6233362,0 -123.0412558,42.6234839,0 -123.0410500,42.6236828,0 -123.0409210,42.6238431,0 -123.0408040,42.6240479,0 -123.0407596,42.6242023,0 -123.0407314,42.6244279,0 -123.0407314,42.6248019,0 -123.0407031,42.6250007,0 -123.0406547,42.6251521,0 -123.0405417,42.6253213,0 -123.0403360,42.6255588,0 -123.0399447,42.6259180,0 -123.0393425,42.6264094,0 -123.0387891,42.6267662,0 -123.0383213,42.6269971,0 -123.0377223,42.6273539,0 -123.0373400,42.6276226,0 -123.0372488,42.6277401,0 -123.0372259,42.6278576,0 -123.0372431,42.6280046,0 -123.0373457,42.6281431,0 -123.0377109,42.6284873,0 -123.0378763,42.6286930,0 -123.0379505,42.6288357,0 -123.0379733,42.6290498,0 -123.0379391,42.6292051,0 -123.0378364,42.6295577,0 -123.0377793,42.6298221,0 -123.0377907,42.6299984,0 -123.0378307,42.6301033,0 -123.0378991,42.6301873,0 -123.0382300,42.6304853,0 -123.0383156,42.6305986,0 -123.0383784,42.6308127,0 -123.0383784,42.6310100,0 -123.0382985,42.6313500,0 -123.0381730,42.6319040,0 -123.0380532,42.6324917,0 -123.0380247,42.6327645,0 -123.0380418,42.6329701,0 -123.0381616,42.6332136,0 -123.0383270,42.6334025,0 -123.0386294,42.6336249,0 -123.0388291,42.6337257,0 -123.0390116,42.6337844,0 -123.0391885,42.6338222,0 -123.0393482,42.6338348,0 -123.0395879,42.6338264,0 -123.0399929,42.6338096,0 -123.0401298,42.6338222,0 -123.0402611,42.6338558,0 -123.0404379,42.6339649,0 -123.0408487,42.6343552,0 -123.0412081,42.6348001,0 -123.0415846,42.6354171,0 -123.0418071,42.6359250,0 -123.0419555,42.6362188,0 -123.0421780,42.6366427,0 -123.0424803,42.6370582,0 -123.0427884,42.6373855,0 -123.0429881,42.6377255,0 -123.0430794,42.6380025,0 -123.0431079,42.6382333,0 -123.0430908,42.6384516,0 -123.0429881,42.6387034,0 -123.0426116,42.6393707,0 -123.0422407,42.6400716,0 -123.0421380,42.6403192,0 -123.0420696,42.6406549,0 -123.0420182,42.6411585,0 -123.0419783,42.6418258,0 -123.0419041,42.6423923,0 -123.0418927,42.6430176,0 -123.0419098,42.6432904,0 -123.0419612,42.6436094,0 -123.0420182,42.6441633,0 -123.0421038,42.6445956,0 -123.0421542,42.6447617,0 -123.0422569,42.6448960,0 -123.0424908,42.6450932,0 -123.0427703,42.6452485,0 -123.0434949,42.6455380,0 -123.0444020,42.6459073,0 -123.0447101,42.6460542,0 -123.0448527,42.6462011,0 -123.0448983,42.6463563,0 -123.0449154,42.6465158,0 -123.0448812,42.6467088,0 -123.0448185,42.6468683,0 -123.0446929,42.6470193,0 -123.0444647,42.6471536,0 -123.0433979,42.6476572,0 -123.0430385,42.6478586,0 -123.0426220,42.6481356,0 -123.0425821,42.6481817,0 -123.0425522,42.6482494,0 -123.0425307,42.6484209,0 -123.0425878,42.6487105,0 -123.0426905,42.6490042,0 -123.0427671,42.6492350,0 -123.0428052,42.6493083,0 -123.0430172,42.6497157,0 -123.0431059,42.6498700,0 -123.0432350,42.6500124,0 -123.0435093,42.6502498,0 -123.0436586,42.6503477,0 -123.0438886,42.6504813,0 -123.0442490,42.6506265,0 -123.0446362,42.6507333,0 -123.0449590,42.6507689,0 -123.0452413,42.6507570,0 -123.0454592,42.6507155,0 -123.0456851,42.6506146,0 -123.0458465,42.6505018,0 -123.0459675,42.6503357,0 -123.0461289,42.6499322,0 -123.0463467,42.6495524,0 -123.0464839,42.6494040,0 -123.0466614,42.6493150,0 -123.0469034,42.6492260,0 -123.0471132,42.6491785,0 -123.0474198,42.6491785,0 -123.0476699,42.6492378,0 -123.0479361,42.6493269,0 -123.0483315,42.6495761,0 -123.0491867,42.6501399,0 -123.0493804,42.6503179,0 -123.0495901,42.6506087,0 -123.0497676,42.6509647,0 -123.0498887,42.6513920,0 -123.0500339,42.6520210,0 -123.0501791,42.6526322,0 -123.0502598,42.6528161,0 -123.0503970,42.6529942,0 -123.0505422,42.6531247,0 -123.0507035,42.6532078,0 -123.0509214,42.6532849,0 -123.0511312,42.6533146,0 -123.0514136,42.6533205,0 -123.0519815,42.6533034,0 -123.0525881,42.6532747,0 -123.0529704,42.6532369,0 -123.0535808,42.6531656,0 -123.0539174,42.6531362,0 -123.0541000,42.6531530,0 -123.0542940,42.6532159,0 -123.0545906,42.6533796,0 -123.0547732,42.6535348,0 -123.0552752,42.6540341,0 -123.0559541,42.6548271,0 -123.0562565,42.6552215,0 -123.0563763,42.6553432,0 -123.0565361,42.6554355,0 -123.0568099,42.6555404,0 -123.0575687,42.6557166,0 -123.0592289,42.6560775,0 -123.0598279,42.6561824,0 -123.0601360,42.6562033,0 -123.0605239,42.6561991,0 -123.0609861,42.6561656,0 -123.0617049,42.6560397,0 -123.0621926,42.6559588,0 -123.0635762,42.6557292,0 -123.0648401,42.6555394,0 -123.0651063,42.6554771,0 -123.0653484,42.6554029,0 -123.0656065,42.6553080,0 -123.0659777,42.6551270,0 -123.0667038,42.6547028,0 -123.0673654,42.6542904,0 -123.0683175,42.6537118,0 -123.0694551,42.6530383,0 -123.0696084,42.6529701,0 -123.0697214,42.6529315,0 -123.0697859,42.6529167,0 -123.0698911,42.6529035,0 -123.0699755,42.6529137,0 -123.0700602,42.6529315,0 -123.0701167,42.6529523,0 -123.0702216,42.6530057,0 -123.0703224,42.6531006,0 -123.0704112,42.6532104,0 -123.0705806,42.6534952,0 -123.0706290,42.6535724,0 -123.0707258,42.6536614,0 -123.0709074,42.6537682,0 -123.0710647,42.6538275,0 -123.0712866,42.6538928,0 -123.0714883,42.6539343,0 -123.0716053,42.6539432,0 -123.0717182,42.6539343,0 -123.0718514,42.6539136,0 -123.0720006,42.6538720,0 -123.0721499,42.6537919,0 -123.0725372,42.6535842,0 -123.0727268,42.6535041,0 -123.0729043,42.6534566,0 -123.0730576,42.6534359,0 -123.0731625,42.6534210,0 -123.0732956,42.6534210,0 -123.0734892,42.6534477,0 -123.0736344,42.6534952,0 -123.0737635,42.6535605,0 -123.0738926,42.6536436,0 -123.0742033,42.6539136,0 -123.0746147,42.6542518,0 -123.0747116,42.6543141,0 -123.0749052,42.6544120,0 -123.0751835,42.6545218,0 -123.0755022,42.6546108,0 -123.0758658,42.6547172,0 -123.0767501,42.6549521,0 -123.0769041,42.6550025,0 -123.0771152,42.6550990,0 -123.0780737,42.6556151,0 -123.0789123,42.6560724,0 -123.0798765,42.6566262,0 -123.0807037,42.6570626,0 -123.0812400,42.6573689,0 -123.0818277,42.6576668,0 -123.0821871,42.6578178,0 -123.0824438,42.6579059,0 -123.0826492,42.6579646,0 -123.0829287,42.6580192,0 -123.0831249,42.6580516,0 -123.0832083,42.6580653,0 -123.0841268,42.6581954,0 -123.0843949,42.6582206,0 -123.0846517,42.6582290,0 -123.0848970,42.6582122,0 -123.0851423,42.6581786,0 -123.0853990,42.6581199,0 -123.0856558,42.6580318,0 -123.0858555,42.6579479,0 -123.0861350,42.6578178,0 -123.0864031,42.6576542,0 -123.0866827,42.6574570,0 -123.0869394,42.6572262,0 -123.0870231,42.6571507,0 -123.0871484,42.6570379,0 -123.0877737,42.6564594,0 -123.0880198,42.6562814,0 -123.0882376,42.6561864,0 -123.0883869,42.6561063,0 -123.0885079,42.6559936,0 -123.0886491,42.6558542,0 -123.0887661,42.6557770,0 -123.0888629,42.6557384,0 -123.0889678,42.6557266,0 -123.0891049,42.6557384,0 -123.0894317,42.6558126,0 -123.0899037,42.6559076,0 -123.0900812,42.6559194,0 -123.0902748,42.6559165,0 -123.0906460,42.6558690,0 -123.0907162,42.6558635,0 -123.0908938,42.6558510,0 -123.0910350,42.6558512,0 -123.0912006,42.6558646,0 -123.0913277,42.6558957,0 -123.0914948,42.6559556,0 -123.0916425,42.6560287,0 -123.0917478,42.6560916,0 -123.0918533,42.6561635,0 -123.0919413,42.6562409,0 -123.0920392,42.6563756,0 -123.0921120,42.6565241,0 -123.0921341,42.6566663,0 -123.0921230,42.6569549,0 -123.0921341,42.6570728,0 -123.0921673,42.6572069,0 -123.0923607,42.6575280,0 -123.0926205,42.6578695,0 -123.0927973,42.6580402,0 -123.0929466,42.6581784,0 -123.0931566,42.6583166,0 -123.0936319,42.6585767,0 -123.0938530,42.6587149,0 -123.0942343,42.6589466,0 -123.0943946,42.6590685,0 -123.0944720,42.6591661,0 -123.0945107,42.6592921,0 -123.0945107,42.6594424,0 -123.0944499,42.6598326,0 -123.0944333,42.6600115,0 -123.0944444,42.6602635,0 -123.0944941,42.6605155,0 -123.0945549,42.6607146,0 -123.0946489,42.6609016,0 -123.0947539,42.6610723,0 -123.0948589,42.6612064,0 -123.0949750,42.6613324,0 -123.0950966,42.6614422,0 -123.0952734,42.6615682,0 -123.0954888,42.6617075,0 -123.0956353,42.6617831,0 -123.0957115,42.6618224,0 -123.0959538,42.6619259,0 -123.0962001,42.6620035,0 -123.0964385,42.6620638,0 -123.0965225,42.6620771,0 -123.0967120,42.6621069,0 -123.0969895,42.6621299,0 -123.0973618,42.6621633,0 -123.0975923,42.6622093,0 -123.0983779,42.6623932,0 -123.0986547,42.6624496,0 -123.0988859,42.6624966,0 -123.0992338,42.6625656,0 -123.0994604,42.6626174,0 -123.0996402,42.6626720,0 -123.0997731,42.6627323,0 -123.0998786,42.6628013,0 -123.0999880,42.6629162,0 -123.1000545,42.6630168,0 -123.1001795,42.6632783,0 -123.1002903,42.6636127,0 -123.1004659,42.6641849,0 -123.1005267,42.6643150,0 -123.1006483,42.6644287,0 -123.1008638,42.6645385,0 -123.1014939,42.6647579,0 -123.1016155,42.6648474,0 -123.1017647,42.6650709,0 -123.1020245,42.6654285,0 -123.1023561,42.6657618,0 -123.1032349,42.6665136,0 -123.1043900,42.6674687,0 -123.1053407,42.6682733,0 -123.1059708,42.6688179,0 -123.1064295,42.6692934,0 -123.1066506,42.6695697,0 -123.1069269,42.6700411,0 -123.1076289,42.6711709,0 -123.1083584,42.6724509,0 -123.1086071,42.6729467,0 -123.1087177,42.6732108,0 -123.1088061,42.6735440,0 -123.1090327,42.6743689,0 -123.1093533,42.6756774,0 -123.1094638,42.6761081,0 -123.1096130,42.6765063,0 -123.1099060,42.6772459,0 -123.1100497,42.6774815,0 -123.1102100,42.6776725,0 -123.1104089,42.6778391,0 -123.1106853,42.6780341,0 -123.1109064,42.6781804,0 -123.1110556,42.6783145,0 -123.1111385,42.6784283,0 -123.1112269,42.6786111,0 -123.1112546,42.6787940,0 -123.1112380,42.6789728,0 -123.1112141,42.6791715,0 -123.1112076,42.6792653,0 -123.1112103,42.6793628,0 -123.1112166,42.6794111,0 -123.1112297,42.6795132,0 -123.1112656,42.6796371,0 -123.1113120,42.6797470,0 -123.1114115,42.6799990,0 -123.1114391,42.6800762,0 -123.1114557,42.6802427,0 -123.1114502,42.6803321,0 -123.1114391,42.6803971,0 -123.1113894,42.6805048,0 -123.1111987,42.6806998,0 -123.1109832,42.6808928,0 -123.1107238,42.6811155,0 -123.1101960,42.6815541,0 -123.1100670,42.6816891,0 -123.1099888,42.6817925,0 -123.1099419,42.6819075,0 -123.1099263,42.6820425,0 -123.1098911,42.6823729,0 -123.1098560,42.6824821,0 -123.1097856,42.6825912,0 -123.1095746,42.6828728,0 -123.1094930,42.6829858,0 -123.1090626,42.6835824,0 -123.1088906,42.6839013,0 -123.1088203,42.6840679,0 -123.1085702,42.6847000,0 -123.1083122,42.6852199,0 -123.1081598,42.6855676,0 -123.1080777,42.6857801,0 -123.1080347,42.6859209,0 -123.1080205,42.6860114,0 -123.1079996,42.6861450,0 -123.1079370,42.6865874,0 -123.1078282,42.6872898,0 -123.1076569,42.6885289,0 -123.1076425,42.6886315,0 -123.1075353,42.6893943,0 -123.1075243,42.6895730,0 -123.1075298,42.6896502,0 -123.1075519,42.6897355,0 -123.1076182,42.6898696,0 -123.1077951,42.6902555,0 -123.1078324,42.6904220,0 -123.1078478,42.6906080,0 -123.1078087,42.6907947,0 -123.1077384,42.6909987,0 -123.1075195,42.6916479,0 -123.1073788,42.6920903,0 -123.1072538,42.6924580,0 -123.1072069,42.6926447,0 -123.1071873,42.6928084,0 -123.1071912,42.6929233,0 -123.1072069,42.6931129,0 -123.1072616,42.6934576,0 -123.1073046,42.6938195,0 -123.1072929,42.6939315,0 -123.1072577,42.6940522,0 -123.1071756,42.6941987,0 -123.1070427,42.6944227,0 -123.1070036,42.6945319,0 -123.1069997,42.6946123,0 -123.1070232,42.6948134,0 -123.1070154,42.6949570,0 -123.1069763,42.6951868,0 -123.1069802,42.6953419,0 -123.1070154,42.6954711,0 -123.1071639,42.6957785,0 -123.1073358,42.6960801,0 -123.1073984,42.6962438,0 -123.1074257,42.6964650,0 -123.1074179,42.6967637,0 -123.1073827,42.6969676,0 -123.1073397,42.6970940,0 -123.1072616,42.6972434,0 -123.1071717,42.6973956,0 -123.1069958,42.6976398,0 -123.1067027,42.6980160,0 -123.1066119,42.6981563,0 -123.1062767,42.6986738,0 -123.1061958,42.6988228,0 -123.1061138,42.6990640,0 -123.1060903,42.6992622,0 -123.1060864,42.6995063,0 -123.1061177,42.6997562,0 -123.1062310,42.7002244,0 -123.1064733,42.7010056,0 -123.1065671,42.7012210,0 -123.1067000,42.7014221,0 -123.1069032,42.7016174,0 -123.1072706,42.7019563,0 -123.1080483,42.7027174,0 -123.1084000,42.7030994,0 -123.1084938,42.7032602,0 -123.1085446,42.7034354,0 -123.1085759,42.7037025,0 -123.1085642,42.7040012,0 -123.1085329,42.7041448,0 -123.1084782,42.7042683,0 -123.1083570,42.7044779,0 -123.1081968,42.7046933,0 -123.1078881,42.7050264,0 -123.1075129,42.7054027,0 -123.1072549,42.7057186,0 -123.1071182,42.7059569,0 -123.1068954,42.7063877,0 -123.1067547,42.7067582,0 -123.1063483,42.7078552,0 -123.1060200,42.7088374,0 -123.1059535,42.7090872,0 -123.1059184,42.7092538,0 -123.1058832,42.7095697,0 -123.1058441,42.7102330,0 -123.1058324,42.7108849,0 -123.1058050,42.7116057,0 -123.1057972,42.7121484,0 -123.1057659,42.7129956,0 -123.1058089,42.7138312,0 -123.1058519,42.7143251,0 -123.1058754,42.7147099,0 -123.1059374,42.7153257,0 -123.1059965,42.7159130,0 -123.1060864,42.7166567,0 -123.1061450,42.7173602,0 -123.1062545,42.7183996,0 -123.1062662,42.7188676,0 -123.1062733,42.7190229,0 -123.1062935,42.7194648,0 -123.1063092,42.7197434,0 -123.1063209,42.7198898,0 -123.1063600,42.7200563,0 -123.1064708,42.7204184,0 -123.1065802,42.7207457,0 -123.1066896,42.7209840,0 -123.1068811,42.7213113,0 -123.1069098,42.7213601,0 -123.1071781,42.7218167,0 -123.1074830,42.7222703,0 -123.1079949,42.7229163,0 -123.1082255,42.7232206,0 -123.1084053,42.7234848,0 -123.1084639,42.7236197,0 -123.1084842,42.7236817,0 -123.1085577,42.7239068,0 -123.1086007,42.7241681,0 -123.1085968,42.7243719,0 -123.1085812,42.7245155,0 -123.1085649,42.7246850,0 -123.1085180,42.7248429,0 -123.1084477,42.7250123,0 -123.1083344,42.7251960,0 -123.1082406,42.7253482,0 -123.1080960,42.7255176,0 -123.1079318,42.7256841,0 -123.1077599,42.7258305,0 -123.1074707,42.7260286,0 -123.1072948,42.7261291,0 -123.1067437,42.7264305,0 -123.1060911,42.7267751,0 -123.1054775,42.7271052,0 -123.1045825,42.7276105,0 -123.1041917,42.7278890,0 -123.1039377,42.7281043,0 -123.1037032,42.7283167,0 -123.1034687,42.7285923,0 -123.1032459,42.7289053,0 -123.1030427,42.7292526,0 -123.1029098,42.7295799,0 -123.1028551,42.7297780,0 -123.1027887,42.7301253,0 -123.1025542,42.7310181,0 -123.1024057,42.7315779,0 -123.1022220,42.7320372,0 -123.1020461,42.7323588,0 -123.1018038,42.7328095,0 -123.1015850,42.7331798,0 -123.1013778,42.7335817,0 -123.1012215,42.7338773,0 -123.1011199,42.7341242,0 -123.1010730,42.7343395,0 -123.1010691,42.7344801,0 -123.1010925,42.7346897,0 -123.1011238,42.7349107,0 -123.1011082,42.7350428,0 -123.1010261,42.7353729,0 -123.1009245,42.7356083,0 -123.1008346,42.7359125,0 -123.1007760,42.7362025,0 -123.1007291,42.7364953,0 -123.1006392,42.7370665,0 -123.1006118,42.7373535,0 -123.1006197,42.7376434,0 -123.1006353,42.7379850,0 -123.1006744,42.7382663,0 -123.1007643,42.7385792,0 -123.1008620,42.7388777,0 -123.1009753,42.7391705,0 -123.1011316,42.7395034,0 -123.1014325,42.7400632,0 -123.1016358,42.7404076,0 -123.1017296,42.7405769,0 -123.1017726,42.7406889,0 -123.1017882,42.7407836,0 -123.1017804,42.7408697,0 -123.1017491,42.7409558,0 -123.1017100,42.7410218,0 -123.1016709,42.7410591,0 -123.1015966,42.7411056,0 -123.1015654,42.7411252,0 -123.1014169,42.7411740,0 -123.1012958,42.7411854,0 -123.1011629,42.7411768,0 -123.1010144,42.7411309,0 -123.1009206,42.7410764,0 -123.1008190,42.7409759,0 -123.1006744,42.7407520,0 -123.1005337,42.7405827,0 -123.1004242,42.7404793,0 -123.1001898,42.7403272,0 -123.1000452,42.7402009,0 -123.0999279,42.7400775,0 -123.0997090,42.7396929,0 -123.0995527,42.7394145,0 -123.0994667,42.7393226,0 -123.0993651,42.7392652,0 -123.0992401,42.7392394,0 -123.0990994,42.7392509,0 -123.0990017,42.7392824,0 -123.0989118,42.7393599,0 -123.0988649,42.7394661,0 -123.0988063,42.7396584,0 -123.0988063,42.7398766,0 -123.0988532,42.7401923,0 -123.0989313,42.7404420,0 -123.0990290,42.7406401,0 -123.0991736,42.7408152,0 -123.0993495,42.7409730,0 -123.0996074,42.7411682,0 -123.0996895,42.7412486,0 -123.0997364,42.7413117,0 -123.0997520,42.7413806,0 -123.0997388,42.7414938,0 -123.0997057,42.7415851,0 -123.0996394,42.7416602,0 -123.0995786,42.7416988,0 -123.0994929,42.7417292,0 -123.0993796,42.7417495,0 -123.0992691,42.7417495,0 -123.0991005,42.7417292,0 -123.0989374,42.7416785,0 -123.0985478,42.7415120,0 -123.0983101,42.7414370,0 -123.0980310,42.7413882,0 -123.0977215,42.7413578,0 -123.0975087,42.7413558,0 -123.0972959,42.7413801,0 -123.0970914,42.7414288,0 -123.0968399,42.7415039,0 -123.0966686,42.7415770,0 -123.0964890,42.7416643,0 -123.0963536,42.7417576,0 -123.0961850,42.7418814,0 -123.0960643,42.7419494,0 -123.0960054,42.7419829,0 -123.0958092,42.7420763,0 -123.0955273,42.7421676,0 -123.0948337,42.7423482,0 -123.0941925,42.7425370,0 -123.0937421,42.7427014,0 -123.0934298,42.7428313,0 -123.0930844,42.7430038,0 -123.0926090,42.7432737,0 -123.0917938,42.7438338,0 -123.0914926,42.7440408,0 -123.0913406,42.7441261,0 -123.0911610,42.7442133,0 -123.0909399,42.7443067,0 -123.0906995,42.7444061,0 -123.0904618,42.7444772,0 -123.0902601,42.7445239,0 -123.0899561,42.7445888,0 -123.0897046,42.7446233,0 -123.0894531,42.7446395,0 -123.0891547,42.7446558,0 -123.0889530,42.7446497,0 -123.0886655,42.7446274,0 -123.0884085,42.7445949,0 -123.0880106,42.7445320,0 -123.0877340,42.7444699,0 -123.0875767,42.7444346,0 -123.0870904,42.7443006,0 -123.0869004,42.7442495,0 -123.0868499,42.7442357,0 -123.0866952,42.7442012,0 -123.0866095,42.7441829,0 -123.0865432,42.7441768,0 -123.0864548,42.7441748,0 -123.0863923,42.7441804,0 </coordinates></LineString></Placemark><Placemark><name>South Royal Avenue</name><ExtendedData><Data name="featureClass"><value>tertiary</value></Data><Data name="osmType"><value>way</value></Data><Data name="osmId"><value>5164990</value></Data></ExtendedData><LineString><tessellate>1</tessellate><coordinates>-122.8120301,42.4662282,0 -122.8113030,42.4662240,0 -122.8106960,42.4662270,0 -122.8105640,42.4662340,0 -122.8104590,42.4662620,0 -122.8103830,42.4662900,0 -122.8102940,42.4663330,0 -122.8101780,42.4664040,0 -122.8099874,42.4665371,0 -122.8093382,42.4669996,0 -122.8091515,42.4671222,0 -122.8089820,42.4672336,0 -122.8088076,42.4673416,0 -122.8086497,42.4674393,0 -122.8082990,42.4676550,0 -122.8077699,42.4680036,0 -122.8076272,42.4680992,0 -122.8068575,42.4686144,0 -122.8061026,42.4691289,0 -122.8059290,42.4692440,0 -122.8052481,42.4697035,0 -122.8047708,42.4700230,0 -122.8045691,42.4701427,0 -122.8044460,42.4702045,0 -122.8043233,42.4702547,0 -122.8042624,42.4702748,0 -122.8041160,42.4703161,0 -122.8037128,42.4703906,0 -122.8035450,42.4704284,0 -122.8033819,42.4704888,0 -122.8032362,42.4705670,0 -122.8028617,42.4708416,0 -122.8023785,42.4712092,0 -122.8020701,42.4714341,0 -122.8020114,42.4714795,0 -122.8018919,42.4715676,0 </coordinates></LineString></Placemark><Placemark><name>Brownsboro Meridian Road</name><ExtendedData><Data name="featureClass"><value>tertiary</value></Data><Data name="osmType"><value>way</value></Data><Data name="osmId"><value>5165548</value></Data></ExtendedData><LineString><tessellate>1</tessellate><coordinates>-122.7576320,42.4531180,0 -122.7563740,42.4533010,0 -122.7527640,42.4539610,0 -122.7466428,42.4550235,0 -122.7464530,42.4550489,0 -122.7463123,42.4550545,0 -122.7462938,42.4550536,0 -122.7462302,42.4550502,0 -122.7460349,42.4550321,0 -122.7457470,42.4549530,0 -122.7454491,42.4548786,0 -122.7451894,42.4548316,0 -122.7442180,42.4546777,0 -122.7441593,42.4546683,0 -122.7438732,42.4546221,0 -122.7433140,42.4545320,0 -122.7432858,42.4545314,0 -122.7427582,42.4545369,0 -122.7424540,42.4545530,0 -122.7421932,42.4545826,0 -122.7420379,42.4546323,0 -122.7410340,42.4550190,0 -122.7404433,42.4552115,0 -122.7401429,42.4553739,0 -122.7399732,42.4554656,0 -122.7382756,42.4564514,0 -122.7379810,42.4567190,0 -122.7379750,42.4570110,0 -122.7381070,42.4574420,0 -122.7383090,42.4579580,0 -122.7382750,42.4582750,0 -122.7379920,42.4584850,0 -122.7378330,42.4585501,0 -122.7366503,42.4590340,0 -122.7337792,42.4602087,0 -122.7327362,42.4606113,0 -122.7324746,42.4607046,0 -122.7322580,42.4607547,0 -122.7320576,42.4607781,0 -122.7296678,42.4609309,0 -122.7294086,42.4609636,0 -122.7292220,42.4610402,0 -122.7290847,42.4611139,0 -122.7289922,42.4612139,0 -122.7288723,42.4615033,0 -122.7287903,42.4616444,0 -122.7286614,42.4617409,0 -122.7285096,42.4618178,0 -122.7283153,42.4618443,0 -122.7282888,42.4618479,0 -122.7280869,42.4618416,0 -122.7277152,42.4617742,0 -122.7271949,42.4617094,0 -122.7268978,42.4617190,0 -122.7265393,42.4617451,0 -122.7257179,42.4618050,0 -122.7255470,42.4618016,0 -122.7253459,42.4617627,0 -122.7252414,42.4617355,0 </coordinates></LineString></Placemark><Placemark><name>Elk Creek Road</name><ExtendedData><Data name="featureClass"><value>tertiary</value></Data><Data name="osmType"><value>way</value></Data><Data name="osmId"><value>5165612</value></Data></ExtendedData><LineString><tessellate>1</tessellate><coordinates>-122.7550869,42.6634779,0 -122.7551030,42.6635731,0 -122.7551126,42.6637028,0 -122.7551097,42.6637995,0 -122.7550730,42.6638575,0 -122.7549909,42.6639321,0 -122.7548442,42.6640113,0 -122.7543571,42.6642085,0 -122.7529665,42.6647113,0 -122.7519384,42.6651095,0 -122.7517411,42.6651737,0 -122.7515529,42.6652040,0 -122.7513143,42.6652243,0 -122.7510251,42.6652243,0 -122.7506350,42.6652040,0 -122.7496116,42.6651433,0 -122.7494213,42.6651264,0 -122.7492383,42.6651224,0 -122.7490350,42.6651323,0 -122.7488194,42.6651555,0 -122.7485560,42.6652112,0 -122.7484110,42.6652543,0 -122.7482525,42.6653080,0 -122.7480546,42.6653973,0 -122.7477655,42.6655323,0 -122.7472652,42.6658124,0 -122.7469210,42.6660453,0 -122.7467787,42.6661668,0 -122.7466456,42.6663254,0 -122.7465584,42.6664570,0 -122.7463841,42.6667641,0 -122.7459435,42.6676516,0 -122.7456360,42.6682860,0 -122.7455809,42.6684142,0 -122.7455075,42.6685897,0 -122.7454340,42.6688091,0 -122.7453698,42.6690048,0 -122.7453187,42.6691948,0 -122.7452635,42.6693914,0 -122.7451896,42.6696242,0 -122.7451539,42.6698174,0 -122.7451020,42.6703591,0 -122.7450176,42.6711155,0 -122.7449819,42.6714948,0 -122.7449728,42.6716947,0 -122.7449689,42.6717812,0 -122.7449689,42.6719625,0 -122.7449938,42.6723931,0 -122.7450305,42.6728858,0 -122.7450488,42.6733379,0 -122.7450557,42.6735252,0 -122.7450488,42.6736669,0 -122.7450329,42.6737816,0 -122.7450085,42.6739490,0 -122.7449707,42.6741890,0 -122.7449432,42.6744909,0 -122.7449292,42.6748107,0 -122.7448988,42.6750377,0 -122.7448969,42.6751757,0 -122.7449164,42.6753448,0 -122.7449412,42.6754705,0 -122.7450362,42.6756809,0 -122.7451196,42.6758933,0 -122.7452363,42.6761342,0 -122.7453083,42.6762822,0 -122.7453673,42.6764321,0 -122.7454023,42.6766035,0 -122.7454113,42.6767448,0 -122.7453909,42.6769236,0 -122.7453158,42.6773698,0 -122.7452909,42.6776703,0 -122.7452477,42.6779767,0 -122.7451937,42.6781960,0 -122.7451012,42.6784224,0 -122.7450053,42.6785696,0 -122.7448584,42.6787278,0 -122.7447045,42.6788682,0 -122.7442926,42.6792009,0 -122.7439386,42.6794065,0 -122.7436919,42.6796200,0 -122.7435649,42.6797738,0 -122.7434792,42.6800603,0 -122.7434758,42.6802007,0 -122.7434726,42.6802961,0 -122.7434791,42.6803987,0 -122.7435018,42.6804965,0 -122.7435440,42.6805967,0 -122.7435959,42.6806826,0 -122.7436673,42.6807875,0 -122.7437938,42.6809283,0 -122.7440535,42.6811764,0 -122.7443455,42.6814842,0 -122.7444526,42.6816082,0 -122.7445208,42.6817036,0 -122.7445727,42.6818014,0 -122.7446052,42.6818993,0 -122.7446279,42.6820114,0 -122.7446311,42.6821474,0 -122.7446182,42.6822674,0 -122.7445998,42.6823450,0 -122.7445746,42.6824277,0 -122.7445241,42.6825222,0 -122.7444645,42.6826048,0 -122.7443956,42.6826892,0 -122.7442763,42.6828056,0 -122.7439504,42.6831008,0 -122.7435466,42.6834702,0 -122.7431702,42.6838143,0 -122.7427503,42.6841939,0 -122.7426012,42.6843237,0 -122.7425140,42.6844131,0 -122.7424520,42.6844857,0 -122.7424084,42.6845464,0 -122.7423671,42.6846156,0 -122.7423304,42.6846948,0 -122.7422960,42.6847792,0 -122.7422501,42.6849259,0 -122.7421102,42.6854579,0 -122.7417824,42.6866077,0 -122.7416919,42.6869157,0 -122.7416071,42.6872041,0 -122.7414481,42.6877694,0 -122.7413248,42.6881988,0 -122.7411896,42.6886451,0 -122.7411425,42.6887703,0 -122.7410987,42.6888670,0 -122.7410452,42.6889695,0 -122.7409770,42.6890745,0 -122.7409040,42.6891651,0 -122.7408148,42.6892546,0 -122.7407288,42.6893321,0 -122.7406200,42.6894227,0 -122.7405097,42.6894979,0 -122.7403896,42.6895718,0 -122.7402615,42.6896362,0 -122.7401430,42.6896899,0 -122.7400181,42.6897388,0 -122.7396708,42.6898569,0 -122.7390266,42.6900775,0 -122.7381732,42.6903578,0 -122.7374627,42.6905888,0 -122.7368374,42.6907929,0 -122.7361639,42.6910180,0 -122.7355558,42.6912179,0 -122.7353252,42.6912921,0 -122.7350223,42.6913798,0 -122.7348858,42.6914135,0 -122.7347573,42.6914431,0 -122.7346047,42.6914743,0 -122.7340092,42.6915965,0 -122.7335491,42.6916918,0 -122.7333896,42.6917264,0 -122.7333093,42.6917458,0 -122.7332164,42.6917720,0 -122.7331567,42.6917922,0 -122.7330753,42.6918251,0 -122.7330225,42.6918487,0 -122.7329387,42.6918925,0 -122.7328664,42.6919339,0 -122.7327987,42.6919786,0 -122.7327138,42.6920418,0 -122.7326439,42.6921051,0 -122.7325911,42.6921607,0 -122.7325325,42.6922335,0 -122.7324838,42.6923110,0 -122.7324384,42.6923909,0 -122.7323978,42.6924863,0 -122.7323719,42.6925817,0 -122.7323605,42.6926712,0 -122.7323573,42.6927642,0 -122.7323654,42.6928489,0 -122.7323832,42.6929359,0 -122.7324092,42.6930027,0 -122.7324676,42.6931244,0 -122.7325390,42.6932329,0 -122.7326574,42.6933891,0 -122.7327921,42.6935621,0 -122.7330696,42.6939067,0 -122.7335661,42.6945293,0 -122.7338890,42.6949335,0 -122.7343466,42.6955096,0 -122.7348285,42.6961154,0 -122.7352601,42.6966592,0 -122.7354061,42.6968440,0 -122.7356885,42.6971982,0 -122.7359692,42.6975512,0 -122.7363051,42.6979638,0 -122.7366548,42.6984178,0 -122.7367781,42.6985919,0 -122.7368430,42.6987254,0 -122.7368917,42.6988566,0 -122.7369241,42.6989568,0 -122.7369371,42.6990760,0 -122.7369436,42.6992120,0 -122.7369274,42.6993837,0 -122.7368982,42.6995125,0 -122.7368625,42.6996079,0 -122.7368138,42.6997057,0 -122.7367619,42.6998106,0 -122.7366710,42.6999513,0 -122.7365834,42.7000563,0 -122.7364925,42.7001421,0 -122.7363951,42.7002327,0 -122.7362816,42.7003186,0 -122.7361615,42.7003973,0 -122.7360479,42.7004641,0 -122.7358986,42.7005356,0 -122.7357526,42.7005929,0 -122.7356131,42.7006358,0 -122.7354670,42.7006740,0 -122.7352820,42.7007121,0 -122.7350938,42.7007383,0 -122.7348926,42.7007550,0 -122.7347531,42.7007550,0 -122.7345811,42.7007455,0 -122.7344123,42.7007225,0 -122.7342371,42.7006954,0 -122.7340943,42.7006596,0 -122.7339742,42.7006286,0 -122.7338606,42.7005905,0 -122.7337308,42.7005404,0 -122.7336237,42.7004903,0 -122.7334094,42.7003727,0 -122.7326476,42.6999174,0 -122.7325007,42.6998128,0 -122.7324365,42.6997488,0 -122.7323768,42.6996813,0 -122.7323217,42.6995801,0 -122.7322850,42.6994756,0 -122.7322529,42.6993305,0 -122.7322116,42.6992125,0 -122.7321473,42.6990843,0 -122.7320739,42.6989966,0 -122.7319867,42.6989123,0 -122.7318949,42.6988415,0 -122.7317710,42.6987706,0 -122.7316379,42.6987099,0 -122.7315415,42.6986728,0 -122.7314038,42.6986323,0 -122.7312432,42.6986121,0 -122.7310872,42.6986054,0 -122.7309449,42.6986087,0 -122.7308439,42.6986222,0 -122.7307108,42.6986458,0 -122.7305823,42.6986863,0 -122.7304538,42.6987403,0 -122.7303207,42.6988111,0 -122.7301050,42.6989595,0 -122.7295497,42.6993541,0 -122.7294442,42.6994418,0 -122.7292881,42.6995767,0 -122.7291413,42.6997454,0 -122.7287626,42.7002071,0 -122.7287374,42.7002378,0 -122.7282784,42.7007977,0 -122.7281545,42.7009360,0 -122.7280719,42.7010136,0 -122.7278975,42.7011485,0 -122.7278011,42.7012193,0 -122.7276543,42.7012969,0 -122.7273238,42.7014520,0 -122.7270852,42.7015600,0 -122.7264716,42.7018320,0 -122.7262639,42.7019322,0 -122.7261146,42.7020180,0 -122.7259978,42.7021015,0 -122.7259167,42.7021826,0 -122.7258550,42.7022661,0 -122.7258128,42.7023424,0 -122.7257674,42.7024425,0 -122.7257252,42.7026095,0 -122.7256149,42.7031604,0 -122.7254461,42.7038830,0 -122.7253877,42.7042145,0 -122.7253715,42.7043433,0 -122.7253715,42.7044577,0 -122.7253780,42.7045865,0 -122.7254072,42.7046914,0 -122.7254364,42.7047892,0 -122.7254851,42.7049108,0 -122.7255370,42.7050015,0 -122.7255954,42.7051064,0 -122.7256895,42.7052304,0 -122.7259816,42.7055953,0 -122.7267150,42.7064871,0 -122.7269681,42.7068091,0 -122.7270460,42.7069355,0 -122.7271109,42.7070976,0 -122.7271498,42.7072407,0 -122.7271693,42.7073504,0 -122.7271823,42.7074768,0 -122.7271791,42.7076127,0 -122.7271563,42.7077415,0 -122.7271304,42.7078393,0 -122.7270979,42.7079323,0 -122.7270492,42.7080372,0 -122.7269876,42.7081349,0 -122.7269357,42.7082351,0 -122.7267929,42.7084235,0 -122.7267117,42.7085391,0 -122.7266193,42.7086906,0 -122.7265608,42.7087955,0 -122.7265089,42.7088956,0 -122.7264505,42.7090363,0 -122.7264132,42.7091496,0 -122.7263824,42.7092712,0 -122.7263515,42.7094191,0 -122.7263385,42.7095192,0 -122.7263304,42.7096301,0 -122.7263272,42.7097613,0 -122.7263304,42.7098876,0 -122.7263613,42.7101130,0 -122.7263921,42.7103753,0 -122.7263986,42.7104909,0 -122.7263953,42.7105827,0 -122.7263888,42.7106519,0 -122.7263726,42.7107210,0 -122.7263548,42.7107699,0 -122.7263211,42.7108410,0 -122.7262775,42.7109118,0 -122.7262316,42.7109725,0 -122.7261559,42.7110619,0 -122.7260274,42.7111934,0 -122.7255914,42.7116115,0 -122.7251737,42.7120196,0 -122.7249695,42.7122152,0 -122.7248235,42.7123557,0 -122.7247409,42.7124467,0 -122.7246813,42.7125176,0 -122.7246400,42.7125783,0 -122.7245895,42.7126592,0 -122.7245482,42.7127249,0 -122.7245183,42.7127941,0 -122.7244793,42.7129104,0 -122.7244288,42.7130858,0 -122.7242522,42.7137366,0 -122.7241351,42.7141429,0 -122.7239791,42.7147195,0 -122.7238712,42.7150938,0 -122.7236555,42.7159014,0 -122.7235523,42.7162403,0 -122.7235247,42.7163212,0 -122.7235064,42.7163651,0 -122.7234605,42.7164409,0 -122.7234054,42.7165101,0 -122.7233366,42.7165826,0 -122.7232677,42.7166517,0 -122.7231874,42.7167090,0 -122.7230727,42.7167714,0 -122.7229202,42.7168445,0 -122.7224865,42.7170131,0 -122.7221560,42.7171430,0 -122.7219702,42.7172273,0 -122.7218485,42.7172998,0 -122.7217545,42.7173689,0 -122.7216741,42.7174464,0 -122.7216076,42.7175257,0 -122.7215594,42.7176032,0 -122.7215181,42.7176841,0 -122.7214929,42.7177634,0 -122.7214791,42.7178612,0 -122.7214745,42.7179758,0 -122.7214860,42.7180635,0 -122.7215250,42.7181849,0 -122.7215425,42.7182288,0 -122.7215891,42.7183153,0 -122.7216480,42.7183956,0 -122.7217161,42.7184647,0 -122.7218281,42.7185661,0 -122.7219482,42.7186531,0 -122.7223341,42.7189361,0 -122.7224695,42.7190524,0 -122.7225315,42.7191215,0 -122.7225751,42.7191771,0 -122.7226209,42.7192513,0 -122.7226554,42.7193373,0 -122.7226783,42.7194182,0 -122.7226944,42.7194890,0 -122.7227013,42.7195818,0 -122.7226852,42.7196897,0 -122.7226554,42.7198009,0 -122.7225636,42.7200369,0 -122.7223869,42.7204567,0 -122.7222240,42.7208478,0 -122.7221689,42.7209945,0 -122.7221459,42.7211125,0 -122.7221436,42.7212187,0 -122.7221505,42.7213351,0 -122.7221758,42.7214396,0 -122.7222171,42.7215340,0 -122.7222653,42.7216233,0 -122.7223433,42.7217279,0 -122.7224236,42.7218172,0 -122.7225383,42.7219200,0 -122.7226967,42.7220330,0 -122.7229514,42.7221965,0 -122.7230937,42.7223027,0 -122.7231809,42.7223820,0 -122.7232451,42.7224544,0 -122.7232979,42.7225252,0 -122.7233461,42.7226146,0 -122.7233851,42.7227006,0 -122.7234264,42.7228405,0 -122.7234402,42.7229164,0 -122.7234470,42.7230124,0 -122.7234379,42.7231119,0 -122.7234195,42.7232013,0 -122.7233920,42.7232973,0 -122.7233644,42.7233749,0 -122.7233208,42.7234558,0 -122.7232589,42.7235502,0 -122.7231763,42.7236547,0 -122.7229238,42.7239531,0 -122.7228550,42.7240441,0 -122.7227839,42.7241588,0 -122.7227426,42.7242549,0 -122.7227127,42.7243543,0 -122.7226990,42.7244656,0 -122.7226737,42.7247016,0 -122.7226255,42.7251584,0 -122.7226072,42.7252714,0 -122.7225705,42.7253944,0 -122.7225131,42.7255259,0 -122.7224511,42.7256254,0 -122.7223571,42.7257417,0 -122.7222469,42.7258361,0 -122.7220587,42.7259575,0 -122.7217627,42.7261378,0 -122.7215080,42.7263047,0 -122.7214025,42.7263873,0 -122.7213313,42.7264581,0 -122.7212349,42.7265761,0 -122.7211684,42.7266688,0 -122.7211248,42.7267683,0 -122.7210996,42.7268728,0 -122.7210835,42.7269722,0 -122.7210766,42.7270312,0 -122.7210743,42.7274206,0 -122.7210743,42.7280578,0 -122.7210789,42.7292040,0 -122.7210849,42.7294653,0 -122.7210927,42.7298024,0 -122.7210927,42.7299187,0 -122.7210766,42.7300064,0 -122.7210560,42.7300772,0 -122.7210307,42.7301463,0 -122.7209963,42.7302154,0 -122.7209274,42.7303267,0 -122.7208517,42.7304160,0 -122.7207301,42.7305340,0 -122.7205373,42.7306823,0 -122.7203629,42.7308172,0 -122.7197341,42.7312865,0 -122.7189585,42.7318781,0 -122.7184720,42.7322607,0 -122.7183366,42.7323922,0 -122.7182746,42.7324832,0 -122.7182196,42.7325894,0 -122.7181714,42.7327259,0 -122.7181599,42.7327883,0 -122.7181563,42.7329260,0 -122.7181838,42.7330372,0 -122.7182343,42.7331754,0 -122.7183215,42.7333035,0 -122.7184316,42.7334283,0 -122.7185693,42.7335227,0 -122.7189502,42.7337923,0 -122.7191017,42.7339272,0 -122.7191797,42.7340114,0 -122.7192669,42.7341395,0 -122.7193357,42.7343047,0 -122.7193724,42.7344800,0 -122.7193724,42.7346452,0 -122.7193587,42.7347362,0 -122.7193174,42.7348508,0 -122.7192577,42.7349688,0 -122.7191889,42.7350767,0 -122.7190833,42.7351913,0 -122.7189502,42.7353160,0 -122.7188493,42.7353902,0 -122.7187253,42.7354542,0 -122.7185372,42.7355351,0 -122.7183352,42.7356059,0 -122.7178396,42.7357475,0 -122.7176698,42.7358115,0 -122.7175275,42.7358823,0 -122.7173715,42.7359598,0 -122.7172017,42.7360812,0 -122.7169905,42.7362700,0 -122.7165414,42.7366829,0 -122.7163343,42.7368733,0 -122.7159166,42.7372441,0 -122.7157303,42.7374103,0 -122.7154771,42.7376439,0 -122.7153214,42.7377988,0 -122.7152208,42.7379108,0 -122.7150909,42.7380824,0 -122.7148313,42.7384590,0 -122.7146055,42.7388051,0 -122.7144159,42.7390954,0 -122.7139162,42.7398438,0 -122.7138740,42.7399010,0 -122.7136982,42.7401585,0 -122.7135684,42.7403253,0 -122.7134548,42.7404516,0 -122.7133802,42.7405255,0 -122.7132828,42.7406065,0 -122.7131401,42.7407138,0 -122.7130135,42.7407924,0 -122.7128934,42.7408616,0 -122.7127312,42.7409402,0 -122.7125137,42.7410308,0 -122.7123417,42.7410880,0 -122.7121665,42.7411380,0 -122.7117706,42.7412238,0 -122.7111864,42.7413501,0 -122.7103978,42.7415074,0 -122.7094470,42.7417053,0 -122.7092782,42.7417482,0 -122.7091192,42.7418030,0 -122.7089732,42.7418697,0 -122.7088462,42.7419503,0 -122.7087359,42.7420313,0 -122.7086255,42.7421386,0 -122.7085249,42.7422697,0 -122.7084600,42.7423841,0 -122.7083984,42.7425628,0 -122.7083594,42.7426915,0 -122.7083140,42.7429489,0 -122.7082945,42.7431539,0 -122.7083042,42.7432444,0 -122.7083497,42.7433684,0 -122.7084211,42.7435018,0 -122.7085184,42.7436234,0 -122.7086612,42.7437497,0 -122.7087943,42.7438307,0 -122.7089760,42.7439046,0 -122.7092810,42.7440166,0 -122.7094530,42.7441048,0 -122.7095439,42.7441787,0 -122.7096186,42.7442454,0 -122.7097127,42.7443670,0 -122.7097711,42.7444694,0 -122.7098035,42.7445672,0 -122.7098262,42.7446744,0 -122.7098295,42.7447769,0 -122.7098165,42.7448770,0 -122.7097873,42.7449890,0 -122.7097354,42.7450986,0 -122.7096932,42.7451725,0 -122.7096250,42.7452559,0 -122.7095374,42.7453489,0 -122.7093817,42.7454871,0 -122.7090766,42.7457635,0 -122.7090085,42.7458469,0 -122.7089533,42.7459161,0 -122.7089176,42.7459852,0 -122.7088819,42.7460686,0 -122.7088657,42.7461520,0 -122.7088592,42.7462497,0 -122.7088657,42.7463426,0 -122.7088884,42.7464284,0 -122.7089306,42.7465285,0 -122.7089728,42.7466048,0 -122.7090247,42.7466715,0 -122.7090896,42.7467359,0 -122.7092648,42.7469051,0 -122.7093589,42.7470195,0 -122.7094109,42.7471196,0 -122.7094433,42.7472006,0 -122.7094514,42.7472422,0 -122.7094693,42.7473340,0 -122.7094725,42.7474508,0 -122.7094660,42.7475271,0 -122.7094466,42.7475890,0 -122.7094066,42.7476916,0 -122.7093538,42.7477826,0 -122.7092437,42.7479376,0 -122.7087113,42.7485796,0 -122.7083832,42.7490043,0 -122.7083328,42.7490666,0 -122.7082661,42.7491492,0 -122.7081307,42.7492924,0 -122.7080229,42.7493885,0 -122.7079059,42.7494845,0 -122.7078233,42.7495418,0 -122.7076993,42.7496244,0 -122.7075227,42.7497255,0 -122.7068739,42.7500819,0 -122.7066824,42.7501773,0 -122.7065202,42.7502487,0 -122.7063904,42.7502940,0 -122.7062768,42.7503226,0 -122.7061178,42.7503536,0 -122.7060074,42.7503631,0 -122.7058581,42.7503631,0 -122.7056634,42.7503584,0 -122.7051966,42.7503324,0 -122.7050631,42.7503250,0 -122.7047093,42.7503034,0 -122.7039467,42.7502607,0 -122.7037293,42.7502487,0 -122.7035443,42.7502273,0 -122.7034048,42.7501963,0 -122.7032393,42.7501463,0 -122.7029731,42.7500319,0 -122.7022170,42.7496697,0 -122.7020255,42.7495910,0 -122.7018503,42.7495410,0 -122.7017529,42.7495243,0 -122.7016264,42.7495148,0 -122.7014933,42.7495124,0 -122.7013830,42.7495219,0 -122.7012402,42.7495434,0 -122.7011396,42.7495720,0 -122.7010358,42.7496077,0 -122.7009319,42.7496601,0 -122.7008086,42.7497340,0 -122.7006009,42.7498794,0 -122.7004062,42.7500295,0 -122.7000232,42.7503083,0 -122.6998545,42.7504465,0 -122.6997214,42.7505776,0 -122.6995559,42.7507635,0 -122.6993043,42.7510564,0 -122.6991957,42.7511829,0 -122.6990886,42.7513020,0 -122.6989621,42.7514379,0 -122.6988712,42.7515260,0 -122.6987349,42.7516476,0 -122.6986083,42.7517572,0 -122.6982871,42.7519931,0 -122.6977646,42.7523863,0 -122.6975147,42.7525698,0 -122.6974044,42.7526555,0 -122.6973103,42.7527366,0 -122.6971967,42.7528367,0 -122.6965963,42.7533537,0 -122.6959927,42.7538875,0 -122.6958726,42.7540043,0 -122.6957753,42.7541044,0 -122.6957006,42.7541878,0 -122.6956260,42.7542807,0 -122.6955643,42.7543760,0 -122.6955059,42.7544666,0 -122.6954702,42.7545452,0 -122.6954150,42.7546810,0 -122.6953678,42.7548111,0 -122.6953139,42.7549513,0 </coordinates></LineString></Placemark><Placemark><name>Forest Road 66</name><ExtendedData><Data name="featureClass"><value>tertiary</value></Data><Data name="osmType"><value>way</value></Data><Data name="ref"><value>NF 66</value></Data><Data name="osmId"><value>5166220</value></Data></ExtendedData><LineString><tessellate>1</tessellate><coordinates>-122.6287826,42.7886328,0 -122.6282401,42.7891123,0 -122.6281229,42.7892309,0 -122.6278354,42.7895702,0 -122.6272118,42.7904465,0 -122.6264953,42.7915468,0 -122.6264444,42.7916149,0 -122.6261901,42.7919557,0 -122.6260641,42.7920920,0 -122.6258661,42.7922443,0 -122.6257921,42.7923013,0 -122.6252945,42.7926226,0 -122.6251154,42.7927638,0 -122.6249562,42.7929293,0 -122.6246643,42.7933772,0 -122.6242264,42.7940539,0 -122.6239942,42.7943849,0 -122.6238018,42.7946283,0 -122.6236227,42.7948036,0 -122.6234104,42.7949593,0 -122.6230655,42.7952271,0 -122.6228067,42.7954267,0 -122.6227138,42.7955386,0 -122.6225414,42.7958210,0 -122.6223357,42.7962639,0 -122.6222760,42.7964879,0 -122.6222428,42.7967605,0 -122.6222495,42.7972521,0 -122.6222030,42.7975393,0 -122.6220969,42.7978606,0 -122.6219310,42.7981235,0 -122.6217254,42.7983425,0 -122.6214733,42.7985421,0 -122.6210819,42.7988098,0 -122.6200735,42.7994572,0 -122.6194101,42.7998369,0 -122.6193176,42.7998786,0 -122.6191513,42.7999537,0 -122.6185476,42.8001582,0 -122.6180634,42.8003139,0 -122.6175299,42.8004321,0 -122.6159443,42.8007832,0 -122.6156535,42.8008865,0 -122.6154658,42.8010173,0 -122.6153157,42.8012100,0 -122.6152594,42.8014303,0 -122.6153063,42.8016368,0 -122.6155034,42.8019466,0 -122.6158317,42.8023527,0 -122.6159068,42.8025041,0 -122.6158974,42.8026625,0 -122.6158599,42.8028070,0 -122.6156629,42.8030410,0 -122.6147810,42.8038602,0 -122.6144338,42.8042112,0 -122.6143400,42.8043386,0 -122.6143119,42.8044349,0 -122.6143119,42.8045967,0 -122.6143264,42.8046801,0 -122.6143822,42.8049994,0 -122.6144713,42.8052954,0 -122.6145276,42.8054158,0 -122.6146168,42.8055363,0 -122.6146965,42.8056154,0 -122.6148573,42.8056952,0 -122.6149780,42.8057290,0 -122.6151985,42.8057462,0 -122.6153324,42.8057363,0 -122.6154850,42.8057022,0 -122.6161086,42.8053810,0 -122.6164071,42.8052495,0 -122.6165863,42.8052009,0 -122.6167521,42.8052009,0 -122.6169578,42.8052447,0 -122.6171701,42.8053372,0 -122.6173293,42.8054637,0 -122.6174354,42.8056340,0 -122.6174487,42.8057849,0 -122.6174221,42.8059163,0 -122.6172497,42.8061986,0 -122.6162015,42.8079654,0 -122.6159361,42.8083693,0 -122.6158366,42.8084959,0 -122.6155978,42.8087490,0 -122.6146955,42.8096737,0 -122.6140786,42.8102869,0 -122.6135213,42.8108417,0 -122.6133621,42.8110364,0 -122.6132427,42.8112311,0 -122.6131365,42.8113771,0 -122.6129640,42.8115133,0 -122.6126854,42.8117031,0 -122.6125063,42.8118491,0 -122.6123670,42.8120195,0 -122.6122343,42.8122531,0 -122.6120552,42.8125305,0 -122.6119424,42.8126473,0 -122.6114846,42.8130317,0 -122.6113055,42.8132458,0 -122.6111463,42.8134989,0 -122.6110335,42.8137714,0 -122.6108411,42.8145647,0 -122.6107416,42.8149297,0 -122.6106819,42.8152946,0 -122.6106952,42.8154747,0 -122.6107615,42.8156596,0 -122.6109008,42.8158591,0 -122.6110932,42.8160343,0 -122.6113055,42.8161511,0 -122.6115178,42.8162290,0 -122.6118163,42.8162777,0 -122.6121082,42.8162874,0 -122.6123537,42.8162631,0 -122.6126323,42.8161949,0 -122.6128247,42.8160879,0 -122.6130835,42.8159029,0 -122.6138663,42.8152071,0 -122.6140985,42.8150319,0 -122.6143041,42.8149394,0 -122.6146159,42.8148372,0 -122.6147818,42.8148031,0 -122.6150140,42.8147837,0 -122.6152926,42.8147837,0 -122.6167587,42.8149345,0 -122.6182249,42.8150757,0 -122.6184637,42.8151292,0 -122.6186694,42.8152119,0 -122.6197706,42.8158591,0 -122.6201355,42.8161025,0 -122.6202615,42.8162241,0 -122.6203411,42.8163701,0 -122.6203610,42.8165696,0 -122.6203478,42.8167594,0 -122.6202416,42.8169443,0 -122.6197706,42.8177375,0 -122.6196711,42.8179955,0 -122.6196379,42.8181852,0 -122.6196844,42.8185259,0 -122.6198237,42.8190173,0 -122.6200691,42.8198300,0 -122.6202018,42.8202923,0 -122.6202615,42.8207205,0 -122.6203279,42.8215817,0 -122.6205136,42.8236935,0 -122.6205601,42.8238930,0 -122.6206330,42.8242190,0 -122.6206728,42.8243066,0 </coordinates></LineString></Placemark><Placemark><name>Arrowhead Trail</name><ExtendedData><Data name="featureClass"><value>tertiary</value></Data><Data name="osmType"><value>way</value></Data><Data name="osmId"><value>5166372</value></Data></ExtendedData><LineString><tessellate>1</tessellate><coordinates>-122.8049102,42.4643851,0 -122.8048444,42.4644065,0 -122.8047696,42.4644248,0 -122.8046917,42.4644397,0 -122.8046100,42.4644502,0 -122.8045179,42.4644531,0 -122.8038971,42.4644552,0 -122.8025481,42.4644597,0 -122.8012760,42.4644640,0 -122.8010938,42.4644717,0 -122.8009422,42.4644959,0 -122.8008184,42.4645282,0 -122.8007177,42.4645607,0 -122.8006163,42.4646138,0 -122.8005031,42.4646830,0 -122.8002917,42.4648521,0 -122.8001930,42.4649145,0 -122.8000780,42.4649661,0 -122.7999503,42.4650080,0 -122.7998025,42.4650349,0 -122.7996295,42.4650452,0 -122.7965704,42.4650497,0 -122.7956872,42.4650510,0 -122.7953519,42.4650515,0 -122.7941851,42.4650532,0 -122.7939142,42.4650536,0 -122.7938405,42.4650537,0 -122.7936383,42.4650540,0 -122.7934640,42.4650634,0 </coordinates></LineString></Placemark><Placemark><name>Tiller Trail Highway</name><ExtendedData><Data name="featureClass"><value>secondary</value></Data><Data name="osmType"><value>way</value></Data><Data name="osmId"><value>5166579</value></Data></ExtendedData><LineString><tessellate>1</tessellate><coordinates>-122.8083746,42.6476915,0 -122.8084998,42.6477742,0 -122.8095023,42.6483880,0 -122.8096326,42.6484975,0 -122.8098248,42.6487530,0 -122.8099944,42.6490804,0 -122.8102165,42.6494336,0 -122.8110432,42.6503219,0 -122.8112120,42.6504810,0 -122.8115365,42.6507433,0 -122.8118366,42.6509646,0 -122.8121689,42.6511782,0 -122.8126712,42.6514760,0 -122.8134768,42.6518492,0 -122.8182689,42.6536914,0 -122.8187072,42.6538890,0 -122.8191966,42.6541549,0 -122.8193981,42.6542820,0 -122.8198236,42.6545784,0 -122.8203396,42.6549938,0 -122.8208057,42.6554089,0 -122.8214871,42.6560912,0 -122.8220373,42.6566888,0 -122.8224788,42.6572252,0 -122.8229491,42.6578486,0 -122.8234066,42.6585179,0 -122.8237168,42.6590084,0 -122.8239152,42.6593637,0 -122.8241679,42.6598694,0 -122.8243278,42.6602411,0 -122.8243616,42.6603563,0 -122.8243950,42.6606340,0 -122.8244027,42.6613389,0 -122.8244294,42.6617530,0 -122.8245038,42.6620573,0 -122.8245550,42.6621984,0 -122.8248128,42.6626312,0 -122.8250348,42.6628735,0 -122.8253387,42.6631347,0 -122.8256682,42.6633464,0 -122.8258314,42.6634311,0 -122.8265175,42.6637370,0 -122.8296860,42.6650247,0 -122.8303877,42.6653103,0 -122.8322400,42.6660639,0 -122.8330742,42.6664328,0 -122.8335478,42.6666871,0 -122.8339157,42.6669176,0 -122.8344371,42.6673481,0 -122.8347794,42.6677009,0 -122.8348722,42.6678209,0 -122.8359818,42.6694092,0 -122.8362350,42.6697379,0 -122.8365581,42.6701143,0 -122.8370635,42.6706176,0 -122.8388015,42.6721611,0 -122.8393337,42.6726465,0 -122.8397088,42.6730285,0 -122.8400185,42.6734165,0 -122.8403149,42.6738705,0 -122.8404783,42.6741966,0 -122.8407041,42.6747918,0 -122.8408149,42.6752704,0 -122.8408568,42.6757666,0 -122.8408502,42.6759966,0 -122.8408035,42.6765319,0 -122.8405601,42.6778243,0 -122.8401166,42.6802412,0 -122.8398293,42.6816263,0 -122.8395516,42.6831268,0 -122.8395031,42.6836639,0 -122.8395186,42.6839745,0 -122.8395894,42.6844231,0 -122.8397534,42.6849219,0 -122.8398293,42.6850792,0 -122.8401248,42.6856028,0 -122.8409726,42.6869284,0 -122.8412530,42.6874596,0 -122.8413122,42.6876087,0 -122.8414148,42.6880443,0 -122.8414304,42.6883795,0 -122.8414148,42.6886191,0 -122.8413665,42.6889196,0 -122.8412180,42.6894751,0 -122.8408807,42.6905654,0 -122.8407585,42.6910999,0 -122.8407038,42.6915580,0 -122.8407324,42.6921767,0 -122.8410991,42.6937225,0 -122.8411550,42.6940556,0 -122.8411887,42.6944242,0 -122.8411584,42.6949433,0 -122.8411099,42.6952921,0 -122.8406540,42.6978390,0 -122.8405936,42.6981777,0 </coordinates></LineString></Placemark><Placemark><name>Crystal Drive</name><ExtendedData><Data name="featureClass"><value>tertiary</value></Data><Data name="osmType"><value>way</value></Data><Data name="osmId"><value>5166718</value></Data></ExtendedData><LineString><tessellate>1</tessellate><coordinates>-122.8053719,42.4800464,0 -122.8054832,42.4800437,0 -122.8063887,42.4800469,0 -122.8067228,42.4800498,0 -122.8068738,42.4800489,0 -122.8074092,42.4800490,0 -122.8075690,42.4800490,0 -122.8076790,42.4800431,0 -122.8078339,42.4800101,0 -122.8079472,42.4799659,0 -122.8080679,42.4798987,0 -122.8081806,42.4797998,0 -122.8082661,42.4797050,0 -122.8082952,42.4796186,0 -122.8083147,42.4795030,0 -122.8083140,42.4789460,0 -122.8083355,42.4788372,0 -122.8083731,42.4787407,0 -122.8084435,42.4786465,0 -122.8085408,42.4785648,0 -122.8087028,42.4784750,0 -122.8089027,42.4784192,0 -122.8091081,42.4784035,0 -122.8101662,42.4784145,0 -122.8102929,42.4784159,0 -122.8113851,42.4786274,0 -122.8116642,42.4786615,0 -122.8119259,42.4786686,0 </coordinates></LineString></Placemark><Placemark><name>Modoc Road</name><ExtendedData><Data name="featureClass"><value>tertiary</value></Data><Data name="osmType"><value>way</value></Data><Data name="osmId"><value>5166876</value></Data></ExtendedData><LineString><tessellate>1</tessellate><coordinates>-122.8989282,42.4510130,0 -122.8989160,42.4511007,0 -122.8989210,42.4511950,0 -122.8989020,42.4541070,0 -122.8989190,42.4549380,0 -122.8989160,42.4550240,0 -122.8989030,42.4551030,0 -122.8988740,42.4551800,0 -122.8988350,42.4552500,0 -122.8987320,42.4553400,0 -122.8986630,42.4553800,0 -122.8985780,42.4554200,0 -122.8984790,42.4554460,0 -122.8983730,42.4554620,0 -122.8982390,42.4554770,0 -122.8943230,42.4556930,0 -122.8939040,42.4557160,0 -122.8935670,42.4557470,0 -122.8934290,42.4557670,0 -122.8932830,42.4557990,0 -122.8929860,42.4558790,0 -122.8926340,42.4559960,0 -122.8908192,42.4566096,0 -122.8888990,42.4572350,0 -122.8886930,42.4573260,0 -122.8885200,42.4574200,0 -122.8884420,42.4574710,0 -122.8852020,42.4603570,0 -122.8847370,42.4607780,0 -122.8845220,42.4609900,0 -122.8841034,42.4613972,0 -122.8838837,42.4616580,0 -122.8836812,42.4619594,0 -122.8815785,42.4656410,0 -122.8815280,42.4657314,0 -122.8801947,42.4680203,0 -122.8792730,42.4696240,0 -122.8786590,42.4706644,0 -122.8774255,42.4728335,0 -122.8732010,42.4801500,0 -122.8719811,42.4821991,0 -122.8707039,42.4844591,0 -122.8697400,42.4861480,0 -122.8696760,42.4862600,0 -122.8694710,42.4868070,0 -122.8693345,42.4872466,0 -122.8693230,42.4873000,0 -122.8691770,42.4880650,0 -122.8690220,42.4897980,0 -122.8689170,42.4910140,0 -122.8687472,42.4931808,0 -122.8687387,42.4932895,0 -122.8685311,42.4959381,0 -122.8683026,42.4982704,0 -122.8681480,42.4998490,0 -122.8677282,42.5055726,0 -122.8675010,42.5074620,0 -122.8666180,42.5185470,0 </coordinates></LineString></Placemark><Placemark><name>Meadows Road</name><ExtendedData><Data name="featureClass"><value>secondary</value></Data><Data name="osmType"><value>way</value></Data><Data name="osmId"><value>5166945</value></Data></ExtendedData><LineString><tessellate>1</tessellate><coordinates>-122.9254977,42.4948394,0 -122.9254800,42.4982599,0 -122.9254580,42.5006970,0 -122.9254190,42.5056758,0 -122.9253790,42.5107788,0 -122.9253399,42.5157719,0 -122.9253321,42.5167733,0 -122.9253310,42.5169090,0 -122.9253239,42.5178229,0 -122.9253179,42.5185835,0 -122.9253059,42.5201213,0 -122.9253006,42.5237170,0 -122.9252744,42.5273386,0 -122.9252740,42.5273933,0 -122.9252390,42.5320174,0 -122.9252296,42.5335880,0 -122.9251954,42.5347197,0 -122.9252106,42.5359473,0 -122.9251924,42.5374837,0 -122.9251782,42.5392600,0 -122.9251692,42.5403384,0 -122.9251639,42.5409770,0 -122.9251550,42.5421310,0 -122.9251450,42.5434442,0 -122.9251592,42.5437060,0 -122.9251782,42.5439712,0 -122.9252018,42.5441771,0 -122.9252350,42.5444248,0 -122.9252966,42.5446970,0 -122.9253676,42.5449308,0 -122.9255002,42.5453705,0 -122.9258365,42.5463126,0 -122.9258848,42.5464453,0 -122.9262770,42.5475235,0 -122.9263650,42.5477582,0 -122.9264901,42.5480922,0 -122.9265564,42.5482423,0 -122.9266275,42.5483574,0 -122.9267454,42.5485154,0 -122.9268685,42.5486446,0 -122.9272001,42.5489900,0 -122.9283842,42.5501694,0 -122.9285926,42.5503787,0 -122.9287583,42.5505323,0 -122.9289525,42.5506858,0 -122.9292699,42.5509335,0 -122.9297909,42.5513243,0 -122.9305676,42.5519105,0 -122.9312260,42.5524269,0 -122.9313492,42.5525420,0 -122.9314191,42.5526284,0 -122.9315339,42.5528142,0 -122.9317065,42.5531444,0 -122.9318036,42.5533097,0 -122.9319242,42.5534503,0 -122.9320347,42.5535514,0 -122.9321419,42.5536279,0 -122.9322959,42.5537118,0 -122.9330194,42.5540350,0 -122.9339471,42.5544470,0 -122.9341983,42.5545778,0 -122.9343858,42.5546912,0 -122.9345265,42.5547949,0 -122.9346872,42.5549404,0 -122.9348346,42.5550934,0 -122.9349719,42.5552809,0 -122.9350925,42.5554980,0 -122.9351628,42.5556583,0 -122.9352097,42.5558532,0 -122.9352298,42.5560013,0 -122.9352298,42.5561271,0 -122.9352231,42.5563096,0 -122.9351729,42.5565662,0 -122.9350389,42.5572792,0 -122.9348045,42.5584732,0 -122.9347810,42.5586533,0 -122.9347743,42.5587766,0 -122.9347877,42.5588876,0 -122.9348112,42.5590060,0 -122.9348614,42.5591195,0 -122.9349083,42.5592083,0 -122.9349820,42.5592971,0 -122.9350891,42.5593958,0 -122.9351963,42.5594822,0 -122.9353571,42.5595858,0 -122.9362580,42.5600989,0 -122.9375742,42.5608537,0 -122.9388234,42.5615617,0 -122.9390947,42.5617097,0 -122.9394263,42.5619021,0 -122.9396440,42.5620427,0 -122.9399320,42.5622574,0 -122.9401363,42.5624350,0 -122.9403172,42.5626200,0 -122.9404277,42.5627557,0 -122.9405114,42.5628790,0 -122.9407057,42.5631923,0 -122.9411243,42.5638928,0 -122.9418243,42.5650916,0 -122.9420118,42.5653926,0 -122.9421257,42.5655480,0 -122.9422228,42.5656664,0 -122.9423166,42.5657749,0 -122.9424439,42.5659007,0 -122.9425912,42.5660364,0 -122.9428257,42.5662534,0 -122.9434520,42.5667714,0 -122.9441787,42.5673881,0 -122.9443883,42.5675664,0 -122.9445012,42.5676625,0 -122.9446433,42.5678090,0 -122.9447475,42.5679416,0 -122.9448659,42.5681369,0 -122.9449844,42.5683881,0 -122.9452591,42.5689601,0 -122.9453396,42.5690997,0 -122.9454059,42.5691973,0 -122.9454864,42.5692845,0 -122.9455811,42.5693648,0 -122.9456948,42.5694310,0 -122.9458559,42.5694903,0 -122.9460074,42.5695322,0 -122.9461685,42.5695531,0 -122.9463769,42.5695671,0 -122.9465142,42.5695601,0 -122.9466989,42.5695322,0 -122.9471347,42.5694520,0 -122.9473005,42.5694310,0 -122.9474378,42.5694310,0 -122.9476131,42.5694485,0 -122.9478357,42.5694903,0 -122.9480204,42.5695392,0 -122.9483520,42.5696543,0 -122.9487167,42.5697903,0 -122.9488872,42.5698357,0 -122.9491181,42.5698677,0 -122.9492572,42.5698844,0 -122.9494650,42.5698950,0 -122.9498433,42.5699189,0 -122.9501314,42.5699559,0 -122.9503524,42.5700052,0 -122.9505132,42.5700669,0 -122.9507476,42.5701779,0 -122.9510323,42.5703185,0 -122.9511796,42.5703826,0 -122.9513170,42.5704246,0 -122.9514375,42.5704517,0 -122.9515715,42.5704615,0 -122.9517758,42.5704591,0 -122.9526533,42.5704295,0 -122.9529815,42.5704246,0 -122.9531623,42.5704295,0 -122.9533465,42.5704517,0 -122.9534839,42.5704837,0 -122.9536044,42.5705232,0 -122.9537283,42.5705799,0 -122.9538322,42.5706490,0 -122.9539092,42.5707255,0 -122.9539695,42.5708044,0 -122.9540264,42.5709006,0 -122.9540867,42.5710905,0 -122.9541436,42.5712409,0 -122.9541972,42.5713322,0 -122.9542743,42.5714235,0 -122.9543747,42.5715098,0 -122.9545321,42.5716109,0 -122.9548001,42.5717663,0 -122.9553512,42.5720642,0 -122.9556732,42.5722700,0 -122.9558248,42.5723920,0 -122.9559764,42.5725595,0 -122.9560995,42.5727408,0 -122.9561848,42.5729327,0 -122.9562369,42.5731210,0 -122.9562606,42.5732815,0 -122.9562606,42.5734245,0 -122.9562274,42.5735919,0 -122.9561848,42.5737244,0 -122.9561185,42.5738884,0 -122.9560332,42.5740209,0 -122.9559764,42.5741081,0 -122.9558532,42.5742476,0 -122.9557206,42.5743767,0 -122.9553654,42.5746627,0 -122.9551143,42.5748859,0 -122.9550054,42.5749940,0 -122.9549391,42.5750917,0 -122.9548728,42.5752138,0 -122.9548302,42.5753393,0 -122.9548065,42.5754719,0 -122.9547970,42.5756009,0 -122.9547970,42.5757614,0 -122.9548491,42.5765949,0 -122.9549249,42.5781888,0 -122.9549675,42.5798106,0 -122.9550054,42.5806755,0 -122.9550338,42.5808569,0 -122.9550622,42.5810347,0 -122.9551049,42.5811986,0 -122.9551712,42.5813765,0 -122.9552517,42.5815753,0 -122.9553370,42.5817357,0 -122.9555217,42.5820740,0 -122.9557301,42.5824158,0 -122.9561421,42.5830923,0 -122.9566442,42.5839153,0 -122.9572173,42.5848569,0 -122.9575725,42.5854428,0 -122.9581267,42.5863495,0 -122.9582641,42.5865482,0 -122.9583635,42.5866842,0 -122.9584725,42.5867993,0 -122.9586146,42.5869284,0 -122.9587566,42.5870365,0 -122.9589129,42.5871271,0 -122.9591119,42.5872422,0 -122.9594813,42.5874235,0 -122.9603623,42.5878246,0 -122.9607507,42.5880303,0 -122.9610491,42.5882256,0 -122.9612739,42.5883824,0 -122.9614990,42.5885394,0 -122.9619809,42.5888681,0 -122.9623091,42.5890801,0 -122.9625335,42.5892108,0 -122.9626842,42.5892848,0 -122.9628952,42.5893662,0 -122.9632134,42.5894722,0 -122.9634947,42.5895486,0 -122.9639770,42.5896842,0 -122.9641913,42.5897582,0 -122.9642474,42.5897833,0 -122.9643621,42.5898346,0 -122.9644894,42.5899185,0 -122.9645999,42.5900097,0 -122.9647071,42.5901355,0 -122.9647808,42.5902637,0 -122.9648127,42.5903526,0 -122.9648277,42.5903944,0 -122.9648544,42.5905670,0 -122.9648611,42.5908480,0 -122.9648645,42.5915335,0 -122.9648678,42.5930153,0 -122.9648645,42.5944059,0 -122.9648645,42.5955104,0 -122.9648678,42.5956386,0 </coordinates></LineString></Placemark><Placemark><name>Alta Vista Road</name><ExtendedData><Data name="featureClass"><value>tertiary</value></Data><Data name="osmType"><value>way</value></Data><Data name="osmId"><value>5167085</value></Data></ExtendedData><LineString><tessellate>1</tessellate><coordinates>-122.7971698,42.4545995,0 -122.7964969,42.4545989,0 -122.7957465,42.4545983,0 -122.7956084,42.4545893,0 -122.7954889,42.4545697,0 -122.7953708,42.4545351,0 -122.7952637,42.4544877,0 -122.7951737,42.4544346,0 -122.7950913,42.4543713,0 -122.7949985,42.4542854,0 -122.7949103,42.4541882,0 -122.7948313,42.4540941,0 -122.7936289,42.4526314,0 -122.7932724,42.4521977,0 -122.7930509,42.4519283,0 -122.7928010,42.4516243,0 -122.7925989,42.4513785,0 -122.7925384,42.4513148,0 -122.7924654,42.4512450,0 -122.7923723,42.4511780,0 -122.7922695,42.4511219,0 -122.7921638,42.4510781,0 -122.7920456,42.4510465,0 -122.7919114,42.4510238,0 -122.7917124,42.4510072,0 -122.7914722,42.4510025,0 -122.7898357,42.4510015,0 -122.7891104,42.4510011,0 -122.7883409,42.4510006,0 -122.7866545,42.4509996,0 -122.7852959,42.4509988,0 -122.7841291,42.4509981,0 -122.7833588,42.4509977,0 -122.7830727,42.4509975,0 -122.7829330,42.4509992,0 -122.7827320,42.4510016,0 -122.7823729,42.4510164,0 -122.7822963,42.4510222,0 </coordinates></LineString></Placemark><Placemark><name>Antioch Road</name><ExtendedData><Data name="featureClass"><value>tertiary</value></Data><Data name="osmType"><value>way</value></Data><Data name="osmId"><value>5167130</value></Data></ExtendedData><LineString><tessellate>1</tessellate><coordinates>-122.8792730,42.4696240,0 -122.8796090,42.4700800,0 -122.8802410,42.4710340,0 -122.8818970,42.4735010,0 -122.8838490,42.4763940,0 -122.8844930,42.4773160,0 -122.8849970,42.4780630,0 -122.8853400,42.4785610,0 -122.8854270,42.4786690,0 -122.8856290,42.4788790,0 -122.8857820,42.4790050,0 -122.8859540,42.4791300,0 -122.8870020,42.4798460,0 -122.8871420,42.4799630,0 -122.8872550,42.4800700,0 -122.8873760,42.4801960,0 -122.8874650,42.4803270,0 -122.8875410,42.4804640,0 -122.8876210,42.4806240,0 -122.8886210,42.4827620,0 -122.8896670,42.4850630,0 -122.8901030,42.4859550,0 -122.8907660,42.4873620,0 -122.8912620,42.4884130,0 -122.8924110,42.4909260,0 -122.8926711,42.4914566,0 -122.8931522,42.4919294,0 -122.8971410,42.4950660,0 -122.8976880,42.4955160,0 -122.8978730,42.4958119,0 -122.8984590,42.4974110,0 -122.8987040,42.4979270,0 -122.9015597,42.5040403,0 -122.9017401,42.5044299,0 </coordinates></LineString></Placemark><Placemark><name>Robert Trent Jones Jr. Boulevard</name><ExtendedData><Data name="featureClass"><value>tertiary</value></Data><Data name="osmType"><value>way</value></Data><Data name="osmId"><value>5167357</value></Data></ExtendedData><LineString><tessellate>1</tessellate><coordinates>-122.7969796,42.4581530,0 -122.7970403,42.4581021,0 -122.7971263,42.4580169,0 -122.7972051,42.4579055,0 -122.7972571,42.4577833,0 -122.7972779,42.4577029,0 -122.7972848,42.4576049,0 -122.7972886,42.4557149,0 -122.7972907,42.4547175,0 -122.7972908,42.4546706,0 -122.7972909,42.4545996,0 </coordinates></LineString></Placemark><Placemark><name>Queens Branch Road</name><ExtendedData><Data name="featureClass"><value>tertiary</value></Data><Data name="osmType"><value>way</value></Data><Data name="osmId"><value>5167595</value></Data></ExtendedData><LineString><tessellate>1</tessellate><coordinates>-123.1638937,42.5350214,0 -123.1642862,42.5350154,0 -123.1655767,42.5350028,0 -123.1656985,42.5350017,0 -123.1667743,42.5349953,0 -123.1705597,42.5349620,0 -123.1706586,42.5349616,0 -123.1742695,42.5349478,0 -123.1756463,42.5349351,0 -123.1779647,42.5349305,0 -123.1780156,42.5349304,0 -123.1789104,42.5349285,0 -123.1794540,42.5349168,0 -123.1805014,42.5349078,0 -123.1805392,42.5349075,0 -123.1829176,42.5349005,0 -123.1829926,42.5348999,0 -123.1839311,42.5348922,0 -123.1841785,42.5348901,0 -123.1847479,42.5348855,0 -123.1855415,42.5348789,0 -123.1861012,42.5348769,0 -123.1868123,42.5348747,0 </coordinates></LineString></Placemark><Placemark><name>Main Street West</name><ExtendedData><Data name="featureClass"><value>tertiary</value></Data><Data name="osmType"><value>way</value></Data><Data name="osmId"><value>5168067</value></Data></ExtendedData><LineString><tessellate>1</tessellate><coordinates>-122.7999264,42.4716302,0 -122.7999933,42.4716780,0 -122.8002149,42.4718364,0 </coordinates></LineString></Placemark><Placemark><name>Lava Street</name><ExtendedData><Data name="featureClass"><value>secondary</value></Data><Data name="osmType"><value>way</value></Data><Data name="osmId"><value>5168410</value></Data></ExtendedData><LineString><tessellate>1</tessellate><coordinates>-122.8018919,42.4715676,0 -122.8017784,42.4715073,0 -122.8017141,42.4714643,0 </coordinates></LineString></Placemark><Placemark><name>Crystal Drive</name><ExtendedData><Data name="featureClass"><value>tertiary</value></Data><Data name="osmType"><value>way</value></Data><Data name="osmId"><value>5168586</value></Data></ExtendedData><LineString><tessellate>1</tessellate><coordinates>-122.8053719,42.4800464,0 -122.8051104,42.4800369,0 -122.8049028,42.4800203,0 -122.8047070,42.4799860,0 -122.8045490,42.4799530,0 -122.8043850,42.4798960,0 -122.8042733,42.4798738,0 -122.8041885,42.4798710,0 -122.8032970,42.4798420,0 -122.8020760,42.4798440,0 -122.8015070,42.4798620,0 -122.8013260,42.4798480,0 -122.8011020,42.4798160,0 -122.8009240,42.4797950,0 -122.8007700,42.4797810,0 -122.8006490,42.4797860,0 -122.8005080,42.4798010,0 -122.8002940,42.4798520,0 -122.7997517,42.4800076,0 -122.7995410,42.4800640,0 -122.7994240,42.4800900,0 -122.7993220,42.4801070,0 -122.7992172,42.4801150,0 -122.7987300,42.4801100,0 </coordinates></LineString></Placemark><Placemark><name>Tiller Trail Highway</name><ExtendedData><Data name="featureClass"><value>secondary</value></Data><Data name="osmType"><value>way</value></Data><Data name="osmId"><value>5438848</value></Data></ExtendedData><LineString><tessellate>1</tessellate><coordinates>-122.8404997,42.6987053,0 -122.8402870,42.6999020,0 -122.8401209,42.7008064,0 -122.8400518,42.7013941,0 -122.8400000,42.7024957,0 -122.8398783,42.7068335,0 -122.8397790,42.7105380,0 -122.8397329,42.7109427,0 -122.8396551,42.7111798,0 -122.8395469,42.7114095,0 -122.8388656,42.7123812,0 -122.8386819,42.7127299,0 -122.8385891,42.7130643,0 -122.8386031,42.7134084,0 -122.8386452,42.7136621,0 -122.8387334,42.7138535,0 -122.8389939,42.7141862,0 -122.8394547,42.7146337,0 -122.8403484,42.7153963,0 -122.8405688,42.7156024,0 -122.8409335,42.7160323,0 -122.8409996,42.7161316,0 -122.8410510,42.7162124,0 -122.8412830,42.7166200,0 -122.8414585,42.7171041,0 -122.8415370,42.7175248,0 -122.8416020,42.7189748,0 -122.8416104,42.7192212,0 -122.8416548,42.7204259,0 -122.8416989,42.7206725,0 -122.8417831,42.7209374,0 -122.8418672,42.7211200,0 -122.8420275,42.7213555,0 -122.8423040,42.7216352,0 -122.8427433,42.7219770,0 -122.8430809,42.7221901,0 -122.8444119,42.7230572,0 -122.8450411,42.7235871,0 -122.8453209,42.7238857,0 -122.8459615,42.7247847,0 -122.8462300,42.7251649,0 -122.8468004,42.7258821,0 -122.8469888,42.7260941,0 -122.8480478,42.7271213,0 -122.8492952,42.7283256,0 -122.8498563,42.7288501,0 -122.8505453,42.7294611,0 -122.8509112,42.7297137,0 -122.8511206,42.7298230,0 -122.8514862,42.7299405,0 -122.8516776,42.7299845,0 -122.8520006,42.7300261,0 -122.8522566,42.7300338,0 -122.8525164,42.7300199,0 -122.8529649,42.7299277,0 -122.8533800,42.7297617,0 -122.8535110,42.7296931,0 -122.8539304,42.7294038,0 -122.8541187,42.7292521,0 -122.8550922,42.7283463,0 -122.8556057,42.7279400,0 -122.8558511,42.7277855,0 -122.8561393,42.7276370,0 -122.8563207,42.7275662,0 -122.8565492,42.7275047,0 -122.8568444,42.7274527,0 -122.8575320,42.7274096,0 -122.8581829,42.7274056,0 -122.8586216,42.7274372,0 -122.8587520,42.7274622,0 -122.8591572,42.7275891,0 -122.8595709,42.7277640,0 -122.8620327,42.7290248,0 -122.8624018,42.7292377,0 -122.8629713,42.7296333,0 -122.8631470,42.7297810,0 -122.8635069,42.7301578,0 -122.8640000,42.7307697,0 -122.8643065,42.7312016,0 -122.8643261,42.7312307,0 -122.8644732,42.7314961,0 -122.8645169,42.7316284,0 -122.8645469,42.7319728,0 -122.8645111,42.7322339,0 -122.8642337,42.7332619,0 -122.8641177,42.7339375,0 -122.8640629,42.7350537,0 -122.8641460,42.7358423,0 -122.8640951,42.7361794,0 -122.8638419,42.7370541,0 -122.8638120,42.7372292,0 -122.8637414,42.7381555,0 -122.8636513,42.7388516,0 -122.8636212,42.7393328,0 -122.8636452,42.7400421,0 -122.8636733,42.7402216,0 -122.8637735,42.7405866,0 -122.8639329,42.7409676,0 -122.8641181,42.7412929,0 -122.8643520,42.7416120,0 -122.8651429,42.7425931,0 -122.8655167,42.7430912,0 -122.8656733,42.7433323,0 -122.8658185,42.7436399,0 -122.8658698,42.7437931,0 -122.8659136,42.7440418,0 -122.8659295,42.7443082,0 -122.8658943,42.7445806,0 -122.8656173,42.7458458,0 -122.8656145,42.7462515,0 -122.8656823,42.7465036,0 -122.8658138,42.7468146,0 -122.8659427,42.7470058,0 -122.8661091,42.7471774,0 -122.8674366,42.7483241,0 -122.8677693,42.7485412,0 -122.8683320,42.7487799,0 -122.8684312,42.7488381,0 -122.8686554,42.7490227,0 -122.8688581,42.7491321,0 -122.8690568,42.7491874,0 -122.8695753,42.7492119,0 -122.8696676,42.7492331,0 -122.8698433,42.7493060,0 -122.8707808,42.7501262,0 -122.8709485,42.7502161,0 -122.8711467,42.7502632,0 -122.8719412,42.7503724,0 -122.8724969,42.7504973,0 -122.8729328,42.7505514,0 -122.8732252,42.7506556,0 -122.8733569,42.7507201,0 -122.8735732,42.7507875,0 -122.8736971,42.7508031,0 -122.8743469,42.7508117,0 -122.8746349,42.7508758,0 -122.8747852,42.7509290,0 -122.8749888,42.7510492,0 -122.8751716,42.7512628,0 -122.8752131,42.7513410,0 -122.8753208,42.7516823,0 -122.8753566,42.7519472,0 -122.8753250,42.7520476,0 -122.8752459,42.7521216,0 -122.8751352,42.7521507,0 -122.8749493,42.7521304,0 -122.8745101,42.7518298,0 -122.8743621,42.7517630,0 -122.8742375,42.7517311,0 -122.8738940,42.7517623,0 -122.8736102,42.7518228,0 -122.8734278,42.7518387,0 -122.8727604,42.7518486,0 -122.8721132,42.7519409,0 -122.8718227,42.7519528,0 -122.8703135,42.7519250,0 -122.8700811,42.7519707,0 -122.8699879,42.7520133,0 -122.8699203,42.7520679,0 -122.8698298,42.7522008,0 -122.8698177,42.7522802,0 -122.8698444,42.7523512,0 -122.8700229,42.7525675,0 -122.8703193,42.7528517,0 -122.8704513,42.7530382,0 -122.8705040,42.7532922,0 -122.8704567,42.7535868,0 -122.8703311,42.7539549,0 -122.8702370,42.7541090,0 -122.8699396,42.7545454,0 -122.8695427,42.7550027,0 -122.8692303,42.7555106,0 -122.8691677,42.7557195,0 -122.8691426,42.7559743,0 -122.8692030,42.7564812,0 -122.8693047,42.7567002,0 -122.8692938,42.7571345,0 -122.8692348,42.7573284,0 -122.8691121,42.7575304,0 -122.8689218,42.7577230,0 -122.8679675,42.7585761,0 -122.8676391,42.7589448,0 -122.8674984,42.7591494,0 -122.8674308,42.7592942,0 -122.8673099,42.7597050,0 -122.8672505,42.7601165,0 -122.8672370,42.7603523,0 -122.8673031,42.7617734,0 -122.8675082,42.7628207,0 -122.8676230,42.7632552,0 -122.8677696,42.7636832,0 -122.8681624,42.7645305,0 -122.8685080,42.7652177,0 -122.8700338,42.7680432,0 -122.8702045,42.7683840,0 -122.8703745,42.7687993,0 -122.8704899,42.7692388,0 -122.8705120,42.7696121,0 -122.8705038,42.7698734,0 -122.8704619,42.7702080,0 -122.8704112,42.7703519,0 -122.8702268,42.7708235,0 -122.8700577,42.7711366,0 -122.8690933,42.7724235,0 -122.8689623,42.7726415,0 -122.8688804,42.7727861,0 -122.8687865,42.7730847,0 -122.8687569,42.7737583,0 -122.8688090,42.7741997,0 -122.8687948,42.7743381,0 -122.8687550,42.7744712,0 -122.8686395,42.7746630,0 </coordinates></LineString></Placemark><Placemark><name>Callahan Creek Road</name><ExtendedData><Data name="featureClass"><value>tertiary</value></Data><Data name="osmType"><value>way</value></Data><Data name="ref"><value>NF 3230</value></Data><Data name="osmId"><value>5447879</value></Data></ExtendedData><LineString><tessellate>1</tessellate><coordinates>-122.9805148,42.8232003,0 -122.9806598,42.8232519,0 -122.9807719,42.8232724,0 -122.9808517,42.8232731,0 -122.9809265,42.8232492,0 -122.9810012,42.8231978,0 -122.9810712,42.8230950,0 -122.9811600,42.8229477,0 -122.9812860,42.8227868,0 -122.9814075,42.8226943,0 -122.9815429,42.8226463,0 -122.9816456,42.8226360,0 -122.9817811,42.8226600,0 -122.9819118,42.8227011,0 -122.9820146,42.8227662,0 -122.9820659,42.8228553,0 -122.9821173,42.8230402,0 -122.9821687,42.8231533,0 -122.9822481,42.8232457,0 -122.9823088,42.8233211,0 -122.9823508,42.8234170,0 -122.9823461,42.8235917,0 -122.9822107,42.8240335,0 -122.9821967,42.8241808,0 -122.9822200,42.8242870,0 -122.9822854,42.8244103,0 -122.9823928,42.8245199,0 -122.9825423,42.8246124,0 -122.9829766,42.8248145,0 -122.9831681,42.8249138,0 -122.9832428,42.8249720,0 -122.9832895,42.8250782,0 -122.9833035,42.8252632,0 -122.9832708,42.8255166,0 -122.9832054,42.8257256,0 -122.9831073,42.8261263,0 -122.9831027,42.8263729,0 -122.9831307,42.8265989,0 -122.9832007,42.8268113,0 -122.9833035,42.8269620,0 -122.9834202,42.8270339,0 -122.9835650,42.8270819,0 -122.9837378,42.8271195,0 -122.9838732,42.8271641,0 -122.9840087,42.8272600,0 -122.9842328,42.8274072,0 -122.9843729,42.8274792,0 -122.9844710,42.8274997,0 -122.9845737,42.8274997,0 -122.9846484,42.8274826,0 -122.9847512,42.8274278,0 -122.9849380,42.8272428,0 -122.9850734,42.8271195,0 -122.9851762,42.8270784,0 -122.9853723,42.8270305,0 -122.9855124,42.8269791,0 -122.9856011,42.8269175,0 -122.9857786,42.8267154,0 -122.9858813,42.8265921,0 -122.9859794,42.8265373,0 -122.9860868,42.8265167,0 -122.9861755,42.8265202,0 -122.9862736,42.8265476,0 -122.9865445,42.8267805,0 -122.9866846,42.8269483,0 -122.9867686,42.8271230,0 -122.9868900,42.8275340,0 -122.9870161,42.8278696,0 -122.9872730,42.8285204,0 -122.9873570,42.8286437,0 -122.9874691,42.8287396,0 -122.9876092,42.8288423,0 -122.9876886,42.8289040,0 -122.9877633,42.8290067,0 -122.9879034,42.8291882,0 -122.9880435,42.8293184,0 -122.9881883,42.8293937,0 -122.9883377,42.8294280,0 -122.9885292,42.8294314,0 -122.9887113,42.8294485,0 -122.9888608,42.8294999,0 -122.9890149,42.8295684,0 -122.9891550,42.8296711,0 -122.9892344,42.8297739,0 -122.9893184,42.8300033,0 -122.9893745,42.8303424,0 -122.9894118,42.8304451,0 -122.9895099,42.8305376,0 -122.9896267,42.8305958,0 -122.9898508,42.8306541,0 -122.9899722,42.8306986,0 -122.9900563,42.8307465,0 -122.9901590,42.8308561,0 -122.9902478,42.8310582,0 -122.9904299,42.8315000,0 -122.9905373,42.8318014,0 -122.9905473,42.8318671,0 -122.9905560,42.8319247,0 -122.9905301,42.8320195,0 -122.9905233,42.8320445,0 -122.9904626,42.8321644,0 -122.9902041,42.8325744,0 -122.9897910,42.8330583,0 -122.9897105,42.8331763,0 -122.9896730,42.8332746,0 -122.9896837,42.8334005,0 -122.9897642,42.8336248,0 -122.9898034,42.8337907,0 -122.9897498,42.8339480,0 -122.9895888,42.8341683,0 -122.9895245,42.8343257,0 -122.9895245,42.8344594,0 -122.9896317,42.8346797,0 -122.9899000,42.8350574,0 -122.9899214,42.8351596,0 -122.9899000,42.8352619,0 -122.9897712,42.8354035,0 -122.9896532,42.8355530,0 -122.9896210,42.8356632,0 -122.9896747,42.8357654,0 -122.9899643,42.8360329,0 -122.9901360,42.8362217,0 -122.9901789,42.8363240,0 -122.9901682,42.8364342,0 -122.9900824,42.8365050,0 -122.9899429,42.8365915,0 -122.9898571,42.8366859,0 -122.9898463,42.8367961,0 -122.9898892,42.8369534,0 -122.9900287,42.8371265,0 -122.9901575,42.8372681,0 -122.9902111,42.8373783,0 -122.9902218,42.8375435,0 -122.9901253,42.8377716,0 -122.9900394,42.8378660,0 -122.9899322,42.8379211,0 -122.9898034,42.8379132,0 -122.9895674,42.8378582,0 -122.9893421,42.8378503,0 -122.9891704,42.8378975,0 -122.9890794,42.8379309,0 -122.9889906,42.8380336,0 -122.9889773,42.8381178,0 -122.9889987,42.8382279,0 -122.9890095,42.8383302,0 -122.9889880,42.8384246,0 -122.9889346,42.8384651,0 -122.9888459,42.8384925,0 -122.9883695,42.8385096,0 -122.9882621,42.8385267,0 -122.9881967,42.8385678,0 -122.9881360,42.8386911,0 -122.9881173,42.8388589,0 -122.9881360,42.8389719,0 -122.9882014,42.8390917,0 -122.9883975,42.8393897,0 -122.9884583,42.8395198,0 -122.9884629,42.8396191,0 -122.9884349,42.8397150,0 -122.9883322,42.8399307,0 -122.9882668,42.8400814,0 -122.9882574,42.8401773,0 -122.9882995,42.8402971,0 -122.9884302,42.8404169,0 -122.9885610,42.8405608,0 -122.9886030,42.8406635,0 -122.9885890,42.8407765,0 -122.9885050,42.8409374,0 -122.9883555,42.8410915,0 -122.9882668,42.8411429,0 -122.9881500,42.8411634,0 -122.9880426,42.8411634,0 -122.9879446,42.8411429,0 -122.9877718,42.8410676,0 -122.9875896,42.8409957,0 -122.9874962,42.8409717,0 -122.9873888,42.8409751,0 -122.9872861,42.8410093,0 -122.9871740,42.8410847,0 -122.9870806,42.8412216,0 -122.9869732,42.8413826,0 -122.9869172,42.8414340,0 -122.9868004,42.8414785,0 -122.9866603,42.8415470,0 -122.9865576,42.8416291,0 -122.9865155,42.8417079,0 -122.9865062,42.8418312,0 -122.9865249,42.8420846,0 -122.9865202,42.8422010,0 -122.9864735,42.8423071,0 -122.9864081,42.8423790,0 -122.9862820,42.8424372,0 -122.9861513,42.8424886,0 -122.9860018,42.8425057,0 -122.9857917,42.8425023,0 -122.9855629,42.8424715,0 -122.9853480,42.8424578,0 -122.9851986,42.8424681,0 -122.9848110,42.8425400,0 -122.9846149,42.8426050,0 -122.9845215,42.8426701,0 -122.9844234,42.8428242,0 -122.9841572,42.8432453,0 -122.9840498,42.8433720,0 -122.9839751,42.8434302,0 -122.9838723,42.8434645,0 -122.9837416,42.8434782,0 -122.9835501,42.8434645,0 -122.9831625,42.8434371,0 -122.9828870,42.8434439,0 -122.9826861,42.8434748,0 -122.9825414,42.8435193,0 -122.9823779,42.8436049,0 -122.9821724,42.8436699,0 -122.9820137,42.8437144,0 -122.9818782,42.8437316,0 -122.9817475,42.8437281,0 -122.9815000,42.8437144,0 -122.9813692,42.8437281,0 -122.9812338,42.8437692,0 -122.9810797,42.8438514,0 -122.9809863,42.8439404,0 -122.9808322,42.8440774,0 -122.9807434,42.8441390,0 -122.9806454,42.8441664,0 -122.9805379,42.8441698,0 -122.9803885,42.8441561,0 -122.9802484,42.8441219,0 -122.9799589,42.8440534,0 -122.9798234,42.8440500,0 -122.9796880,42.8440671,0 -122.9795759,42.8441116,0 -122.9794825,42.8441767,0 -122.9793704,42.8443239,0 -122.9792724,42.8444130,0 -122.9792070,42.8444609,0 -122.9790902,42.8445122,0 -122.9786980,42.8447108,0 -122.9785906,42.8447862,0 -122.9785158,42.8448478,0 -122.9784458,42.8449300,0 -122.9783804,42.8450464,0 -122.9782777,42.8453580,0 -122.9782263,42.8454710,0 -122.9781656,42.8455429,0 -122.9780769,42.8456011,0 -122.9779461,42.8456388,0 -122.9777967,42.8456559,0 -122.9776659,42.8456456,0 -122.9774744,42.8456011,0 -122.9770588,42.8454504,0 -122.9768813,42.8454025,0 -122.9767646,42.8453820,0 -122.9766245,42.8453922,0 -122.9764237,42.8454265,0 -122.9761902,42.8454539,0 -122.9760594,42.8454573,0 -122.9759053,42.8454367,0 -122.9757512,42.8453922,0 -122.9756344,42.8453100,0 -122.9754803,42.8451252,0 -122.9753636,42.8448820,0 -122.9753029,42.8448307,0 -122.9752235,42.8447896,0 -122.9751394,42.8447656,0 -122.9750273,42.8447588,0 -122.9749246,42.8447725,0 -122.9748079,42.8448101,0 -122.9746818,42.8448718,0 -122.9742054,42.8452005,0 -122.9738318,42.8454504,0 -122.9736777,42.8455395,0 -122.9734666,42.8456784,0 -122.9733135,42.8457791,0 -122.9732341,42.8458579,0 -122.9732014,42.8459435,0 -122.9732154,42.8460222,0 -122.9732668,42.8460804,0 -122.9733415,42.8461078,0 -122.9734302,42.8461078,0 -122.9735423,42.8460702,0 -122.9737384,42.8459709,0 -122.9741914,42.8456524,0 -122.9744529,42.8455189,0 -122.9746164,42.8454676,0 -122.9747425,42.8454573,0 -122.9748732,42.8454778,0 -122.9749526,42.8455155,0 -122.9750367,42.8455874,0 -122.9751114,42.8456901,0 -122.9751581,42.8458236,0 -122.9752141,42.8460667,0 -122.9752608,42.8461900,0 -122.9753589,42.8463235,0 -122.9755971,42.8465119,0 -122.9758353,42.8466454,0 -122.9760080,42.8467070,0 -122.9762094,42.8467813,0 -122.9762731,42.8468332,0 -122.9763085,42.8469162,0 -122.9763156,42.8470459,0 -122.9763156,42.8473314,0 -122.9763510,42.8474611,0 -122.9764217,42.8476272,0 -122.9765491,42.8477569,0 -122.9766553,42.8478036,0 -122.9768181,42.8478296,0 -122.9771013,42.8478192,0 -122.9772428,42.8478400,0 -122.9773278,42.8478970,0 -122.9773632,42.8479749,0 -122.9773702,42.8480942,0 -122.9773278,42.8482707,0 -122.9772853,42.8485509,0 -122.9772711,42.8487429,0 -122.9772924,42.8488934,0 -122.9773561,42.8490335,0 -122.9774552,42.8491270,0 -122.9775826,42.8491737,0 -122.9777242,42.8491840,0 -122.9780639,42.8491892,0 -122.9782055,42.8492152,0 -122.9783471,42.8492671,0 -122.9785169,42.8494176,0 -122.9785806,42.8495525,0 -122.9786585,42.8497808,0 -122.9786939,42.8499573,0 -122.9786868,42.8501493,0 -122.9785948,42.8504606,0 -122.9785594,42.8506267,0 -122.9785594,42.8507513,0 -122.9786160,42.8508654,0 -122.9787434,42.8509796,0 -122.9791044,42.8512339,0 -122.9792106,42.8512702,0 -122.9793097,42.8512806,0 -122.9794017,42.8512702,0 -122.9794938,42.8512339,0 -122.9795645,42.8511612,0 -122.9796920,42.8509121,0 -122.9797769,42.8508239,0 -122.9799043,42.8507513,0 -122.9800176,42.8506942,0 -122.9800954,42.8506111,0 -122.9801308,42.8505022,0 -122.9801520,42.8503257,0 -122.9802016,42.8501597,0 -122.9805060,42.8496407,0 -122.9805909,42.8495629,0 -122.9806900,42.8495214,0 -122.9808316,42.8495058,0 -122.9810015,42.8495110,0 -122.9812775,42.8495733,0 -122.9814757,42.8496252,0 -122.9816810,42.8497445,0 -122.9820207,42.8499469,0 -122.9822685,42.8500714,0 -122.9824454,42.8501389,0 -122.9825941,42.8501649,0 -122.9828489,42.8501597,0 -122.9832665,42.8501233,0 -122.9834435,42.8501181,0 -122.9835780,42.8500922,0 -122.9836912,42.8500403,0 -122.9838399,42.8499054,0 -122.9841726,42.8494539,0 -122.9843778,42.8492515,0 -122.9846893,42.8490595,0 -122.9851352,42.8487948,0 -122.9852839,42.8487429,0 -122.9854892,42.8487118,0 -122.9856520,42.8487326,0 -122.9858997,42.8488104,0 -122.9859988,42.8488831,0 -122.9860767,42.8489765,0 -122.9860908,42.8490699,0 -122.9860554,42.8491737,0 -122.9859068,42.8493086,0 -122.9855670,42.8495888,0 -122.9854325,42.8497082,0 -122.9853193,42.8498483,0 -122.9851989,42.8500870,0 -122.9850998,42.8502583,0 -122.9850078,42.8504191,0 -122.9846185,42.8508499,0 -122.9842929,42.8511664,0 -122.9839390,42.8515660,0 -122.9835568,42.8519240,0 -122.9833869,42.8521057,0 -122.9832665,42.8522769,0 -122.9831321,42.8525571,0 -122.9828348,42.8532265,0 -122.9827144,42.8533978,0 -122.9825162,42.8536157,0 -122.9821694,42.8538804,0 -122.9814828,42.8543837,0 -122.9812704,42.8545705,0 -122.9810864,42.8547625,0 -122.9808953,42.8550375,0 -122.9807183,42.8552970,0 -122.9806405,42.8553748,0 -122.9805697,42.8554215,0 -122.9804210,42.8554630,0 -122.9800105,42.8555149,0 -122.9798123,42.8555460,0 -122.9796070,42.8556031,0 -122.9790195,42.8558418,0 -122.9784603,42.8560857,0 -122.9782055,42.8562258,0 -122.9779224,42.8564178,0 -122.9775401,42.8567395,0 -122.9770659,42.8571805,0 -122.9768535,42.8573673,0 -122.9767544,42.8574400,0 -122.9766412,42.8574815,0 -122.9764713,42.8575074,0 -122.9761244,42.8575489,0 -122.9759333,42.8575905,0 -122.9757281,42.8576475,0 -122.9752963,42.8577928,0 -122.9750273,42.8578603,0 -122.9747512,42.8579070,0 -122.9744681,42.8579381,0 -122.9740717,42.8579485,0 -122.9738664,42.8579589,0 -122.9737178,42.8579848,0 -122.9735762,42.8580211,0 -122.9734488,42.8580938,0 -122.9731020,42.8583584,0 -122.9728471,42.8585971,0 -122.9727622,42.8586386,0 -122.9726631,42.8586542,0 -122.9725499,42.8586490,0 -122.9724083,42.8585971,0 -122.9722667,42.8585141,0 -122.9721039,42.8584674,0 -122.9719340,42.8584414,0 -122.9716580,42.8584725,0 -122.9715093,42.8585089,0 -122.9709218,42.8587735,0 -122.9706316,42.8589188,0 -122.9703556,42.8591004,0 -122.9699167,42.8594273,0 -122.9695982,42.8596815,0 -122.9695061,42.8597334,0 -122.9693787,42.8598060,0 -122.9692584,42.8598994,0 -122.9691947,42.8599980,0 -122.9691381,42.8602159,0 -122.9690107,42.8604754,0 -122.9686921,42.8610098,0 -122.9686143,42.8610876,0 -122.9684727,42.8611551,0 -122.9682674,42.8612588,0 -122.9681471,42.8613574,0 -122.9680197,42.8614923,0 -122.9679418,42.8616272,0 -122.9679064,42.8617777,0 -122.9678569,42.8619385,0 -122.9677295,42.8621149,0 -122.9676021,42.8623173,0 -122.9675454,42.8624781,0 -122.9675384,42.8626286,0 -122.9675030,42.8627894,0 -122.9672411,42.8634068,0 -122.9670783,42.8637337,0 -122.9670075,42.8638219,0 -122.9669013,42.8639153,0 -122.9667456,42.8640502,0 -122.9666465,42.8641747,0 -122.9666040,42.8643044,0 -122.9665898,42.8645690,0 -122.9665828,42.8647713,0 -122.9665545,42.8648647,0 -122.9664554,42.8649996,0 -122.9662218,42.8652538,0 -122.9661298,42.8653783,0 -122.9661014,42.8655236,0 -122.9661014,42.8658712,0 -122.9661368,42.8660113,0 -122.9662359,42.8661358,0 -122.9664200,42.8662811,0 -122.9666819,42.8664160,0 -122.9668164,42.8665042,0 -122.9669155,42.8666183,0 -122.9669721,42.8668103,0 -122.9669721,42.8669763,0 -122.9669225,42.8671215,0 -122.9668376,42.8672045,0 -122.9667243,42.8672668,0 -122.9665828,42.8673083,0 -122.9664200,42.8673135,0 -122.9662005,42.8673135,0 -122.9660660,42.8673291,0 -122.9659811,42.8673550,0 -122.9658962,42.8674121,0 -122.9657971,42.8675988,0 -122.9657546,42.8677545,0 -122.9657334,42.8679309,0 -122.9656909,42.8682784,0 -122.9655989,42.8686727,0 -122.9655493,42.8687609,0 -122.9654785,42.8688284,0 -122.9653936,42.8688750,0 -122.9651246,42.8689632,0 -122.9650538,42.8690047,0 -122.9649831,42.8690722,0 -122.9649547,42.8691552,0 -122.9649831,42.8692382,0 -122.9650538,42.8693212,0 -122.9652096,42.8694198,0 -122.9653936,42.8695339,0 -122.9654998,42.8696377,0 -122.9655422,42.8697518,0 -122.9655564,42.8698607,0 -122.9655139,42.8699593,0 -122.9654361,42.8700371,0 -122.9652733,42.8701357,0 -122.9649618,42.8702550,0 -122.9648415,42.8703380,0 -122.9647495,42.8704366,0 -122.9647070,42.8705455,0 -122.9647070,42.8707011,0 -122.9647495,42.8708879,0 -122.9647565,42.8709865,0 -122.9646928,42.8711213,0 -122.9646574,42.8712355,0 -122.9646645,42.8713496,0 -122.9647282,42.8714326,0 -122.9649335,42.8716868,0 -122.9650963,42.8719514,0 -122.9652591,42.8723404,0 -122.9652591,42.8724961,0 -122.9652237,42.8726309,0 -122.9651388,42.8727762,0 -122.9649831,42.8729059,0 -122.9648698,42.8729992,0 -122.9648061,42.8730667,0 -122.9647778,42.8731808,0 -122.9647849,42.8733624,0 -122.9647778,42.8734921,0 -122.9647424,42.8735802,0 -122.9646221,42.8737099,0 -122.9644805,42.8738552,0 -122.9644097,42.8739434,0 -122.9643814,42.8740679,0 -122.9643743,42.8742235,0 -122.9643248,42.8744206,0 -122.9641761,42.8748200,0 -122.9640770,42.8752402,0 -122.9640629,42.8753647,0 -122.9640983,42.8754373,0 -122.9641832,42.8754892,0 -122.9642752,42.8755151,0 -122.9644380,42.8755307,0 -122.9649831,42.8755411,0 -122.9652379,42.8755203,0 -122.9654361,42.8754840,0 -122.9658041,42.8753854,0 -122.9662359,42.8752817,0 -122.9664695,42.8752506,0 -122.9666536,42.8752402,0 -122.9667791,42.8752444,0 -122.9669084,42.8752921,0 -122.9669792,42.8753439,0 -122.9670075,42.8754218,0 -122.9670004,42.8754892,0 -122.9669508,42.8755670,0 -122.9668234,42.8756448,0 -122.9664624,42.8758108,0 -122.9660519,42.8760287,0 -122.9658962,42.8761428,0 -122.9656697,42.8763555,0 -122.9655422,42.8765059,0 -122.9655069,42.8766252,0 -122.9654573,42.8767393,0 -122.9653936,42.8768275,0 -122.9653016,42.8768897,0 -122.9652025,42.8769209,0 -122.9650468,42.8769312,0 -122.9647565,42.8769157,0 -122.9643814,42.8769157,0 -122.9640912,42.8769572,0 -122.9635815,42.8770505,0 -122.9634541,42.8770869,0 -122.9633692,42.8771491,0 -122.9633338,42.8772217,0 -122.9633338,42.8772995,0 -122.9634258,42.8775122,0 -122.9635461,42.8777249,0 </coordinates></LineString></Placemark><Placemark><name>Forest Road 32</name><ExtendedData><Data name="featureClass"><value>tertiary</value></Data><Data name="osmType"><value>way</value></Data><Data name="ref"><value>NF 32</value></Data><Data name="osmId"><value>5451104</value></Data></ExtendedData><LineString><tessellate>1</tessellate><coordinates>-122.9930739,42.8114404,0 -122.9927377,42.8117761,0 -122.9924201,42.8120981,0 -122.9922146,42.8122557,0 -122.9920652,42.8123311,0 -122.9918877,42.8123996,0 -122.9913740,42.8124887,0 -122.9908790,42.8125914,0 -122.9902999,42.8127353,0 -122.9898236,42.8128724,0 -122.9893846,42.8130368,0 -122.9890857,42.8131601,0 -122.9889176,42.8132423,0 -122.9887588,42.8133657,0 -122.9885720,42.8136123,0 -122.9882078,42.8141262,0 -122.9877968,42.8146126,0 -122.9873018,42.8150854,0 -122.9865546,42.8157089,0 -122.9859662,42.8162501,0 -122.9856860,42.8165379,0 -122.9854898,42.8168051,0 -122.9854431,42.8169832,0 -122.9854244,42.8172778,0 -122.9854244,42.8177505,0 -122.9853964,42.8179423,0 -122.9853777,42.8183534,0 -122.9854151,42.8187097,0 -122.9855085,42.8190179,0 -122.9860596,42.8201963,0 -122.9865546,42.8213746,0 -122.9871604,42.8223133,0 -122.9877862,42.8234779,0 -122.9878516,42.8236012,0 -122.9878796,42.8236903,0 -122.9878609,42.8237588,0 -122.9877862,42.8238067,0 -122.9876928,42.8238204,0 -122.9875714,42.8238136,0 -122.9872725,42.8237108,0 -122.9866747,42.8234711,0 -122.9865160,42.8234368,0 -122.9863665,42.8234437,0 -122.9862638,42.8234985,0 -122.9861797,42.8235875,0 -122.9860490,42.8237314,0 -122.9859649,42.8238204,0 -122.9858622,42.8238752,0 -122.9857127,42.8238889,0 -122.9855539,42.8238752,0 -122.9854419,42.8238273,0 -122.9853578,42.8237314,0 -122.9852364,42.8236218,0 -122.9851243,42.8235533,0 -122.9848348,42.8234711,0 -122.9845546,42.8233957,0 -122.9843211,42.8232998,0 -122.9841436,42.8231971,0 -122.9840689,42.8231080,0 -122.9840502,42.8230258,0 -122.9840876,42.8228545,0 -122.9842370,42.8223476,0 -122.9842463,42.8221900,0 -122.9842183,42.8220873,0 -122.9841343,42.8220188,0 -122.9840222,42.8219982,0 -122.9838447,42.8220051,0 -122.9836673,42.8220736,0 -122.9834618,42.8222106,0 -122.9833310,42.8223133,0 -122.9832096,42.8223339,0 -122.9830135,42.8223202,0 -122.9825651,42.8221421,0 -122.9822943,42.8219845,0 -122.9821448,42.8218338,0 -122.9820328,42.8216077,0 -122.9819674,42.8215529,0 -122.9818646,42.8215255,0 -122.9817152,42.8215255,0 -122.9815844,42.8215735,0 -122.9814630,42.8217173,0 -122.9812856,42.8219297,0 -122.9811174,42.8220599,0 -122.9808839,42.8222654,0 -122.9807999,42.8224092,0 -122.9807625,42.8226422,0 -122.9807345,42.8228545,0 -122.9806318,42.8230463,0 -122.9805148,42.8232003,0 -122.9802675,42.8235259,0 -122.9801648,42.8236012,0 -122.9800340,42.8236355,0 -122.9797818,42.8236286,0 -122.9796234,42.8236285,0 -122.9794676,42.8236597,0 -122.9793261,42.8237272,0 -122.9791633,42.8238154,0 -122.9790571,42.8239296,0 -122.9789438,42.8240594,0 -122.9788660,42.8241269,0 -122.9786607,42.8242204,0 -122.9781794,42.8244280,0 -122.9779812,42.8245267,0 -122.9778679,42.8245474,0 -122.9776910,42.8245474,0 -122.9774361,42.8245423,0 -122.9772875,42.8245526,0 -122.9771388,42.8245838,0 -122.9769548,42.8246617,0 -122.9767566,42.8247863,0 -122.9765655,42.8249160,0 -122.9763814,42.8250718,0 -122.9762116,42.8252639,0 -122.9760275,42.8255131,0 -122.9757656,42.8258246,0 -122.9756170,42.8259751,0 -122.9754400,42.8261049,0 -122.9750861,42.8263697,0 -122.9749799,42.8264320,0 -122.9748808,42.8264527,0 -122.9747534,42.8264579,0 -122.9745835,42.8264475,0 -122.9742933,42.8264839,0 -122.9735501,42.8266448,0 -122.9734014,42.8266811,0 -122.9732953,42.8266915,0 -122.9731608,42.8266811,0 -122.9730334,42.8266396,0 -122.9727856,42.8265098,0 -122.9726299,42.8263749,0 -122.9725733,42.8262710,0 -122.9723043,42.8256377,0 -122.9720778,42.8251860,0 -122.9717947,42.8243865,0 -122.9717451,42.8241892,0 -122.9717309,42.8240179,0 -122.9717410,42.8239246,0 -122.9717522,42.8238310,0 -122.9718017,42.8236701,0 -122.9719079,42.8235299,0 -122.9722335,42.8232547,0 -122.9723680,42.8231042,0 -122.9724600,42.8229380,0 -122.9724954,42.8227667,0 -122.9724813,42.8225954,0 -122.9724529,42.8224552,0 -122.9724600,42.8223306,0 -122.9725237,42.8220347,0 -122.9726653,42.8217959,0 -122.9728847,42.8215363,0 -122.9729757,42.8213987,0 -122.9730079,42.8212767,0 -122.9729972,42.8211548,0 -122.9729381,42.8210210,0 -122.9728148,42.8208833,0 -122.9724446,42.8206826,0 -122.9721067,42.8204898,0 -122.9715756,42.8201121,0 -122.9714629,42.8199980,0 -122.9713771,42.8198209,0 -122.9713181,42.8197383,0 -122.9712108,42.8196714,0 -122.9706475,42.8194707,0 -122.9704866,42.8193841,0 -122.9702077,42.8191677,0 -122.9698965,42.8189513,0 -122.9696551,42.8187860,0 -122.9694030,42.8186916,0 -122.9689846,42.8185618,0 -122.9688183,42.8184594,0 -122.9687003,42.8183021,0 -122.9685876,42.8179991,0 -122.9685715,42.8178259,0 -122.9685930,42.8176134,0 -122.9687378,42.8173498,0 -122.9688129,42.8172081,0 -122.9688860,42.8170114,0 -122.9688967,42.8168461,0 -122.9687572,42.8164212,0 -122.9684676,42.8155869,0 -122.9683710,42.8152485,0 -122.9683066,42.8147133,0 -122.9682637,42.8141388,0 -122.9683174,42.8137925,0 -122.9684247,42.8135722,0 -122.9686392,42.8132888,0 -122.9691113,42.8127930,0 -122.9695405,42.8125018,0 -122.9701091,42.8122893,0 -122.9703129,42.8122184,0 -122.9704230,42.8121775,0 -122.9704880,42.8121447,0 -122.9705368,42.8120940,0 -122.9705572,42.8120463,0 -122.9705531,42.8119777,0 -122.9705206,42.8119032,0 -122.9704515,42.8118256,0 -122.9703214,42.8117541,0 -122.9701384,42.8116825,0 -122.9698254,42.8116079,0 -122.9690448,42.8115065,0 -122.9680796,42.8113733,0 -122.9678221,42.8113496,0 -122.9675003,42.8113418,0 -122.9671355,42.8113733,0 -122.9665025,42.8114834,0 -122.9656442,42.8116723,0 -122.9653009,42.8117589,0 -122.9649254,42.8118770,0 -122.9647215,42.8119321,0 -122.9645606,42.8119478,0 -122.9643138,42.8119321,0 -122.9641529,42.8118927,0 -122.9639490,42.8117589,0 -122.9637023,42.8115149,0 -122.9633268,42.8110584,0 -122.9631229,42.8109010,0 -122.9629083,42.8107121,0 -122.9626938,42.8104760,0 -122.9625430,42.8102315,0 -122.9624899,42.8101454,0 -122.9623934,42.8099565,0 -122.9623504,42.8097125,0 -122.9623826,42.8094528,0 -122.9625221,42.8089569,0 -122.9626294,42.8085949,0 -122.9626401,42.8083430,0 -122.9625757,42.8080518,0 -122.9624577,42.8077763,0 -122.9623075,42.8075795,0 -122.9621573,42.8073749,0 -122.9617174,42.8067294,0 -122.9613634,42.8062886,0 -122.9611059,42.8060367,0 -122.9609342,42.8058872,0 -122.9608377,42.8057770,0 -122.9607840,42.8056668,0 -122.9607840,42.8055330,0 -122.9608699,42.8053598,0 -122.9610844,42.8050686,0 -122.9612990,42.8047458,0 -122.9614492,42.8044310,0 -122.9615565,42.8042578,0 -122.9617389,42.8041161,0 -122.9623397,42.8037619,0 -122.9625972,42.8035966,0 -122.9628332,42.8033998,0 -122.9633697,42.8028803,0 -122.9637237,42.8025812,0 -122.9639383,42.8023922,0 -122.9639920,42.8022820,0 -122.9639705,42.8021639,0 -122.9638632,42.8020537,0 -122.9637345,42.8020065,0 -122.9635521,42.8019908,0 -122.9630264,42.8020065,0 -122.9625543,42.8020537,0 -122.9623397,42.8020537,0 -122.9621788,42.8020223,0 -122.9615458,42.8018255,0 -122.9606016,42.8015185,0 -122.9602583,42.8014083,0 -122.9600330,42.8013610,0 -122.9598506,42.8013531,0 -122.9595395,42.8013689,0 -122.9590674,42.8014555,0 -122.9587241,42.8015421,0 -122.9585953,42.8015421,0 -122.9584237,42.8014870,0 -122.9582198,42.8013295,0 -122.9580696,42.8011406,0 -122.9577478,42.8006211,0 -122.9576405,42.8003298,0 -122.9576190,42.8000936,0 -122.9576619,42.7998102,0 -122.9578336,42.7992985,0 -122.9578765,42.7990703,0 -122.9578658,42.7988341,0 -122.9577263,42.7984247,0 -122.9574688,42.7976926,0 -122.9573830,42.7975352,0 -122.9572757,42.7974328,0 -122.9570397,42.7972754,0 -122.9567929,42.7971573,0 -122.9563423,42.7969447,0 -122.9560633,42.7968030,0 -122.9557522,42.7966377,0 -122.9555269,42.7964330,0 -122.9550012,42.7958819,0 -122.9549261,42.7957245,0 -122.9548939,42.7955198,0 -122.9549475,42.7953545,0 -122.9550119,42.7951340,0 -122.9550012,42.7949372,0 -122.9549475,42.7947483,0 -122.9548510,42.7945672,0 -122.9547115,42.7944334,0 -122.9545291,42.7943153,0 -122.9543145,42.7942365,0 -122.9541107,42.7942051,0 -122.9539176,42.7941814,0 -122.9536815,42.7941893,0 -122.9534777,42.7942208,0 -122.9532631,42.7942995,0 -122.9529949,42.7944176,0 -122.9528340,42.7944806,0 -122.9526730,42.7945200,0 -122.9525014,42.7945200,0 -122.9520615,42.7944412,0 -122.9513212,42.7942995,0 -122.9506882,42.7941263,0 -122.9502698,42.7939767,0 -122.9500337,42.7938350,0 -122.9498728,42.7936854,0 -122.9497441,42.7935516,0 -122.9496690,42.7934335,0 -122.9496260,42.7932209,0 -122.9495724,42.7927092,0 -122.9495080,42.7921896,0 -122.9493149,42.7916463,0 -122.9491647,42.7911346,0 -122.9490681,42.7909063,0 -122.9489072,42.7907173,0 -122.9485853,42.7904732,0 -122.9483386,42.7902685,0 -122.9482098,42.7901111,0 -122.9481347,42.7899378,0 -122.9481455,42.7897725,0 -122.9481776,42.7894182,0 -122.9481776,42.7892135,0 -122.9481133,42.7890324,0 -122.9479202,42.7888119,0 -122.9478772,42.7886230,0 -122.9478343,42.7882057,0 -122.9477914,42.7878907,0 -122.9477270,42.7877648,0 -122.9476197,42.7876703,0 -122.9474052,42.7875679,0 -122.9469760,42.7874419,0 -122.9465147,42.7872687,0 -122.9463216,42.7872215,0 -122.9461284,42.7872136,0 -122.9459997,42.7872372,0 -122.9457637,42.7873475,0 -122.9456242,42.7873790,0 -122.9454633,42.7873553,0 -122.9451843,42.7872687,0 -122.9450126,42.7872294,0 -122.9447981,42.7872057,0 -122.9442509,42.7871979,0 -122.9439612,42.7871585,0 -122.9436286,42.7870798,0 -122.9431780,42.7869144,0 -122.9430064,42.7868514,0 -122.9428347,42.7868199,0 -122.9425879,42.7868199,0 -122.9421373,42.7868672,0 -122.9416867,42.7868672,0 -122.9412683,42.7868514,0 -122.9410430,42.7868829,0 -122.9407962,42.7869617,0 -122.9404958,42.7871191,0 -122.9398628,42.7875286,0 -122.9397126,42.7875994,0 -122.9395517,42.7876388,0 -122.9393770,42.7876526,0 -122.9392355,42.7876266,0 -122.9389948,42.7875851,0 -122.9387117,42.7875435,0 -122.9385701,42.7875435,0 -122.9383577,42.7875487,0 -122.9382091,42.7875539,0 -122.9380392,42.7875487,0 -122.9379673,42.7875421,0 -122.9379260,42.7875383,0 -122.9377561,42.7875020,0 -122.9375720,42.7874344,0 -122.9372818,42.7873202,0 -122.9368573,42.7871161,0 -122.9364468,42.7868823,0 -122.9360433,42.7866901,0 -122.9356681,42.7865395,0 -122.9355337,42.7864979,0 -122.9354133,42.7864771,0 -122.9351160,42.7864667,0 -122.9349391,42.7864563,0 -122.9347550,42.7864200,0 -122.9343728,42.7863161,0 -122.9342029,42.7862382,0 -122.9340755,42.7861706,0 -122.9339976,42.7860875,0 -122.9339269,42.7859732,0 -122.9339056,42.7858953,0 -122.9339127,42.7857758,0 -122.9339560,42.7855278,0 -122.9339437,42.7853650,0 -122.9338451,42.7850258,0 -122.9336972,42.7846550,0 -122.9335616,42.7844289,0 -122.9333583,42.7841620,0 -122.9332227,42.7840444,0 -122.9329208,42.7838183,0 -122.9323970,42.7834746,0 -122.9319102,42.7832213,0 -122.9315713,42.7830902,0 -122.9312447,42.7829952,0 -122.9310105,42.7828912,0 -122.9307825,42.7827555,0 -122.9306346,42.7826198,0 -122.9305730,42.7825023,0 -122.9305052,42.7822942,0 -122.9304436,42.7821359,0 -122.9303881,42.7820590,0 -122.9303203,42.7820048,0 -122.9302218,42.7819867,0 -122.9300184,42.7819595,0 -122.9298212,42.7819505,0 -122.9296548,42.7819279,0 -122.9295378,42.7818827,0 -122.9294453,42.7818148,0 -122.9293529,42.7817198,0 -122.9293036,42.7816294,0 -122.9292605,42.7814756,0 -122.9292173,42.7812947,0 -122.9291434,42.7810053,0 -122.9291126,42.7808063,0 -122.9291064,42.7806480,0 -122.9291372,42.7804897,0 -122.9291988,42.7803902,0 -122.9293098,42.7801550,0 -122.9293529,42.7800419,0 -122.9293467,42.7798972,0 -122.9292913,42.7797298,0 -122.9291311,42.7794811,0 -122.9290172,42.7793285,0 -122.9288476,42.7791012,0 -122.9287860,42.7789971,0 -122.9287552,42.7788931,0 -122.9287490,42.7787891,0 -122.9287860,42.7786534,0 -122.9288414,42.7785132,0 -122.9289339,42.7783639,0 -122.9292235,42.7780700,0 -122.9293159,42.7779705,0 -122.9293529,42.7778890,0 -122.9293591,42.7777850,0 -122.9293406,42.7776855,0 -122.9292605,42.7775724,0 -122.9290633,42.7773734,0 -122.9287675,42.7771744,0 -122.9283238,42.7769664,0 -122.9280096,42.7768442,0 -122.9277754,42.7767221,0 -122.9273441,42.7764643,0 -122.9271962,42.7763377,0 -122.9271469,42.7762336,0 -122.9271099,42.7761070,0 -122.9270729,42.7760120,0 -122.9270236,42.7759622,0 -122.9269435,42.7759306,0 -122.9268141,42.7759170,0 -122.9264998,42.7759170,0 -122.9263088,42.7758944,0 -122.9261671,42.7758673,0 -122.9260069,42.7758039,0 -122.9257296,42.7756275,0 -122.9252859,42.7753154,0 -122.9252120,42.7752295,0 -122.9251688,42.7751255,0 -122.9251565,42.7749898,0 -122.9251442,42.7748088,0 -122.9251195,42.7746732,0 -122.9250456,42.7744877,0 -122.9248731,42.7742751,0 -122.9247745,42.7741213,0 -122.9247128,42.7739902,0 -122.9246635,42.7738228,0 -122.9246019,42.7736554,0 -122.9245403,42.7735152,0 -122.9244294,42.7734067,0 -122.9239980,42.7730945,0 -122.9237885,42.7729724,0 -122.9236406,42.7729181,0 -122.9234373,42.7728548,0 -122.9232401,42.7728277,0 -122.9230367,42.7728186,0 -122.9228087,42.7728277,0 -122.9226177,42.7728729,0 -122.9223528,42.7729634,0 -122.9219645,42.7731398,0 -122.9217427,42.7732755,0 -122.9215825,42.7734383,0 -122.9214346,42.7736057,0 -122.9212189,42.7739042,0 -122.9211265,42.7740761,0 -122.9210279,42.7743068,0 -122.9209663,42.7744289,0 -122.9208739,42.7745646,0 -122.9206643,42.7747681,0 -122.9204856,42.7749129,0 -122.9203994,42.7749626,0 -122.9203254,42.7749853,0 -122.9202576,42.7749898,0 -122.9201775,42.7749672,0 -122.9201159,42.7749355,0 -122.9200543,42.7748767,0 -122.9200050,42.7748134,0 -122.9199310,42.7747410,0 -122.9198140,42.7746958,0 -122.9197092,42.7746822,0 -122.9194381,42.7746641,0 -122.9192964,42.7746415,0 -122.9191978,42.7746008,0 -122.9190622,42.7745465,0 -122.9189266,42.7745148,0 -122.9186308,42.7744787,0 -122.9183659,42.7744606,0 -122.9182365,42.7744470,0 -122.9181440,42.7744199,0 -122.9180591,42.7743871,0 -122.9179592,42.7743203,0 -122.9178976,42.7742525,0 -122.9178236,42.7741213,0 -122.9177990,42.7740173,0 -122.9178113,42.7738906,0 -122.9179530,42.7735695,0 -122.9181564,42.7731850,0 -122.9183717,42.7727122,0 -122.9184253,42.7725666,0 -122.9184414,42.7723972,0 -122.9184414,42.7721176,0 -122.9184200,42.7719523,0 -122.9183073,42.7714994,0 -122.9182751,42.7712553,0 -122.9182569,42.7711472,0 -122.9182483,42.7710938,0 -122.9182161,42.7709835,0 -122.9181947,42.7708733,0 -122.9181947,42.7707670,0 -122.9182269,42.7706528,0 -122.9182859,42.7704992,0 -122.9183021,42.7704030,0 -122.9182859,42.7702983,0 -122.9181947,42.7701251,0 -122.9180928,42.7700148,0 -122.9179962,42.7699361,0 -122.9178728,42.7698731,0 -122.9177280,42.7698297,0 -122.9175778,42.7697785,0 -122.9174222,42.7697155,0 -122.9173095,42.7696446,0 -122.9172398,42.7695777,0 -122.9172184,42.7695029,0 -122.9172130,42.7694123,0 -122.9172010,42.7692760,0 -122.9172130,42.7691603,0 -122.9172023,42.7690697,0 -122.9171379,42.7689713,0 -122.9170413,42.7689082,0 -122.9169019,42.7688492,0 -122.9167570,42.7688098,0 -122.9165371,42.7687665,0 -122.9162957,42.7687468,0 -122.9160275,42.7687310,0 -122.9158236,42.7687153,0 -122.9156949,42.7686798,0 -122.9156037,42.7686326,0 -122.9155017,42.7685538,0 -122.9153247,42.7683294,0 -122.9151745,42.7680891,0 -122.9150565,42.7678686,0 -122.9150189,42.7678017,0 -122.9148526,42.7676008,0 -122.9146703,42.7674197,0 -122.9144825,42.7672700,0 -122.9140694,42.7670022,0 -122.9138334,42.7668053,0 -122.9137637,42.7667265,0 -122.9136993,42.7666202,0 -122.9136617,42.7664942,0 -122.9136403,42.7662776,0 -122.9136188,42.7660925,0 -122.9135598,42.7660137,0 -122.9134794,42.7659468,0 -122.9132970,42.7658641,0 -122.9130931,42.7657735,0 -122.9129375,42.7656869,0 -122.9125728,42.7653836,0 -122.9122992,42.7651119,0 -122.9122455,42.7650056,0 -122.9122187,42.7648913,0 -122.9121892,42.7647043,0 -122.9121597,42.7645960,0 -122.9120524,42.7644936,0 -122.9118861,42.7643833,0 -122.9115052,42.7642100,0 -122.9112209,42.7640485,0 -122.9109742,42.7638556,0 -122.9108186,42.7637177,0 -122.9106630,42.7635563,0 -122.9105718,42.7634184,0 -122.9104645,42.7631861,0 -122.9102822,42.7626819,0 -122.9101266,42.7621818,0 -122.9099925,42.7617682,0 -122.9096653,42.7608663,0 -122.9094990,42.7604173,0 -122.9094239,42.7601889,0 -122.9093702,42.7600392,0 -122.9093005,42.7599250,0 -122.9092093,42.7598147,0 -122.9091234,42.7597359,0 -122.9090322,42.7596611,0 -122.9089303,42.7596060,0 -122.9088445,42.7595784,0 -122.9087479,42.7595705,0 -122.9086460,42.7595705,0 -122.9085441,42.7595863,0 -122.9084475,42.7596099,0 -122.9083456,42.7596493,0 -122.9082276,42.7597320,0 -122.9080345,42.7598974,0 -122.9078253,42.7600550,0 -122.9075624,42.7602598,0 -122.9074712,42.7603425,0 -122.9074229,42.7604331,0 -122.9074015,42.7605433,0 -122.9074015,42.7606969,0 -122.9073961,42.7608506,0 -122.9073746,42.7609569,0 -122.9073156,42.7610396,0 -122.9071279,42.7612129,0 -122.9070474,42.7613153,0 -122.9070045,42.7614256,0 -122.9069991,42.7615516,0 -122.9070421,42.7617091,0 -122.9071601,42.7619336,0 -122.9073371,42.7621266,0 -122.9075034,42.7622448,0 -122.9077019,42.7623393,0 -122.9079165,42.7624220,0 -122.9080559,42.7624929,0 -122.9081257,42.7625520,0 -122.9081632,42.7626150,0 -122.9081793,42.7626938,0 -122.9081364,42.7628985,0 -122.9080452,42.7632057,0 -122.9080559,42.7632766,0 -122.9081042,42.7633633,0 -122.9081954,42.7634539,0 -122.9083456,42.7635523,0 -122.9086460,42.7636980,0 -122.9087479,42.7637650,0 -122.9089411,42.7639619,0 -122.9091556,42.7641943,0 -122.9094507,42.7644660,0 -122.9096760,42.7646866,0 -122.9097243,42.7647653,0 -122.9097457,42.7648362,0 -122.9097511,42.7649110,0 -122.9097243,42.7649740,0 -122.9096867,42.7650213,0 -122.9096277,42.7650528,0 -122.9095633,42.7650686,0 -122.9094560,42.7650686,0 -122.9093166,42.7650410,0 -122.9090430,42.7649544,0 -122.9083563,42.7646984,0 -122.9082330,42.7646590,0 -122.9081632,42.7646472,0 -122.9080988,42.7646472,0 -122.9080076,42.7646708,0 -122.9079540,42.7647023,0 -122.9078950,42.7647693,0 -122.9078092,42.7650016,0 -122.9077555,42.7651513,0 -122.9076804,42.7654112,0 -122.9076214,42.7655490,0 -122.9075302,42.7657184,0 -122.9074176,42.7658680,0 -122.9072888,42.7660098,0 -122.9071493,42.7661398,0 -122.9070528,42.7662343,0 -122.9069830,42.7663564,0 -122.9069294,42.7664903,0 -122.9068328,42.7667384,0 -122.9067945,42.7668097,0 -122.9067631,42.7668683,0 -122.9066826,42.7669865,0 -122.9066129,42.7670652,0 -122.9065271,42.7671282,0 -122.9064144,42.7671716,0 -122.9062481,42.7672070,0 -122.9059423,42.7672424,0 -122.9057439,42.7672582,0 -122.9055400,42.7672582,0 -122.9054166,42.7672503,0 -122.9053147,42.7672346,0 -122.9051699,42.7671834,0 -122.9049714,42.7670770,0 -122.9047407,42.7669550,0 -122.9046227,42.7669116,0 -122.9045261,42.7668801,0 -122.9043652,42.7668565,0 -122.9042150,42.7668604,0 -122.9039951,42.7668841,0 -122.9037043,42.7669354,0 -122.9033031,42.7670062,0 -122.9026325,42.7671479,0 -122.9023643,42.7671912,0 -122.9022087,42.7672346,0 -122.9020692,42.7672936,0 -122.9019083,42.7673842,0 -122.9017903,42.7674630,0 -122.9017205,42.7675063,0 -122.9016294,42.7675496,0 -122.9015167,42.7675693,0 -122.9013343,42.7675851,0 -122.9011841,42.7676126,0 -122.9010285,42.7676638,0 -122.9008730,42.7677505,0 -122.9006530,42.7678647,0 -122.9005296,42.7679237,0 -122.9003955,42.7679592,0 -122.9000200,42.7680537,0 -122.8998913,42.7681088,0 -122.8996552,42.7682467,0 -122.8995050,42.7683333,0 -122.8994326,42.7683786,0 -122.8993575,42.7684219,0 -122.8992771,42.7684514,0 -122.8991912,42.7684672,0 -122.8991054,42.7684790,0 -122.8990249,42.7684829,0 -122.8989525,42.7684790,0 -122.8988667,42.7684652,0 -122.8987996,42.7684475,0 -122.8987057,42.7684081,0 -122.8985448,42.7683097,0 -122.8981237,42.7680419,0 -122.8977831,42.7678076,0 -122.8976007,42.7677071,0 -122.8974585,42.7676382,0 -122.8972252,42.7675398,0 -122.8966592,42.7673389,0 -122.8962247,42.7671637,0 -122.8961201,42.7671125,0 -122.8959887,42.7670258,0 -122.8958009,42.7668860,0 -122.8955756,42.7667128,0 -122.8954308,42.7666045,0 -122.8953235,42.7665493,0 -122.8952260,42.7665098,0 -122.8950526,42.7664552,0 -122.8948296,42.7663747,0 -122.8946916,42.7663097,0 -122.8946172,42.7662604,0 -122.8942173,42.7659278,0 -122.8939554,42.7657251,0 -122.8938209,42.7656316,0 -122.8937006,42.7655692,0 -122.8936015,42.7655303,0 -122.8934989,42.7655121,0 -122.8933998,42.7655043,0 -122.8932865,42.7655121,0 -122.8931733,42.7655328,0 -122.8930423,42.7655640,0 -122.8928370,42.7656212,0 -122.8922955,42.7657797,0 -122.8919805,42.7658758,0 -122.8918602,42.7659070,0 -122.8917540,42.7659278,0 -122.8916231,42.7659434,0 -122.8914780,42.7659486,0 -122.8913223,42.7659434,0 -122.8909825,42.7659122,0 -122.8907631,42.7658784,0 -122.8906215,42.7658394,0 -122.8904693,42.7657849,0 -122.8903348,42.7657147,0 -122.8901614,42.7656160,0 -122.8900198,42.7655069,0 -122.8899313,42.7654263,0 -122.8896978,42.7651847,0 -122.8895668,42.7650262,0 -122.8894677,42.7649326,0 -122.8893651,42.7648651,0 -122.8892447,42.7648105,0 -122.8891492,42.7647378,0 -122.8890501,42.7646183,0 -122.8889545,42.7644442,0 -122.8888590,42.7642779,0 -122.8887740,42.7641791,0 -122.8886820,42.7641012,0 -122.8884803,42.7639765,0 -122.8883246,42.7638647,0 -122.8882219,42.7637686,0 -122.8881547,42.7636881,0 -122.8880874,42.7635815,0 -122.8880131,42.7633866,0 -122.8878928,42.7630800,0 -122.8878361,42.7628826,0 -122.8878220,42.7627423,0 -122.8878291,42.7626383,0 -122.8878538,42.7625266,0 -122.8879034,42.7624097,0 -122.8879777,42.7622979,0 -122.8880803,42.7622044,0 -122.8883104,42.7620199,0 -122.8883883,42.7619238,0 -122.8885086,42.7617445,0 -122.8885617,42.7616145,0 -122.8885758,42.7614820,0 -122.8885652,42.7613443,0 -122.8885157,42.7611910,0 -122.8884060,42.7609182,0 -122.8883741,42.7607856,0 -122.8883564,42.7606349,0 -122.8883458,42.7604323,0 -122.8883175,42.7602374,0 -122.8882679,42.7600321,0 -122.8882078,42.7598788,0 -122.8881051,42.7596943,0 -122.8879352,42.7594708,0 -122.8876450,42.7590836,0 -122.8873831,42.7587770,0 -122.8872805,42.7586913,0 -122.8871708,42.7586185,0 -122.8870434,42.7585587,0 -122.8869124,42.7585068,0 -122.8867992,42.7584808,0 -122.8866151,42.7584392,0 -122.8864842,42.7584002,0 -122.8863320,42.7583275,0 -122.8861019,42.7582053,0 -122.8859604,42.7581482,0 -122.8857409,42.7580858,0 -122.8853587,42.7579896,0 -122.8851782,42.7579273,0 -122.8850791,42.7578935,0 -122.8849729,42.7578363,0 -122.8849057,42.7577740,0 -122.8848314,42.7576674,0 -122.8847252,42.7575349,0 -122.8846226,42.7574335,0 -122.8844774,42.7573140,0 -122.8841802,42.7570853,0 -122.8836740,42.7567189,0 -122.8834759,42.7566098,0 -122.8833520,42.7565500,0 -122.8832327,42.7565100,0 -122.8830717,42.7564824,0 -122.8828893,42.7564588,0 -122.8827499,42.7564548,0 -122.8825782,42.7564666,0 -122.8823636,42.7564824,0 -122.8821437,42.7565178,0 -122.8818111,42.7565809,0 -122.8814624,42.7566518,0 -122.8812586,42.7566872,0 -122.8811191,42.7566990,0 -122.8809957,42.7566951,0 -122.8808831,42.7566793,0 -122.8807489,42.7566360,0 -122.8805826,42.7565612,0 -122.8802822,42.7563957,0 -122.8796278,42.7560649,0 -122.8788178,42.7556946,0 -122.8781472,42.7553756,0 -122.8779541,42.7552929,0 -122.8777985,42.7552495,0 -122.8776698,42.7552180,0 -122.8774606,42.7552023,0 -122.8773104,42.7552023,0 -122.8771709,42.7552141,0 -122.8769563,42.7552535,0 -122.8767417,42.7553165,0 -122.8765808,42.7553795,0 -122.8764842,42.7554425,0 -122.8763984,42.7555213,0 -122.8762965,42.7556474,0 -122.8762482,42.7557498,0 -122.8761677,42.7559625,0 -122.8761195,42.7561791,0 -122.8760926,42.7563603,0 -122.8760662,42.7564382,0 -122.8760237,42.7565031,0 -122.8759741,42.7565525,0 -122.8759034,42.7565759,0 -122.8758220,42.7565941,0 -122.8757264,42.7565993,0 -122.8756308,42.7565863,0 -122.8755282,42.7565395,0 -122.8753796,42.7564408,0 -122.8750292,42.7561783,0 -122.8748664,42.7560822,0 -122.8747283,42.7560198,0 -122.8745655,42.7559600,0 -122.8743957,42.7559262,0 -122.8742789,42.7559133,0 -122.8741515,42.7559159,0 -122.8739816,42.7559288,0 -122.8737657,42.7559548,0 -122.8736453,42.7559782,0 -122.8733693,42.7560588,0 -122.8731888,42.7561315,0 -122.8730508,42.7562095,0 -122.8728844,42.7563238,0 -122.8727782,42.7564304,0 -122.8726296,42.7566357,0 -122.8724739,42.7568436,0 -122.8723712,42.7569397,0 -122.8722757,42.7570073,0 -122.8721978,42.7570411,0 -122.8720810,42.7570800,0 -122.8719748,42.7571008,0 -122.8718970,42.7571034,0 -122.8717625,42.7570852,0 -122.8715501,42.7570437,0 -122.8714050,42.7570255,0 -122.8712599,42.7570229,0 -122.8711290,42.7570463,0 -122.8710051,42.7570982,0 -122.8707786,42.7572204,0 -122.8706335,42.7573217,0 -122.8705273,42.7574179,0 -122.8704318,42.7575218,0 -122.8703787,42.7576024,0 -122.8703468,42.7577115,0 -122.8703150,42.7579142,0 -122.8703114,42.7580545,0 -122.8703114,42.7582312,0 -122.8702937,42.7584001,0 -122.8702619,42.7584885,0 -122.8702017,42.7585508,0 -122.8700566,42.7586158,0 -122.8699186,42.7586496,0 -122.8698336,42.7586522,0 -122.8697593,42.7586340,0 -122.8696779,42.7585950,0 -122.8696071,42.7585171,0 -122.8694833,42.7583014,0 -122.8693523,42.7580545,0 -122.8692674,42.7579194,0 -122.8691223,42.7578051,0 -122.8689218,42.7577230,0 </coordinates></LineString></Placemark><Placemark><name>Crater Lake Highway</name><ExtendedData><Data name="featureClass"><value>primary</value></Data><Data name="osmType"><value>way</value></Data><Data name="ref"><value>OR 62</value></Data><Data name="osmId"><value>88982933</value></Data></ExtendedData><LineString><tessellate>1</tessellate><coordinates>-122.8119035,42.4899916,0 -122.8118978,42.4909716,0 -122.8118867,42.4928636,0 -122.8118783,42.4946194,0 -122.8118557,42.4993100,0 -122.8118462,42.5012697,0 -122.8118441,42.5017225,0 -122.8118428,42.5019889,0 -122.8118321,42.5042015,0 -122.8118300,42.5046458,0 -122.8118254,42.5055985,0 -122.8118046,42.5100206,0 -122.8117957,42.5119230,0 -122.8117918,42.5127380,0 -122.8118075,42.5137198,0 -122.8118305,42.5141932,0 -122.8118564,42.5146290,0 -122.8119137,42.5152457,0 -122.8119831,42.5158580,0 -122.8120674,42.5164412,0 -122.8121474,42.5169201,0 -122.8122395,42.5174078,0 -122.8123187,42.5178025,0 -122.8124081,42.5181972,0 -122.8125081,42.5186091,0 -122.8126138,42.5190175,0 -122.8129230,42.5200988,0 -122.8134150,42.5218194,0 -122.8135602,42.5223272,0 -122.8137567,42.5230143,0 </coordinates></LineString></Placemark><Placemark><name>Agate Road</name><ExtendedData><Data name="featureClass"><value>tertiary</value></Data><Data name="osmType"><value>way</value></Data><Data name="osmId"><value>88983123</value></Data></ExtendedData><LineString><tessellate>1</tessellate><coordinates>-122.8560401,42.4369061,0 -122.8560434,42.4375737,0 -122.8560451,42.4379172,0 -122.8560359,42.4382700,0 -122.8560260,42.4386500,0 -122.8560293,42.4393971,0 -122.8560336,42.4403458,0 -122.8560360,42.4408940,0 -122.8560382,42.4413023,0 -122.8560390,42.4414550,0 -122.8560410,42.4416590,0 -122.8560627,42.4437091,0 -122.8560950,42.4482050,0 -122.8560970,42.4501880,0 -122.8560980,42.4510150,0 </coordinates></LineString></Placemark><Placemark><name>Table Rock Road</name><ExtendedData><Data name="featureClass"><value>secondary</value></Data><Data name="osmType"><value>way</value></Data><Data name="osmId"><value>92989926</value></Data></ExtendedData><LineString><tessellate>1</tessellate><coordinates>-122.8921820,42.4417691,0 -122.8924175,42.4422417,0 -122.8924980,42.4424540,0 -122.8926120,42.4427050,0 -122.8927590,42.4430300,0 -122.8930402,42.4435927,0 -122.8942520,42.4463540,0 -122.8947860,42.4475030,0 -122.8950080,42.4480220,0 -122.8952050,42.4483830,0 -122.8953960,42.4486490,0 -122.8956020,42.4488500,0 -122.8957310,42.4489520,0 -122.8958640,42.4490570,0 -122.8962430,42.4493280,0 -122.8963740,42.4494130,0 -122.8976350,42.4502340,0 -122.8986080,42.4508460,0 -122.8989282,42.4510130,0 -122.8990320,42.4510710,0 -122.8991510,42.4511160,0 -122.8994570,42.4511970,0 -122.8996250,42.4512250,0 -122.8997800,42.4512430,0 -122.8999960,42.4512530,0 -122.9001743,42.4512526,0 -122.9061850,42.4512390,0 -122.9100030,42.4512403,0 -122.9125322,42.4512336,0 -122.9149816,42.4512342,0 -122.9186280,42.4512350,0 -122.9203244,42.4512325,0 -122.9205392,42.4512322,0 -122.9217078,42.4512305,0 -122.9227504,42.4512290,0 -122.9234788,42.4512279,0 -122.9243799,42.4512266,0 -122.9245234,42.4512264,0 -122.9247234,42.4512261,0 -122.9252705,42.4512253,0 -122.9258606,42.4512245,0 -122.9259680,42.4512243,0 -122.9264614,42.4512236,0 -122.9269765,42.4512229,0 -122.9287801,42.4512203,0 -122.9318252,42.4512150,0 -122.9329330,42.4512140,0 -122.9329870,42.4512190,0 -122.9330440,42.4512240,0 -122.9331420,42.4512400,0 -122.9332410,42.4512620,0 -122.9334850,42.4513330,0 -122.9336220,42.4513780,0 -122.9336750,42.4514020,0 -122.9339100,42.4515120,0 -122.9340190,42.4515810,0 -122.9341557,42.4516914,0 -122.9342630,42.4517780,0 -122.9343640,42.4518880,0 -122.9344460,42.4520060,0 -122.9345370,42.4521660,0 -122.9345910,42.4522620,0 -122.9346100,42.4523210,0 -122.9346260,42.4524070,0 -122.9346320,42.4524900,0 -122.9346350,42.4529710,0 -122.9346441,42.4544766,0 -122.9346442,42.4544911,0 -122.9346463,42.4548407,0 -122.9346510,42.4556150,0 -122.9346894,42.4605319,0 -122.9347010,42.4620230,0 -122.9347110,42.4641480,0 -122.9347160,42.4645650,0 -122.9347445,42.4652735,0 -122.9347438,42.4657329,0 -122.9347754,42.4692421,0 -122.9348167,42.4729298,0 -122.9348540,42.4762640,0 -122.9348580,42.4765840,0 -122.9348580,42.4766060,0 -122.9348580,42.4768240,0 -122.9348580,42.4769337,0 -122.9348590,42.4793050,0 -122.9349310,42.4817340,0 -122.9349325,42.4819030,0 -122.9349490,42.4837940,0 -122.9349734,42.4852540,0 </coordinates></LineString></Placemark><Placemark><name>South Royal Avenue</name><ExtendedData><Data name="featureClass"><value>primary</value></Data><Data name="osmType"><value>way</value></Data><Data name="osmId"><value>93238802</value></Data></ExtendedData><LineString><tessellate>1</tessellate><coordinates>-122.8018919,42.4715676,0 -122.8017962,42.4716398,0 -122.8014192,42.4719285,0 -122.8013837,42.4719560,0 -122.8011070,42.4721562,0 -122.8009878,42.4722426,0 </coordinates></LineString></Placemark><Placemark><name>Old Highway 234</name><ExtendedData><Data name="featureClass"><value>tertiary</value></Data><Data name="osmType"><value>way</value></Data><Data name="osmId"><value>93243751</value></Data></ExtendedData><LineString><tessellate>1</tessellate><coordinates>-122.8393632,42.5245707,0 -122.8392725,42.5244300,0 -122.8386038,42.5241992,0 -122.8376248,42.5239027,0 -122.8370508,42.5237327,0 -122.8364050,42.5236560,0 </coordinates></LineString></Placemark><Placemark><name>Crater Lake Highway</name><ExtendedData><Data name="featureClass"><value>primary</value></Data><Data name="osmType"><value>way</value></Data><Data name="ref"><value>OR 62</value></Data><Data name="osmId"><value>176273923</value></Data></ExtendedData><LineString><tessellate>1</tessellate><coordinates>-122.8104740,42.6183053,0 -122.8098961,42.6195471,0 -122.8097119,42.6199318,0 -122.8094322,42.6205161,0 -122.8092535,42.6208906,0 -122.8091101,42.6211924,0 -122.8087975,42.6218536,0 -122.8083312,42.6228455,0 -122.8082557,42.6230431,0 -122.8082173,42.6231652,0 -122.8081628,42.6233490,0 -122.8081224,42.6234850,0 -122.8081042,42.6235493,0 -122.8079830,42.6241840,0 </coordinates></LineString></Placemark><Placemark><name>Crater Lake Highway</name><ExtendedData><Data name="featureClass"><value>primary</value></Data><Data name="osmType"><value>way</value></Data><Data name="ref"><value>OR 62</value></Data><Data name="osmId"><value>176273924</value></Data></ExtendedData><LineString><tessellate>1</tessellate><coordinates>-122.8121944,42.6132547,0 -122.8120401,42.6142513,0 </coordinates></LineString></Placemark><Placemark><name>State Highway 234</name><ExtendedData><Data name="featureClass"><value>primary</value></Data><Data name="osmType"><value>way</value></Data><Data name="ref"><value>OR 234</value></Data><Data name="osmId"><value>176274806</value></Data></ExtendedData><LineString><tessellate>1</tessellate><coordinates>-122.8432525,42.5254085,0 -122.8417348,42.5250936,0 </coordinates></LineString></Placemark><Placemark><name>State Highway 234</name><ExtendedData><Data name="featureClass"><value>primary</value></Data><Data name="osmType"><value>way</value></Data><Data name="ref"><value>OR 234</value></Data><Data name="osmId"><value>176274807</value></Data></ExtendedData><LineString><tessellate>1</tessellate><coordinates>-122.8417348,42.5250936,0 -122.8412790,42.5249920,0 -122.8402620,42.5247680,0 -122.8399280,42.5246905,0 -122.8393632,42.5245707,0 -122.8390240,42.5244980,0 -122.8369490,42.5240980,0 -122.8363980,42.5240120,0 -122.8342581,42.5237943,0 -122.8305958,42.5237297,0 -122.8191778,42.5237863,0 -122.8145436,42.5237757,0 -122.8141458,42.5237845,0 -122.8139813,42.5237998,0 </coordinates></LineString></Placemark><Placemark><name>Wheeler Road</name><ExtendedData><Data name="featureClass"><value>tertiary</value></Data><Data name="osmType"><value>way</value></Data><Data name="osmId"><value>201214005</value></Data></ExtendedData><LineString><tessellate>1</tessellate><coordinates>-122.9371948,42.4620295,0 -122.9373874,42.4620327,0 </coordinates></LineString></Placemark><Placemark><name>Wheeler Road</name><ExtendedData><Data name="featureClass"><value>tertiary</value></Data><Data name="osmType"><value>way</value></Data><Data name="osmId"><value>201214007</value></Data></ExtendedData><LineString><tessellate>1</tessellate><coordinates>-122.9373874,42.4620327,0 -122.9394400,42.4620250,0 -122.9395180,42.4620360,0 -122.9395860,42.4620560,0 -122.9396438,42.4620809,0 -122.9396650,42.4620900,0 -122.9397370,42.4621330,0 -122.9398040,42.4621840,0 -122.9399420,42.4623340,0 -122.9400400,42.4624580,0 -122.9415410,42.4642620,0 -122.9421960,42.4651170,0 -122.9422320,42.4651650,0 -122.9425350,42.4655990,0 -122.9435720,42.4671280,0 -122.9436690,42.4672930,0 -122.9437390,42.4674530,0 -122.9443230,42.4688620,0 -122.9443660,42.4689670,0 -122.9444650,42.4692300,0 -122.9444743,42.4692511,0 -122.9446530,42.4697550,0 -122.9446840,42.4698970,0 -122.9447040,42.4700380,0 -122.9447200,42.4706380,0 -122.9447306,42.4713157,0 -122.9447550,42.4728817,0 -122.9447620,42.4733340,0 -122.9447890,42.4765500,0 </coordinates></LineString></Placemark><Placemark><name>Alta Vista Road</name><ExtendedData><Data name="featureClass"><value>secondary</value></Data><Data name="osmType"><value>way</value></Data><Data name="osmId"><value>202361360</value></Data></ExtendedData><LineString><tessellate>1</tessellate><coordinates>-122.8170640,42.4575443,0 -122.8163471,42.4575456,0 -122.8162023,42.4575458,0 -122.8154393,42.4575472,0 -122.8135827,42.4575505,0 -122.8126962,42.4575521,0 -122.8115617,42.4575541,0 -122.8111710,42.4575548,0 -122.8080131,42.4575605,0 -122.8069690,42.4575623,0 -122.8059542,42.4575642,0 -122.8057950,42.4575594,0 -122.8056157,42.4575470,0 -122.8054479,42.4575209,0 -122.8053075,42.4574898,0 -122.8051661,42.4574452,0 -122.8049689,42.4573588,0 -122.8048120,42.4572726,0 -122.8046549,42.4571607,0 -122.8045370,42.4570530,0 -122.8039968,42.4565255,0 -122.8036380,42.4561751,0 </coordinates></LineString></Placemark><Placemark><name>Arrowhead Trail</name><ExtendedData><Data name="featureClass"><value>tertiary</value></Data><Data name="osmType"><value>way</value></Data><Data name="osmId"><value>205624291</value></Data></ExtendedData><LineString><tessellate>1</tessellate><coordinates>-122.8124954,42.4620313,0 -122.8123096,42.4620558,0 -122.8122493,42.4620637,0 -122.8119792,42.4620993,0 -122.8119037,42.4621151,0 -122.8118402,42.4621319,0 -122.8117982,42.4621477,0 -122.8115674,42.4622344,0 -122.8115181,42.4622526,0 -122.8114587,42.4622721,0 -122.8113035,42.4623100,0 </coordinates></LineString></Placemark><Placemark><name>Crater Lake Highway</name><ExtendedData><Data name="featureClass"><value>primary</value></Data><Data name="osmType"><value>way</value></Data><Data name="ref"><value>OR 62</value></Data><Data name="osmId"><value>206048339</value></Data></ExtendedData><LineString><tessellate>1</tessellate><coordinates>-122.8282355,42.4458138,0 -122.8274015,42.4464573,0 -122.8268183,42.4469270,0 -122.8262754,42.4473888,0 -122.8256671,42.4479434,0 -122.8252552,42.4483308,0 -122.8247946,42.4487954,0 -122.8243465,42.4492656,0 -122.8240441,42.4495959,0 -122.8237541,42.4499309,0 -122.8234695,42.4502635,0 -122.8231949,42.4506051,0 -122.8231626,42.4507480,0 </coordinates></LineString></Placemark><Placemark><name>Crater Lake Highway</name><ExtendedData><Data name="featureClass"><value>primary</value></Data><Data name="osmType"><value>way</value></Data><Data name="ref"><value>OR 62</value></Data><Data name="osmId"><value>207204714</value></Data></ExtendedData><LineString><tessellate>1</tessellate><coordinates>-122.6940955,42.6580457,0 -122.6927854,42.6575885,0 -122.6926303,42.6575333,0 -122.6903090,42.6567470,0 -122.6899030,42.6566366,0 -122.6895825,42.6565538,0 -122.6892727,42.6564986,0 -122.6885560,42.6563760,0 -122.6880470,42.6563570,0 -122.6875760,42.6563950,0 -122.6864608,42.6565777,0 -122.6858540,42.6567490,0 -122.6849111,42.6571305,0 -122.6838382,42.6578339,0 -122.6813340,42.6596600,0 -122.6792637,42.6611110,0 -122.6778325,42.6621615,0 -122.6758000,42.6636210,0 -122.6753280,42.6638330,0 -122.6749310,42.6639630,0 -122.6744580,42.6640880,0 -122.6740400,42.6641260,0 -122.6734686,42.6641506,0 -122.6730706,42.6641245,0 -122.6724690,42.6640798,0 -122.6706094,42.6638706,0 -122.6696883,42.6637933,0 -122.6690537,42.6637700,0 -122.6683214,42.6638074,0 -122.6675103,42.6639078,0 -122.6644188,42.6645175,0 -122.6638761,42.6645895,0 -122.6634643,42.6646236,0 -122.6630448,42.6646288,0 -122.6626979,42.6646069,0 -122.6621943,42.6645419,0 -122.6614400,42.6644003,0 -122.6604832,42.6641874,0 -122.6601040,42.6641030,0 -122.6586449,42.6638081,0 -122.6536660,42.6628220,0 -122.6530990,42.6627510,0 -122.6525080,42.6627310,0 -122.6510060,42.6627820,0 -122.6466260,42.6630780,0 -122.6463020,42.6631430,0 -122.6460150,42.6632400,0 -122.6454977,42.6634285,0 -122.6452573,42.6635414,0 -122.6449792,42.6636835,0 -122.6446849,42.6639067,0 -122.6444033,42.6641533,0 -122.6441361,42.6644727,0 -122.6439684,42.6647603,0 -122.6438310,42.6650898,0 -122.6437287,42.6654686,0 -122.6437000,42.6659157,0 -122.6436944,42.6661580,0 -122.6436241,42.6673222,0 -122.6435634,42.6676839,0 -122.6434900,42.6679470,0 -122.6433455,42.6683115,0 -122.6431196,42.6686587,0 -122.6428999,42.6689075,0 -122.6426292,42.6691516,0 -122.6423101,42.6693646,0 -122.6407986,42.6701465,0 -122.6387831,42.6711573,0 -122.6374625,42.6718138,0 -122.6349307,42.6731016,0 -122.6343973,42.6733131,0 -122.6339662,42.6734523,0 -122.6331500,42.6736280,0 -122.6321660,42.6737450,0 -122.6308590,42.6738790,0 -122.6260042,42.6743171,0 -122.6248806,42.6744884,0 -122.6241741,42.6746488,0 -122.6235527,42.6748260,0 -122.6229063,42.6750548,0 -122.6224667,42.6752630,0 -122.6219552,42.6755545,0 -122.6215107,42.6758408,0 -122.6210464,42.6762042,0 -122.6188795,42.6780912,0 -122.6172886,42.6794723,0 -122.6161466,42.6804854,0 -122.6145912,42.6817848,0 -122.6136918,42.6825126,0 -122.6114401,42.6844679,0 -122.6103997,42.6854216,0 -122.6094343,42.6860704,0 -122.6086357,42.6864977,0 -122.6077570,42.6869400,0 -122.6072460,42.6871200,0 -122.6053280,42.6877960,0 -122.6045530,42.6880890,0 -122.6044974,42.6881100,0 -122.6026340,42.6888150,0 -122.6019410,42.6891550,0 -122.6013740,42.6895190,0 -122.6010760,42.6898080,0 -122.6008200,42.6901600,0 -122.6006720,42.6903780,0 -122.6005630,42.6905950,0 -122.6005140,42.6908530,0 -122.6004870,42.6910290,0 -122.6004620,42.6915460,0 -122.6004700,42.6922250,0 </coordinates></LineString></Placemark><Placemark><name>Crater Lake Highway</name><ExtendedData><Data name="featureClass"><value>primary</value></Data><Data name="osmType"><value>way</value></Data><Data name="ref"><value>OR 62</value></Data><Data name="osmId"><value>207204715</value></Data></ExtendedData><LineString><tessellate>1</tessellate><coordinates>-122.6958052,42.6586461,0 -122.6940955,42.6580457,0 </coordinates></LineString></Placemark><Placemark><name>Crystal Drive</name><ExtendedData><Data name="featureClass"><value>tertiary</value></Data><Data name="osmType"><value>way</value></Data><Data name="osmId"><value>239062046</value></Data></ExtendedData><LineString><tessellate>1</tessellate><coordinates>-122.7969000,42.4808180,0 -122.7961370,42.4813020,0 -122.7959820,42.4813630,0 -122.7958890,42.4813910,0 -122.7957990,42.4814040,0 -122.7955050,42.4814250,0 -122.7939196,42.4814178,0 -122.7938602,42.4814188,0 -122.7937949,42.4814236,0 -122.7937257,42.4814336,0 -122.7936617,42.4814485,0 -122.7935891,42.4814721,0 -122.7935055,42.4815086,0 -122.7934455,42.4815393,0 -122.7931413,42.4817109,0 -122.7930924,42.4817333,0 -122.7930463,42.4817536,0 -122.7929989,42.4817707,0 -122.7929352,42.4817881,0 -122.7928611,42.4818017,0 -122.7927856,42.4818087,0 -122.7926960,42.4818120,0 -122.7925091,42.4818109,0 -122.7921193,42.4818083,0 </coordinates></LineString></Placemark><Placemark><name>Main Street West</name><ExtendedData><Data name="featureClass"><value>tertiary</value></Data><Data name="osmType"><value>way</value></Data><Data name="osmId"><value>262819489</value></Data></ExtendedData><LineString><tessellate>1</tessellate><coordinates>-122.8009878,42.4722426,0 -122.8011177,42.4722893,0 -122.8017503,42.4725126,0 -122.8019691,42.4725898,0 -122.8020966,42.4726353,0 -122.8022654,42.4726944,0 -122.8031263,42.4729993,0 -122.8037225,42.4732088,0 -122.8053960,42.4738000,0 -122.8055690,42.4738570,0 -122.8057000,42.4739000,0 -122.8057910,42.4739170,0 -122.8060060,42.4739313,0 </coordinates></LineString></Placemark><Placemark><name>Main Street West</name><ExtendedData><Data name="featureClass"><value>tertiary</value></Data><Data name="osmType"><value>way</value></Data><Data name="osmId"><value>262819491</value></Data></ExtendedData><LineString><tessellate>1</tessellate><coordinates>-122.8002149,42.4718364,0 -122.8003386,42.4719185,0 -122.8004688,42.4719967,0 -122.8006007,42.4720688,0 -122.8007390,42.4721372,0 </coordinates></LineString></Placemark><Placemark><name>Lava Street</name><ExtendedData><Data name="featureClass"><value>secondary</value></Data><Data name="osmType"><value>way</value></Data><Data name="osmId"><value>262819501</value></Data></ExtendedData><LineString><tessellate>1</tessellate><coordinates>-122.8017141,42.4714643,0 -122.8015924,42.4713652,0 -122.8015360,42.4713097,0 -122.8014885,42.4712509,0 -122.8013985,42.4711246,0 -122.8013470,42.4710497,0 </coordinates></LineString></Placemark><Placemark><name>Crater Lake Highway</name><ExtendedData><Data name="featureClass"><value>primary</value></Data><Data name="osmType"><value>way</value></Data><Data name="ref"><value>OR 62</value></Data><Data name="osmId"><value>262819512</value></Data></ExtendedData><LineString><tessellate>1</tessellate><coordinates>-122.8160720,42.4619833,0 -122.8158120,42.4624152,0 </coordinates></LineString></Placemark><Placemark><name>Agate Road</name><ExtendedData><Data name="featureClass"><value>tertiary</value></Data><Data name="osmType"><value>way</value></Data><Data name="osmId"><value>262820122</value></Data></ExtendedData><LineString><tessellate>1</tessellate><coordinates>-122.8561565,42.4557021,0 -122.8561470,42.4547552,0 </coordinates></LineString></Placemark><Placemark><name>Agate Road</name><ExtendedData><Data name="featureClass"><value>tertiary</value></Data><Data name="osmType"><value>way</value></Data><Data name="osmId"><value>262820124</value></Data></ExtendedData><LineString><tessellate>1</tessellate><coordinates>-122.8561470,42.4547552,0 -122.8561107,42.4521075,0 -122.8561002,42.4512450,0 -122.8560980,42.4510150,0 </coordinates></LineString></Placemark><Placemark><name>Sienna Hills Drive</name><ExtendedData><Data name="featureClass"><value>tertiary</value></Data><Data name="osmType"><value>way</value></Data><Data name="osmId"><value>264165130</value></Data></ExtendedData><LineString><tessellate>1</tessellate><coordinates>-122.8098076,42.4850611,0 -122.8097940,42.4847907,0 -122.8097385,42.4846589,0 -122.8096541,42.4845773,0 -122.8095475,42.4844998,0 -122.8089806,42.4841363,0 -122.8088697,42.4840272,0 -122.8087957,42.4838500,0 -122.8087218,42.4834137,0 -122.8086170,42.4832729,0 -122.8077085,42.4823911,0 </coordinates></LineString></Placemark><Placemark><name>Tiller Trail Highway</name><ExtendedData><Data name="featureClass"><value>secondary</value></Data><Data name="osmType"><value>way</value></Data><Data name="ref"><value>CR 1</value></Data><Data name="osmId"><value>269997672</value></Data></ExtendedData><LineString><tessellate>1</tessellate><coordinates>-122.8717257,42.8094166,0 -122.8716767,42.8095549,0 -122.8716126,42.8097084,0 -122.8714355,42.8100097,0 -122.8708975,42.8106327,0 -122.8707731,42.8108130,0 -122.8707089,42.8109420,0 -122.8706229,42.8113513,0 -122.8705101,42.8122399,0 -122.8704679,42.8123722,0 -122.8703932,42.8124910,0 -122.8702861,42.8126047,0 -122.8701760,42.8126877,0 -122.8695783,42.8130028,0 -122.8693892,42.8131142,0 -122.8692179,42.8132690,0 -122.8691083,42.8134211,0 -122.8690625,42.8136476,0 -122.8690963,42.8138712,0 -122.8691641,42.8140817,0 -122.8692697,42.8142965,0 -122.8693115,42.8144719,0 -122.8693016,42.8145991,0 -122.8692577,42.8147321,0 -122.8691740,42.8148709,0 -122.8690465,42.8150054,0 -122.8687437,42.8151662,0 -122.8684966,42.8152144,0 -122.8682715,42.8152290,0 -122.8675084,42.8152203,0 -122.8671736,42.8152553,0 -122.8669345,42.8153094,0 -122.8666556,42.8154863,0 -122.8665301,42.8156134,0 -122.8661814,42.8162813,0 -122.8659841,42.8164860,0 -122.8657112,42.8166496,0 -122.8652190,42.8168528,0 -122.8647628,42.8170925,0 -122.8645057,42.8172825,0 -122.8643324,42.8174593,0 -122.8642089,42.8176669,0 -122.8640973,42.8182515,0 -122.8640900,42.8185227,0 -122.8641168,42.8186755,0 -122.8642114,42.8188934,0 -122.8643461,42.8190733,0 -122.8644839,42.8191899,0 -122.8650308,42.8195482,0 -122.8650977,42.8196157,0 -122.8651599,42.8197559,0 -122.8651593,42.8199225,0 -122.8651390,42.8199943,0 -122.8650447,42.8201159,0 -122.8649490,42.8201835,0 -122.8648218,42.8202406,0 -122.8640464,42.8204351,0 -122.8636875,42.8205937,0 -122.8634577,42.8207769,0 -122.8631409,42.8212460,0 -122.8629895,42.8214244,0 -122.8626129,42.8216917,0 -122.8623878,42.8218159,0 -122.8620553,42.8219610,0 -122.8602798,42.8225488,0 -122.8601540,42.8226064,0 -122.8599711,42.8227261,0 -122.8598828,42.8227971,0 -122.8597330,42.8229810,0 -122.8596729,42.8232029,0 -122.8597249,42.8234537,0 -122.8608992,42.8260485,0 -122.8609341,42.8261579,0 -122.8609624,42.8263805,0 -122.8609289,42.8265894,0 -122.8608480,42.8267525,0 -122.8607159,42.8269035,0 -122.8606281,42.8269880,0 -122.8604669,42.8270948,0 -122.8602376,42.8271854,0 -122.8598233,42.8272512,0 -122.8597043,42.8272550,0 -122.8595595,42.8272357,0 -122.8593042,42.8271698,0 -122.8590075,42.8270205,0 -122.8587974,42.8268546,0 -122.8586304,42.8266500,0 -122.8584574,42.8264770,0 -122.8582156,42.8263300,0 -122.8580097,42.8262279,0 -122.8578575,42.8261789,0 -122.8576136,42.8261372,0 -122.8572559,42.8261294,0 -122.8568007,42.8262060,0 -122.8566067,42.8262854,0 -122.8564127,42.8263916,0 -122.8562102,42.8265387,0 -122.8561216,42.8266220,0 -122.8560283,42.8267588,0 -122.8559444,42.8269891,0 -122.8558027,42.8277977,0 -122.8556513,42.8282911,0 -122.8555283,42.8285513,0 -122.8552979,42.8288981,0 -122.8551626,42.8290384,0 -122.8547815,42.8293666,0 -122.8545917,42.8295009,0 -122.8544164,42.8296076,0 -122.8534735,42.8300577,0 -122.8531991,42.8302119,0 -122.8528647,42.8304874,0 -122.8526477,42.8307624,0 -122.8524537,42.8310552,0 -122.8524109,42.8313006,0 -122.8524126,42.8313973,0 -122.8524275,42.8315314,0 -122.8525147,42.8318282,0 -122.8528590,42.8324351,0 -122.8535155,42.8333257,0 -122.8536902,42.8334910,0 -122.8539866,42.8336988,0 -122.8549910,42.8342869,0 -122.8550915,42.8343645,0 -122.8551552,42.8344401,0 -122.8551925,42.8345058,0 -122.8552097,42.8346335,0 -122.8551703,42.8347273,0 -122.8550475,42.8348435,0 -122.8548268,42.8349107,0 -122.8547038,42.8349136,0 -122.8541962,42.8348615,0 -122.8539387,42.8348615,0 -122.8536980,42.8349008,0 -122.8534928,42.8349622,0 -122.8532308,42.8350917,0 -122.8530726,42.8351910,0 -122.8529194,42.8353414,0 -122.8526767,42.8357495,0 -122.8524453,42.8362462,0 -122.8522545,42.8367595,0 -122.8521543,42.8371039,0 -122.8521121,42.8373652,0 -122.8520881,42.8376827,0 -122.8520981,42.8379807,0 -122.8521639,42.8384117,0 -122.8524778,42.8399751,0 -122.8525131,42.8404006,0 -122.8524445,42.8407566,0 -122.8522535,42.8412504,0 -122.8520762,42.8417855,0 -122.8520237,42.8421582,0 -122.8520652,42.8424756,0 -122.8522336,42.8428180,0 -122.8524762,42.8432330,0 -122.8527178,42.8435805,0 -122.8537658,42.8449917,0 -122.8544093,42.8459208,0 -122.8557224,42.8477337,0 -122.8561248,42.8483020,0 -122.8563799,42.8487110,0 -122.8571430,42.8502345,0 -122.8577766,42.8515696,0 -122.8583719,42.8527684,0 -122.8590099,42.8540708,0 -122.8591464,42.8542997,0 -122.8592374,42.8544049,0 -122.8594053,42.8545544,0 -122.8596515,42.8547159,0 -122.8604870,42.8551195,0 -122.8619198,42.8558146,0 -122.8622523,42.8559985,0 -122.8628891,42.8564291,0 -122.8631793,42.8566429,0 -122.8656940,42.8587869,0 -122.8663535,42.8592572,0 -122.8673138,42.8598852,0 -122.8683718,42.8605381,0 -122.8689437,42.8608594,0 -122.8693322,42.8610332,0 -122.8697845,42.8611938,0 -122.8702547,42.8613311,0 -122.8709102,42.8615502,0 -122.8717988,42.8618715,0 -122.8725002,42.8621446,0 -122.8731417,42.8624338,0 -122.8743343,42.8630642,0 -122.8762028,42.8640599,0 -122.8771370,42.8645463,0 -122.8775475,42.8647394,0 -122.8778519,42.8648294,0 -122.8782424,42.8649029,0 -122.8788073,42.8649661,0 -122.8790762,42.8650112,0 -122.8792184,42.8650440,0 -122.8795748,42.8651717,0 -122.8798440,42.8653129,0 -122.8800689,42.8654937,0 -122.8802244,42.8656514,0 -122.8804105,42.8658893,0 -122.8807075,42.8662639,0 -122.8813548,42.8670812,0 -122.8824378,42.8684201,0 -122.8836294,42.8698861,0 -122.8851519,42.8717844,0 -122.8857002,42.8724469,0 -122.8859409,42.8726985,0 -122.8861999,42.8728927,0 -122.8865844,42.8731161,0 -122.8870447,42.8733015,0 -122.8883378,42.8737673,0 -122.8891886,42.8741090,0 -122.8897843,42.8744200,0 -122.8900533,42.8746055,0 -122.8903781,42.8748785,0 -122.8907646,42.8752348,0 -122.8945948,42.8789143,0 -122.8951409,42.8794366,0 -122.8954111,42.8796119,0 -122.8957329,42.8797431,0 -122.8959664,42.8797921,0 -122.8981112,42.8799558,0 -122.8985455,42.8800428,0 -122.8989082,42.8801761,0 -122.8993239,42.8804101,0 -122.9015020,42.8820361,0 -122.9019602,42.8823511,0 -122.9025843,42.8827369,0 -122.9027576,42.8828245,0 -122.9030978,42.8830312,0 -122.9040487,42.8835734,0 -122.9045030,42.8839180,0 -122.9082017,42.8872026,0 -122.9099389,42.8887498,0 -122.9104838,42.8891631,0 -122.9110127,42.8894654,0 -122.9113090,42.8896011,0 -122.9117699,42.8897906,0 -122.9126632,42.8901147,0 -122.9129515,42.8902007,0 -122.9133511,42.8902892,0 -122.9138003,42.8903249,0 -122.9142554,42.8903210,0 -122.9145355,42.8902665,0 -122.9147852,42.8901812,0 -122.9149210,42.8901118,0 -122.9154396,42.8897597,0 -122.9156665,42.8897018,0 -122.9158221,42.8896998,0 -122.9160306,42.8897327,0 -122.9163287,42.8898235,0 -122.9164791,42.8899047,0 -122.9167403,42.8900903,0 -122.9169092,42.8901696,0 -122.9170596,42.8902160,0 -122.9173472,42.8902546,0 -122.9182364,42.8903075,0 -122.9183850,42.8903292,0 -122.9186618,42.8903827,0 -122.9190853,42.8905139,0 -122.9193003,42.8905546,0 -122.9194734,42.8905683,0 -122.9196618,42.8905632,0 -122.9206541,42.8903982,0 -122.9209715,42.8904005,0 -122.9213088,42.8904447,0 -122.9215305,42.8905065,0 -122.9218523,42.8906264,0 -122.9221705,42.8908475,0 -122.9223784,42.8910386,0 -122.9231372,42.8918349,0 -122.9233958,42.8920344,0 -122.9236469,42.8921423,0 -122.9245036,42.8924046,0 -122.9249627,42.8925786,0 -122.9258703,42.8930309,0 -122.9260144,42.8931410,0 -122.9261447,42.8933305,0 -122.9262160,42.8935277,0 -122.9261999,42.8937364,0 -122.9256777,42.8947300,0 -122.9255751,42.8950412,0 -122.9255273,42.8953679,0 -122.9254825,42.8955245,0 -122.9254007,42.8956810,0 -122.9251943,42.8959770,0 -122.9251131,42.8961913,0 -122.9250751,42.8963667,0 -122.9250430,42.8966655,0 -122.9250735,42.8969258,0 -122.9252002,42.8971404,0 -122.9253164,42.8972466,0 -122.9254033,42.8973027,0 -122.9256065,42.8973994,0 -122.9257334,42.8974405,0 -122.9261781,42.8975062,0 -122.9267516,42.8975095,0 -122.9270656,42.8974941,0 -122.9273901,42.8974516,0 -122.9276568,42.8973804,0 -122.9278281,42.8973085,0 -122.9279521,42.8972273,0 -122.9280629,42.8971288,0 -122.9282261,42.8968904,0 -122.9284864,42.8963806,0 -122.9285827,42.8962706,0 -122.9286358,42.8962266,0 -122.9287674,42.8961585,0 -122.9288560,42.8961251,0 -122.9290530,42.8960899,0 -122.9292766,42.8960908,0 -122.9308227,42.8962725,0 -122.9313504,42.8963517,0 -122.9316011,42.8964039,0 -122.9319151,42.8965122,0 -122.9321159,42.8966586,0 -122.9322469,42.8968134,0 -122.9323153,42.8969636,0 -122.9323047,42.8972039,0 -122.9321753,42.8974194,0 -122.9320133,42.8976124,0 -122.9314484,42.8981057,0 -122.9313455,42.8982151,0 -122.9312572,42.8983279,0 -122.9311619,42.8985604,0 -122.9311398,42.8988179,0 -122.9311725,42.8990488,0 -122.9314484,42.9002304,0 -122.9314507,42.9003364,0 -122.9313993,42.9005709,0 -122.9312568,42.9007963,0 -122.9304758,42.9019323,0 -122.9303095,42.9022683,0 -122.9302532,42.9025768,0 -122.9302559,42.9029403,0 -122.9302988,42.9032468,0 -122.9303524,42.9033941,0 -122.9305134,42.9036318,0 -122.9307637,42.9039038,0 -122.9310255,42.9041489,0 -122.9312426,42.9042960,0 -122.9314271,42.9043764,0 -122.9316162,42.9044363,0 -122.9318731,42.9044876,0 -122.9321299,42.9045081,0 -122.9325456,42.9044944,0 -122.9327067,42.9045201,0 -122.9328678,42.9045953,0 -122.9329981,42.9047479,0 -122.9330966,42.9050075,0 -122.9332087,42.9054522,0 -122.9333511,42.9057413,0 -122.9346028,42.9076880,0 -122.9353359,42.9087736,0 -122.9354496,42.9089830,0 -122.9354820,42.9091007,0 -122.9354713,42.9092593,0 -122.9353639,42.9094355,0 -122.9351584,42.9096167,0 -122.9350697,42.9097262,0 -122.9350277,42.9098681,0 -122.9350494,42.9100176,0 -122.9351241,42.9101803,0 -122.9352566,42.9103970,0 -122.9353737,42.9105233,0 -122.9356017,42.9106745,0 -122.9358759,42.9107783,0 -122.9360946,42.9108235,0 -122.9363288,42.9108550,0 -122.9370590,42.9109115,0 -122.9373797,42.9109777,0 -122.9375615,42.9110571,0 -122.9377319,42.9111882,0 -122.9378447,42.9113357,0 -122.9378954,42.9114575,0 -122.9379278,42.9117660,0 -122.9379362,42.9124512,0 -122.9379672,42.9129764,0 -122.9379371,42.9131906,0 -122.9378601,42.9133914,0 -122.9374220,42.9141021,0 -122.9372346,42.9144587,0 -122.9371730,42.9146280,0 -122.9371360,42.9148153,0 -122.9371299,42.9150770,0 -122.9371822,42.9154042,0 -122.9374965,42.9163699,0 -122.9375273,42.9166317,0 -122.9375427,42.9170311,0 -122.9376475,42.9174553,0 -122.9376290,42.9176606,0 -122.9374953,42.9180023,0 -122.9374472,42.9181908,0 -122.9374389,42.9183500,0 -122.9375027,42.9186195,0 -122.9376502,42.9189175,0 -122.9378323,42.9191701,0 -122.9386581,42.9199440,0 -122.9388029,42.9201403,0 -122.9388337,42.9202373,0 -122.9388429,42.9204110,0 -122.9387751,42.9206863,0 -122.9383353,42.9217613,0 -122.9382729,42.9220220,0 -122.9382390,42.9224732,0 -122.9382606,42.9228590,0 -122.9383437,42.9232242,0 -122.9385410,42.9237953,0 -122.9386581,42.9240096,0 -122.9387289,42.9240909,0 -122.9389169,42.9242713,0 -122.9391818,42.9244406,0 -122.9395053,42.9245714,0 -122.9398936,42.9246617,0 -122.9413433,42.9247739,0 -122.9426942,42.9249324,0 -122.9430516,42.9250046,0 -122.9436925,42.9252279,0 -122.9443303,42.9254197,0 -122.9446538,42.9254693,0 -122.9449003,42.9254693,0 -122.9450173,42.9254535,0 -122.9456582,42.9252843,0 -122.9460033,42.9252505,0 -122.9464624,42.9252798,0 -122.9479166,42.9254174,0 -122.9483171,42.9254775,0 -122.9490751,42.9256746,0 -122.9494818,42.9258235,0 -122.9499325,42.9260326,0 -122.9501749,42.9261770,0 -122.9506114,42.9265066,0 -122.9507159,42.9265855,0 </coordinates></LineString></Placemark><Placemark><name>Tiller Trail Highway</name><ExtendedData><Data name="featureClass"><value>secondary</value></Data><Data name="osmType"><value>way</value></Data><Data name="ref"><value>CR 1</value></Data><Data name="osmId"><value>269997673</value></Data></ExtendedData><LineString><tessellate>1</tessellate><coordinates>-122.8716809,42.8086844,0 -122.8717556,42.8089180,0 -122.8717692,42.8091778,0 -122.8717257,42.8094166,0 </coordinates></LineString></Placemark><Placemark><name>Upper Cow Creek Road</name><ExtendedData><Data name="featureClass"><value>tertiary</value></Data><Data name="osmType"><value>way</value></Data><Data name="ref"><value>CR 36</value></Data><Data name="osmId"><value>296556468</value></Data></ExtendedData><LineString><tessellate>1</tessellate><coordinates>-122.9930739,42.8114404,0 -122.9931860,42.8114472,0 -122.9933728,42.8114130,0 -122.9935120,42.8113646,0 -122.9938606,42.8111402,0 -122.9947511,42.8106562,0 -122.9953788,42.8103729,0 -122.9955665,42.8103099,0 -122.9956953,42.8102981,0 -122.9958133,42.8103060,0 -122.9959259,42.8103335,0 -122.9961405,42.8104122,0 -122.9962800,42.8104752,0 -122.9964302,42.8105617,0 -122.9964946,42.8106090,0 -122.9965375,42.8106680,0 -122.9965804,42.8107743,0 -122.9967199,42.8111560,0 -122.9968003,42.8114354,0 -122.9968486,42.8115062,0 -122.9969237,42.8115574,0 -122.9970096,42.8115889,0 -122.9971759,42.8116322,0 -122.9973904,42.8116873,0 -122.9975192,42.8117463,0 -122.9976211,42.8118171,0 -122.9977445,42.8118722,0 -122.9978679,42.8118880,0 -122.9979537,42.8118880,0 -122.9980395,42.8118683,0 -122.9981200,42.8118250,0 -122.9982809,42.8117305,0 -122.9983829,42.8116912,0 -122.9985331,42.8116597,0 -122.9987208,42.8116558,0 -122.9988710,42.8116754,0 -122.9989729,42.8117109,0 -122.9993806,42.8119981,0 -122.9998473,42.8123012,0 -123.0001209,42.8124625,0 -123.0002765,42.8125412,0 -123.0004589,42.8126002,0 -123.0006520,42.8126435,0 -123.0010221,42.8127104,0 -123.0020199,42.8128757,0 -123.0027227,42.8129780,0 -123.0029963,42.8130252,0 -123.0034415,42.8131276,0 -123.0040584,42.8132968,0 -123.0042054,42.8133427,0 -123.0043761,42.8134202,0 -123.0045997,42.8135246,0 -123.0047705,42.8136260,0 -123.0049738,42.8137811,0 -123.0052340,42.8139720,0 -123.0054088,42.8140734,0 -123.0055877,42.8141628,0 -123.0057665,42.8142314,0 -123.0059332,42.8142791,0 -123.0061893,42.8143298,0 -123.0063804,42.8143567,0 -123.0065512,42.8143716,0 -123.0067544,42.8143656,0 -123.0069577,42.8143626,0 -123.0073155,42.8143448,0 -123.0079497,42.8143179,0 -123.0081448,42.8143179,0 -123.0086083,42.8143358,0 -123.0090677,42.8143537,0 -123.0094417,42.8143716,0 -123.0096531,42.8143716,0 -123.0097995,42.8143656,0 -123.0099146,42.8143568,0 -123.0102633,42.8143096,0 -123.0105530,42.8142742,0 -123.0109339,42.8142427,0 -123.0111699,42.8142348,0 -123.0116634,42.8142309,0 -123.0120926,42.8142545,0 -123.0123501,42.8142860,0 -123.0127363,42.8143371,0 -123.0130474,42.8143765,0 -123.0132352,42.8144001,0 -123.0134820,42.8144237,0 -123.0139272,42.8144552,0 -123.0142491,42.8144985,0 -123.0144046,42.8145260,0 -123.0145441,42.8145575,0 -123.0147070,42.8146083,0 -123.0151273,42.8147522,0 -123.0153701,42.8148447,0 -123.0155102,42.8149097,0 -123.0156036,42.8149714,0 -123.0156924,42.8150776,0 -123.0157717,42.8151735,0 -123.0158371,42.8153071,0 -123.0159072,42.8155401,0 -123.0159726,42.8158347,0 -123.0160052,42.8158895,0 -123.0160566,42.8159169,0 -123.0161080,42.8159272,0 -123.0161687,42.8159237,0 -123.0162341,42.8159066,0 -123.0162854,42.8158587,0 -123.0163835,42.8157353,0 -123.0165703,42.8154510,0 -123.0166544,42.8152968,0 -123.0167244,42.8151941,0 -123.0167991,42.8151256,0 -123.0168879,42.8150810,0 -123.0169719,42.8150570,0 -123.0170700,42.8150536,0 -123.0172335,42.8150536,0 -123.0174716,42.8150742,0 -123.0177845,42.8150879,0 -123.0180227,42.8151153,0 -123.0182609,42.8151495,0 -123.0184336,42.8151735,0 -123.0185971,42.8152044,0 -123.0188913,42.8152866,0 -123.0192089,42.8153893,0 -123.0193723,42.8154270,0 -123.0196899,42.8154784,0 -123.0200495,42.8155264,0 -123.0203063,42.8155640,0 -123.0206612,42.8156463,0 -123.0212076,42.8157799,0 -123.0217587,42.8159683,0 -123.0220295,42.8160368,0 -123.0222490,42.8160745,0 -123.0224452,42.8161019,0 -123.0227581,42.8161224,0 -123.0230196,42.8161396,0 -123.0232111,42.8161635,0 -123.0233932,42.8161944,0 -123.0235473,42.8162355,0 -123.0237668,42.8163006,0 -123.0241357,42.8164102,0 -123.0244066,42.8164787,0 -123.0249285,42.8166006,0 -123.0263514,42.8169406,0 -123.0264547,42.8169599,0 -123.0267336,42.8170122,0 -123.0269938,42.8170360,0 -123.0271645,42.8170480,0 -123.0273271,42.8170539,0 -123.0275385,42.8170539,0 -123.0277255,42.8170420,0 -123.0279288,42.8170241,0 -123.0281240,42.8170002,0 -123.0283028,42.8169764,0 -123.0284492,42.8169406,0 -123.0286931,42.8168690,0 -123.0290671,42.8167438,0 -123.0293517,42.8166185,0 -123.0295387,42.8165529,0 -123.0296770,42.8165231,0 -123.0297989,42.8164992,0 -123.0299372,42.8164933,0 -123.0300916,42.8164992,0 -123.0302705,42.8165291,0 -123.0304413,42.8165768,0 -123.0305958,42.8166603,0 -123.0307015,42.8167319,0 -123.0308641,42.8169048,0 -123.0310267,42.8171016,0 -123.0311243,42.8171851,0 -123.0312300,42.8172686,0 -123.0314089,42.8173700,0 -123.0315692,42.8174482,0 -123.0316926,42.8175072,0 -123.0318267,42.8175545,0 -123.0320735,42.8176292,0 -123.0325441,42.8177598,0 -123.0329103,42.8178614,0 -123.0339886,42.8181880,0 -123.0344982,42.8183454,0 -123.0347503,42.8184083,0 -123.0349312,42.8184348,0 -123.0349917,42.8184437,0 -123.0351688,42.8184556,0 -123.0354155,42.8184516,0 -123.0355550,42.8184398,0 -123.0357320,42.8184083,0 -123.0359895,42.8183532,0 -123.0361558,42.8183257,0 -123.0362899,42.8183100,0 -123.0364294,42.8183060,0 -123.0365581,42.8183060,0 -123.0367083,42.8183178,0 -123.0368907,42.8183375,0 -123.0374808,42.8184437,0 -123.0379851,42.8185382,0 -123.0382104,42.8185815,0 -123.0383874,42.8185972,0 -123.0385483,42.8186011,0 -123.0387576,42.8185972,0 -123.0389829,42.8185815,0 -123.0391652,42.8185579,0 -123.0393315,42.8185224,0 -123.0395086,42.8184831,0 -123.0396588,42.8184398,0 -123.0398090,42.8183926,0 -123.0400343,42.8182982,0 -123.0402864,42.8181880,0 -123.0405815,42.8180778,0 -123.0407638,42.8180227,0 -123.0408980,42.8179912,0 -123.0416812,42.8178496,0 -123.0424536,42.8177040,0 -123.0430363,42.8176023,0 -123.0432422,42.8175663,0 -123.0435587,42.8175072,0 -123.0439449,42.8174285,0 -123.0442132,42.8173656,0 -123.0444009,42.8173184,0 -123.0445779,42.8172672,0 -123.0447550,42.8172003,0 -123.0449105,42.8171295,0 -123.0450715,42.8170508,0 -123.0452217,42.8169682,0 -123.0453397,42.8168855,0 -123.0456401,42.8166691,0 -123.0458922,42.8164645,0 -123.0460693,42.8163307,0 -123.0462087,42.8162363,0 -123.0463053,42.8161851,0 -123.0464179,42.8161418,0 -123.0465360,42.8161025,0 -123.0466862,42.8160670,0 -123.0468525,42.8160474,0 -123.0469812,42.8160356,0 -123.0470992,42.8160356,0 -123.0472333,42.8160434,0 -123.0473889,42.8160710,0 -123.0475445,42.8161025,0 -123.0479844,42.8162205,0 -123.0489285,42.8164684,0 -123.0497492,42.8166809,0 -123.0499868,42.8167417,0 -123.0504413,42.8168580,0 -123.0511333,42.8170469,0 -123.0524744,42.8174049,0 -123.0529572,42.8175387,0 -123.0532039,42.8176253,0 -123.0533863,42.8177040,0 -123.0535580,42.8177945,0 -123.0537135,42.8178850,0 -123.0538584,42.8179834,0 -123.0539871,42.8180778,0 -123.0541105,42.8181722,0 -123.0542285,42.8182785,0 -123.0543412,42.8183847,0 -123.0544807,42.8185303,0 -123.0546631,42.8187310,0 -123.0551780,42.8193527,0 -123.0554194,42.8196439,0 -123.0556716,42.8199272,0 -123.0560202,42.8202774,0 -123.0562616,42.8205016,0 -123.0565406,42.8207338,0 -123.0572594,42.8212728,0 -123.0576779,42.8215679,0 -123.0579407,42.8217489,0 -123.0581285,42.8218630,0 -123.0583055,42.8219535,0 -123.0584718,42.8220401,0 -123.0586381,42.8221109,0 -123.0588580,42.8221896,0 -123.0590726,42.8222722,0 -123.0592604,42.8223352,0 -123.0594696,42.8223942,0 -123.0596989,42.8224644,0 -123.0599310,42.8225087,0 -123.0600753,42.8225321,0 -123.0602237,42.8225562,0 -123.0604240,42.8225853,0 -123.0605195,42.8225991,0 -123.0614223,42.8227234,0 -123.0623435,42.8228477,0 -123.0634311,42.8229946,0 -123.0637331,42.8230443,0 -123.0638840,42.8230737,0 -123.0639919,42.8231053,0 -123.0640966,42.8231437,0 -123.0641891,42.8231844,0 -123.0642815,42.8232319,0 -123.0643770,42.8232861,0 -123.0644879,42.8233584,0 -123.0645834,42.8234352,0 -123.0646723,42.8235185,0 -123.0647608,42.8236110,0 -123.0650504,42.8239808,0 -123.0651738,42.8241284,0 -123.0653026,42.8242484,0 -123.0653938,42.8243290,0 -123.0655547,42.8244431,0 -123.0657827,42.8245592,0 -123.0658927,42.8246143,0 -123.0660348,42.8246772,0 -123.0661421,42.8247127,0 -123.0662754,42.8247562,0 -123.0663701,42.8247874,0 -123.0665096,42.8248248,0 -123.0666584,42.8248590,0 -123.0667832,42.8248838,0 -123.0668743,42.8248956,0 -123.0669619,42.8249035,0 -123.0671023,42.8249133,0 -123.0672141,42.8249172,0 -123.0673589,42.8249138,0 -123.0685964,42.8249138,0 -123.0700348,42.8249172,0 -123.0718374,42.8249062,0 -123.0722764,42.8249035,0 -123.0731029,42.8249035,0 -123.0738968,42.8249035,0 -123.0741350,42.8249172,0 -123.0743312,42.8249378,0 -123.0745413,42.8249720,0 -123.0747048,42.8250131,0 -123.0748682,42.8250576,0 -123.0750317,42.8251193,0 -123.0751858,42.8251809,0 -123.0753586,42.8252666,0 -123.0754940,42.8253453,0 -123.0756388,42.8254378,0 -123.0757742,42.8255371,0 -123.0758956,42.8256365,0 -123.0759890,42.8257290,0 -123.0760637,42.8258043,0 -123.0761384,42.8259002,0 -123.0762038,42.8259961,0 -123.0762832,42.8261263,0 -123.0763860,42.8263215,0 -123.0765864,42.8267183,0 -123.0766758,42.8268946,0 -123.0767775,42.8270708,0 -123.0769346,42.8273126,0 -123.0771349,42.8276041,0 -123.0773573,42.8278593,0 -123.0774984,42.8280199,0 -123.0776710,42.8281893,0 -123.0778959,42.8283837,0 -123.0780715,42.8285306,0 -123.0782471,42.8286503,0 -123.0785059,42.8288220,0 -123.0787031,42.8289395,0 -123.0788911,42.8290412,0 -123.0790852,42.8291361,0 -123.0792824,42.8292265,0 -123.0794518,42.8292966,0 -123.0797106,42.8293937,0 -123.0799663,42.8294773,0 -123.0801481,42.8295338,0 -123.0803515,42.8295903,0 -123.0805302,42.8296378,0 -123.0807181,42.8296807,0 -123.0809101,42.8297175,0 -123.0810857,42.8297469,0 -123.0812080,42.8297643,0 -123.0814215,42.8297921,0 -123.0816123,42.8298139,0 -123.0817789,42.8298283,0 -123.0819050,42.8298377,0 -123.0821002,42.8298483,0 -123.0823359,42.8298526,0 -123.0824986,42.8298556,0 -123.0826815,42.8298526,0 -123.0828578,42.8298494,0 -123.0840161,42.8298287,0 -123.0841222,42.8298268,0 -123.0843483,42.8298228,0 -123.0856493,42.8297960,0 -123.0869990,42.8297751,0 -123.0891049,42.8297274,0 -123.0910320,42.8296887,0 -123.0912271,42.8296887,0 -123.0913746,42.8296968,0 -123.0918134,42.8297240,0 -123.0920938,42.8297516,0 -123.0923647,42.8297996,0 -123.0926635,42.8298749,0 -123.0929437,42.8299571,0 -123.0932426,42.8300667,0 -123.0934574,42.8301489,0 -123.0936723,42.8302516,0 -123.0938217,42.8303338,0 -123.0939805,42.8304297,0 -123.0941112,42.8305188,0 -123.0947837,42.8310599,0 -123.0960725,42.8320469,0 -123.0968075,42.8326173,0 -123.0974110,42.8330756,0 -123.0976872,42.8332566,0 -123.0978348,42.8333412,0 -123.0980225,42.8334277,0 -123.0982049,42.8334946,0 -123.0984087,42.8335634,0 -123.0984862,42.8335823,0 -123.0985858,42.8336067,0 -123.0987923,42.8336480,0 -123.0988776,42.8336636,0 -123.0989854,42.8336834,0 -123.0991356,42.8337031,0 -123.0993127,42.8337228,0 -123.0994655,42.8337287,0 -123.0995889,42.8337306,0 -123.0997284,42.8337267,0 -123.0998706,42.8337208,0 -123.1000100,42.8337090,0 -123.1001307,42.8336972,0 -123.1002353,42.8336815,0 -123.1003453,42.8336598,0 -123.1005448,42.8336225,0 -123.1014320,42.8333655,0 -123.1017772,42.8332655,0 -123.1042791,42.8325606,0 -123.1047412,42.8324295,0 -123.1050616,42.8323165,0 -123.1054129,42.8321991,0 -123.1056717,42.8320996,0 -123.1058627,42.8320319,0 -123.1061462,42.8318963,0 -123.1070890,42.8314399,0 -123.1075924,42.8312196,0 -123.1077997,42.8311302,0 -123.1079298,42.8310795,0 -123.1080965,42.8310228,0 -123.1082265,42.8309788,0 -123.1083256,42.8309502,0 -123.1084548,42.8309191,0 -123.1086128,42.8308857,0 -123.1087226,42.8308678,0 -123.1089706,42.8308350,0 -123.1091841,42.8308027,0 -123.1094451,42.8307695,0 -123.1095868,42.8307469,0 -123.1097162,42.8307152,0 -123.1098426,42.8306813,0 -123.1099627,42.8306452,0 -123.1101044,42.8306022,0 -123.1102677,42.8305480,0 -123.1104280,42.8305006,0 -123.1108100,42.8303650,0 -123.1121503,42.8299040,0 -123.1128651,42.8296555,0 -123.1131119,42.8295766,0 -123.1132687,42.8295267,0 -123.1134844,42.8294679,0 -123.1137000,42.8294182,0 -123.1138787,42.8293798,0 -123.1140728,42.8293504,0 -123.1142269,42.8293301,0 -123.1144025,42.8293098,0 -123.1145319,42.8292962,0 -123.1146798,42.8292872,0 -123.1148339,42.8292781,0 -123.1149848,42.8292736,0 -123.1151882,42.8292714,0 -123.1153823,42.8292714,0 -123.1156852,42.8292749,0 -123.1169770,42.8292957,0 -123.1174053,42.8292983,0 -123.1175999,42.8292983,0 -123.1177981,42.8292931,0 -123.1179255,42.8292853,0 -123.1180317,42.8292723,0 -123.1181910,42.8292464,0 -123.1183184,42.8292230,0 -123.1184670,42.8291867,0 -123.1186228,42.8291477,0 -123.1187643,42.8291010,0 -123.1188670,42.8290647,0 -123.1189484,42.8290284,0 -123.1190758,42.8289635,0 -123.1191819,42.8289064,0 -123.1192598,42.8288596,0 -123.1193554,42.8287973,0 -123.1194479,42.8287330,0 -123.1198261,42.8284596,0 -123.1204242,42.8280111,0 -123.1207273,42.8277848,0 -123.1209473,42.8276412,0 -123.1210787,42.8275704,0 -123.1211914,42.8275134,0 -123.1213362,42.8274524,0 -123.1214676,42.8274052,0 -123.1216259,42.8273580,0 -123.1217493,42.8273285,0 -123.1218753,42.8273029,0 -123.1220202,42.8272832,0 -123.1221355,42.8272734,0 -123.1224201,42.8272636,0 -123.1229501,42.8272545,0 -123.1240962,42.8272500,0 -123.1242811,42.8272455,0 -123.1244536,42.8272319,0 -123.1246693,42.8272048,0 -123.1248541,42.8271777,0 -123.1250575,42.8271370,0 -123.1252732,42.8270737,0 -123.1254704,42.8270105,0 -123.1256922,42.8269246,0 -123.1258955,42.8268207,0 -123.1260927,42.8266986,0 -123.1262468,42.8265857,0 -123.1263762,42.8264862,0 -123.1264809,42.8263913,0 -123.1265980,42.8262783,0 -123.1266720,42.8261970,0 -123.1267582,42.8260930,0 -123.1268199,42.8259936,0 -123.1269000,42.8258671,0 -123.1272142,42.8253338,0 -123.1275977,42.8246938,0 -123.1279713,42.8240738,0 -123.1281114,42.8238820,0 -123.1282234,42.8237450,0 -123.1283122,42.8236696,0 -123.1284476,42.8235566,0 -123.1285644,42.8234710,0 -123.1286904,42.8233956,0 -123.1288399,42.8233237,0 -123.1289378,42.8232831,0 -123.1290127,42.8232586,0 -123.1291658,42.8232108,0 -123.1292555,42.8231798,0 -123.1294236,42.8231422,0 -123.1295497,42.8231182,0 -123.1296147,42.8231074,0 -123.1296945,42.8230942,0 -123.1299187,42.8230634,0 -123.1301195,42.8230325,0 -123.1303063,42.8230154,0 -123.1305304,42.8229983,0 -123.1307359,42.8229914,0 -123.1310161,42.8229880,0 -123.1311796,42.8229949,0 -123.1313944,42.8230086,0 -123.1315905,42.8230291,0 -123.1317400,42.8230428,0 -123.1319034,42.8230702,0 -123.1321509,42.8231079,0 -123.1326366,42.8231901,0 -123.1329542,42.8232415,0 -123.1331690,42.8232689,0 -123.1333931,42.8232963,0 -123.1336780,42.8233203,0 -123.1340142,42.8233442,0 -123.1345817,42.8233748,0 -123.1360469,42.8234397,0 -123.1370521,42.8234839,0 -123.1388409,42.8235693,0 -123.1391470,42.8235757,0 -123.1393291,42.8235757,0 -123.1394505,42.8235706,0 -123.1395555,42.8235625,0 -123.1397376,42.8235385,0 -123.1398777,42.8235111,0 -123.1400598,42.8234700,0 -123.1402279,42.8234186,0 -123.1404241,42.8233467,0 -123.1405408,42.8232987,0 -123.1406763,42.8232268,0 -123.1408397,42.8231309,0 -123.1410078,42.8230281,0 -123.1412273,42.8229048,0 -123.1413581,42.8228398,0 -123.1414888,42.8227781,0 -123.1416103,42.8227336,0 -123.1417270,42.8227027,0 -123.1418811,42.8226685,0 -123.1420165,42.8226377,0 -123.1421893,42.8226068,0 -123.1423248,42.8225966,0 -123.1424695,42.8225863,0 -123.1426330,42.8225863,0 -123.1427523,42.8225894,0 -123.1429078,42.8226012,0 -123.1430527,42.8226209,0 -123.1432565,42.8226524,0 -123.1434443,42.8226996,0 -123.1436267,42.8227547,0 -123.1438037,42.8228294,0 -123.1439593,42.8229081,0 -123.1441524,42.8230183,0 -123.1443240,42.8231363,0 -123.1448873,42.8236242,0 -123.1450706,42.8238016,0 -123.1453916,42.8241121,0 -123.1456651,42.8243717,0 -123.1461801,42.8248242,0 -123.1465074,42.8251075,0 -123.1469097,42.8254616,0 -123.1472959,42.8257881,0 -123.1479021,42.8263154,0 -123.1483903,42.8267245,0 -123.1490125,42.8272124,0 -123.1498333,42.8278655,0 -123.1500747,42.8280740,0 -123.1501927,42.8281920,0 -123.1502785,42.8283022,0 -123.1503376,42.8284320,0 -123.1503697,42.8285579,0 -123.1503776,42.8286833,0 -123.1503989,42.8290960,0 -123.1504130,42.8292958,0 -123.1504343,42.8294853,0 -123.1504767,42.8297163,0 -123.1505015,42.8298643,0 -123.1505086,42.8299966,0 -123.1504980,42.8301108,0 -123.1504696,42.8302224,0 -123.1504343,42.8303211,0 -123.1503847,42.8304197,0 -123.1503033,42.8305469,0 -123.1502290,42.8306429,0 -123.1501440,42.8307312,0 -123.1500343,42.8308402,0 -123.1499352,42.8309258,0 -123.1498184,42.8309959,0 -123.1496910,42.8310660,0 -123.1495636,42.8311205,0 -123.1494150,42.8311750,0 -123.1492628,42.8312139,0 -123.1490717,42.8312581,0 -123.1489053,42.8312866,0 -123.1486045,42.8313255,0 -123.1477055,42.8314268,0 -123.1472348,42.8314839,0 -123.1468597,42.8315358,0 -123.1466721,42.8315747,0 -123.1465128,42.8316162,0 -123.1463819,42.8316604,0 -123.1462262,42.8317226,0 -123.1461200,42.8317720,0 -123.1460067,42.8318420,0 -123.1458510,42.8319511,0 -123.1457165,42.8320678,0 -123.1456209,42.8321691,0 -123.1455360,42.8322755,0 -123.1454652,42.8323897,0 -123.1454051,42.8325091,0 -123.1453697,42.8326025,0 -123.1453307,42.8327271,0 -123.1453166,42.8328283,0 -123.1453201,42.8329269,0 -123.1453343,42.8330515,0 -123.1453661,42.8332332,0 -123.1454159,42.8334253,0 -123.1454534,42.8335138,0 -123.1455714,42.8338029,0 -123.1456734,42.8340665,0 -123.1457136,42.8341865,0 -123.1457324,42.8342750,0 -123.1457458,42.8343596,0 -123.1458343,42.8348434,0 -123.1459174,42.8353332,0 -123.1459496,42.8355004,0 -123.1460113,42.8357010,0 -123.1460408,42.8357836,0 -123.1460792,42.8358633,0 -123.1461624,42.8359735,0 -123.1462402,42.8360600,0 -123.1463314,42.8361525,0 -123.1464467,42.8362390,0 -123.1465567,42.8363137,0 -123.1466532,42.8363727,0 -123.1467686,42.8364337,0 -123.1468517,42.8364672,0 -123.1469965,42.8365183,0 -123.1471065,42.8365458,0 -123.1472326,42.8365773,0 -123.1473935,42.8366107,0 -123.1476537,42.8366540,0 -123.1478146,42.8366835,0 -123.1480051,42.8367248,0 -123.1481874,42.8367681,0 -123.1483618,42.8368133,0 -123.1484932,42.8368566,0 -123.1486300,42.8369097,0 -123.1487883,42.8369766,0 -123.1489411,42.8370454,0 -123.1492067,42.8371654,0 -123.1499792,42.8375096,0 -123.1505397,42.8377574,0 -123.1509689,42.8379482,0 -123.1511781,42.8380386,0 -123.1513256,42.8380937,0 -123.1515214,42.8381567,0 -123.1516335,42.8381850,0 -123.1518449,42.8382327,0 -123.1519994,42.8382595,0 -123.1522027,42.8382863,0 -123.1524588,42.8383042,0 -123.1526621,42.8383131,0 -123.1529954,42.8383281,0 -123.1532231,42.8383430,0 -123.1534426,42.8383698,0 -123.1536296,42.8384026,0 -123.1537776,42.8384394,0 -123.1539015,42.8384835,0 -123.1540289,42.8385354,0 -123.1541705,42.8386107,0 -123.1542696,42.8386678,0 -123.1543793,42.8387457,0 -123.1544713,42.8388209,0 -123.1545565,42.8389123,0 -123.1546584,42.8390460,0 -123.1547389,42.8391483,0 -123.1548033,42.8392820,0 -123.1548569,42.8394040,0 -123.1549034,42.8395525,0 -123.1549694,42.8397634,0 -123.1550908,42.8401229,0 -123.1551983,42.8404653,0 -123.1552590,42.8406331,0 -123.1553103,42.8407496,0 -123.1553570,42.8408420,0 -123.1554224,42.8409482,0 -123.1554878,42.8410338,0 -123.1556045,42.8411810,0 -123.1561930,42.8417974,0 -123.1567861,42.8424377,0 -123.1569729,42.8426431,0 -123.1570382,42.8427424,0 -123.1570943,42.8428828,0 -123.1571270,42.8430061,0 -123.1571503,42.8431465,0 -123.1571643,42.8432698,0 -123.1571550,42.8433896,0 -123.1571316,42.8434889,0 -123.1571036,42.8435814,0 -123.1570709,42.8436807,0 -123.1570242,42.8437834,0 -123.1568888,42.8440265,0 -123.1566553,42.8444374,0 -123.1564825,42.8447147,0 -123.1559408,42.8455502,0 -123.1558521,42.8457180,0 -123.1558194,42.8458070,0 -123.1558007,42.8459165,0 -123.1557913,42.8460090,0 -123.1557913,42.8461220,0 -123.1558100,42.8462555,0 -123.1558707,42.8465260,0 -123.1560202,42.8470807,0 -123.1560762,42.8473204,0 -123.1561369,42.8476319,0 -123.1561767,42.8480459,0 -123.1561836,42.8481181,0 -123.1562677,42.8486899,0 -123.1563097,42.8489125,0 -123.1563751,42.8495561,0 -123.1564031,42.8496897,0 -123.1564498,42.8498163,0 -123.1565059,42.8499362,0 -123.1565759,42.8500457,0 -123.1566553,42.8501484,0 -123.1567861,42.8502785,0 -123.1568981,42.8503641,0 -123.1570522,42.8504463,0 -123.1572857,42.8505730,0 -123.1578461,42.8508263,0 -123.1582431,42.8509804,0 -123.1584766,42.8510660,0 -123.1586774,42.8511310,0 -123.1589156,42.8512064,0 -123.1591537,42.8512714,0 -123.1594106,42.8513262,0 -123.1596861,42.8513810,0 -123.1599826,42.8514289,0 -123.1602792,42.8514768,0 -123.1616473,42.8516893,0 -123.1617783,42.8517096,0 -123.1632680,42.8519356,0 -123.1639311,42.8520417,0 -123.1647671,42.8521855,0 -123.1657665,42.8523499,0 -123.1662708,42.8524354,0 -123.1666584,42.8525005,0 -123.1669293,42.8525382,0 -123.1671955,42.8525690,0 -123.1674710,42.8525895,0 -123.1676858,42.8525964,0 -123.1678633,42.8525998,0 -123.1682883,42.8526032,0 -123.1693297,42.8526135,0 -123.1702730,42.8525964,0 -123.1712537,42.8526066,0 -123.1720476,42.8526203,0 -123.1721970,42.8526169,0 -123.1723465,42.8526066,0 -123.1724632,42.8525861,0 -123.1725753,42.8525553,0 -123.1726967,42.8525176,0 -123.1727995,42.8524731,0 -123.1729022,42.8524218,0 -123.1730096,42.8523567,0 -123.1730750,42.8523122,0 -123.1731777,42.8522266,0 -123.1733692,42.8520486,0 -123.1737522,42.8516788,0 -123.1742285,42.8511927,0 -123.1748403,42.8505524,0 -123.1749663,42.8504292,0 -123.1751018,42.8503059,0 -123.1752606,42.8501964,0 -123.1753493,42.8501416,0 -123.1754707,42.8500765,0 -123.1756015,42.8500252,0 -123.1757509,42.8499772,0 -123.1758583,42.8499464,0 -123.1759891,42.8499190,0 -123.1761012,42.8498985,0 -123.1762459,42.8498814,0 -123.1763720,42.8498745,0 -123.1765261,42.8498745,0 -123.1766616,42.8498848,0 -123.1767783,42.8498985,0 -123.1768857,42.8499156,0 -123.1770165,42.8499499,0 -123.1771379,42.8499875,0 -123.1773013,42.8500491,0 -123.1776134,42.8501840,0 -123.1777357,42.8502306,0 -123.1778571,42.8502683,0 -123.1779925,42.8502991,0 -123.1781186,42.8503196,0 -123.1782576,42.8503293,0 -123.1784416,42.8503397,0 -123.1787247,42.8503397,0 -123.1789732,42.8503402,0 -123.1791600,42.8503504,0 -123.1793122,42.8503656,0 -123.1794449,42.8503847,0 -123.1797157,42.8504435,0 -123.1800484,42.8505524,0 -123.1805651,42.8507237,0 -123.1807350,42.8507756,0 -123.1809403,42.8508223,0 -123.1811385,42.8508482,0 -123.1812659,42.8508586,0 -123.1813933,42.8508586,0 -123.1815561,42.8508482,0 -123.1817543,42.8508275,0 -123.1820657,42.8507730,0 -123.1822215,42.8507419,0 -123.1824692,42.8506848,0 -123.1827134,42.8506199,0 -123.1828353,42.8505832,0 -123.1829647,42.8505473,0 -123.1831700,42.8504694,0 -123.1833328,42.8503994,0 -123.1834177,42.8503552,0 -123.1836053,42.8502385,0 -123.1837929,42.8501165,0 -123.1840272,42.8499469,0 -123.1840618,42.8499219,0 -123.1841609,42.8498363,0 -123.1842282,42.8497662,0 -123.1843450,42.8496235,0 -123.1844158,42.8495094,0 -123.1844795,42.8493900,0 -123.1845219,42.8492655,0 -123.1845432,42.8491098,0 -123.1845502,42.8489541,0 -123.1845290,42.8488192,0 -123.1844865,42.8486842,0 -123.1844299,42.8485804,0 -123.1843521,42.8484455,0 -123.1842530,42.8483158,0 -123.1840902,42.8481601,0 -123.1837858,42.8479369,0 -123.1836220,42.8478282,0 -123.1834106,42.8476878,0 -123.1832407,42.8475685,0 -123.1830779,42.8474284,0 -123.1829293,42.8472727,0 -123.1828514,42.8471637,0 -123.1827665,42.8469976,0 -123.1826462,42.8466551,0 -123.1825661,42.8463908,0 -123.1825471,42.8463281,0 -123.1824975,42.8461569,0 -123.1824763,42.8459701,0 -123.1824834,42.8456846,0 -123.1825754,42.8443404,0 -123.1826249,42.8427627,0 -123.1826603,42.8425240,0 -123.1827099,42.8422852,0 -123.1828514,42.8417818,0 -123.1828939,42.8415430,0 -123.1829038,42.8414025,0 -123.1829081,42.8413406,0 -123.1829010,42.8411434,0 -123.1828585,42.8409358,0 -123.1827877,42.8407334,0 -123.1827099,42.8405828,0 -123.1825825,42.8403804,0 -123.1824197,42.8402040,0 -123.1822002,42.8400171,0 -123.1818251,42.8397109,0 -123.1814226,42.8393495,0 -123.1811437,42.8390820,0 -123.1808978,42.8388337,0 -123.1807845,42.8386988,0 -123.1806784,42.8385327,0 -123.1805580,42.8383406,0 -123.1804892,42.8382009,0 -123.1804448,42.8380707,0 -123.1803952,42.8379254,0 -123.1798991,42.8359272,0 -123.1796416,42.8348651,0 -123.1795236,42.8343694,0 -123.1794056,42.8341098,0 -123.1792554,42.8338816,0 -123.1790471,42.8336903,0 -123.1786812,42.8334280,0 -123.1782746,42.8331656,0 -123.1781039,42.8330464,0 -123.1779331,42.8329152,0 -123.1778193,42.8328019,0 -123.1776973,42.8326767,0 -123.1775998,42.8325395,0 -123.1774859,42.8323428,0 -123.1773965,42.8321579,0 -123.1773558,42.8320208,0 -123.1773314,42.8318598,0 -123.1773071,42.8316690,0 -123.1773152,42.8314722,0 -123.1773396,42.8313470,0 -123.1773802,42.8312098,0 -123.1774209,42.8310667,0 -123.1774778,42.8309296,0 -123.1776242,42.8307089,0 -123.1782259,42.8299755,0 -123.1787300,42.8293553,0 -123.1793480,42.8285760,0 -123.1794620,42.8284403,0 -123.1795349,42.8283535,0 -123.1796162,42.8282104,0 -123.1796650,42.8280971,0 -123.1797047,42.8279807,0 -123.1797219,42.8279301,0 -123.1797626,42.8277811,0 -123.1798195,42.8273756,0 -123.1798927,42.8270058,0 -123.1799415,42.8268508,0 -123.1800309,42.8267196,0 -123.1801448,42.8265884,0 -123.1803643,42.8263499,0 -123.1806895,42.8260398,0 -123.1808603,42.8258668,0 -123.1809904,42.8256999,0 -123.1810717,42.8255329,0 -123.1811123,42.8254315,0 -123.1811367,42.8252943,0 -123.1811530,42.8251274,0 -123.1810961,42.8239824,0 -123.1810635,42.8229208,0 -123.1810606,42.8226661,0 -123.1810767,42.8225166,0 -123.1811035,42.8223986,0 -123.1811357,42.8222963,0 -123.1811786,42.8221625,0 -123.1812537,42.8220012,0 -123.1813020,42.8219146,0 -123.1813878,42.8217848,0 -123.1814415,42.8217140,0 -123.1815112,42.8216313,0 -123.1816239,42.8215251,0 -123.1818009,42.8213599,0 -123.1820637,42.8211434,0 -123.1823481,42.8208956,0 -123.1825465,42.8207028,0 -123.1826679,42.8205797,0 -123.1829527,42.8202543,0 -123.1831209,42.8200796,0 -123.1832656,42.8199426,0 -123.1833730,42.8198638,0 -123.1835085,42.8197713,0 -123.1836673,42.8196822,0 -123.1838214,42.8196034,0 -123.1841016,42.8194938,0 -123.1844658,42.8193637,0 -123.1849564,42.8191831,0 -123.1851834,42.8191103,0 -123.1852691,42.8190828,0 -123.1856380,42.8189595,0 -123.1858435,42.8189047,0 -123.1860256,42.8188601,0 -123.1862404,42.8188190,0 -123.1864179,42.8187848,0 -123.1866327,42.8187539,0 -123.1868195,42.8187300,0 -123.1870904,42.8187128,0 -123.1873192,42.8187128,0 -123.1875807,42.8187231,0 -123.1878142,42.8187437,0 -123.1882719,42.8187848,0 -123.1885567,42.8188087,0 -123.1887856,42.8188224,0 -123.1890568,42.8188353,0 -123.1892856,42.8188319,0 -123.1895612,42.8188182,0 -123.1897106,42.8188079,0 -123.1900235,42.8187737,0 -123.1902803,42.8187394,0 -123.1905465,42.8186949,0 -123.1911116,42.8186058,0 -123.1919522,42.8184654,0 -123.1922698,42.8184174,0 -123.1926294,42.8183523,0 -123.1930917,42.8182770,0 -123.1933205,42.8182393,0 -123.1937315,42.8181830,0 -123.1941137,42.8181467,0 -123.1943685,42.8181311,0 -123.1946587,42.8181155,0 -123.1949560,42.8181000,0 -123.1954728,42.8180896,0 -123.1963363,42.8180896,0 -123.1970654,42.8180844,0 -123.1972430,42.8180877,0 -123.1976246,42.8180948,0 -123.1978511,42.8181000,0 -123.1981342,42.8181207,0 -123.1983466,42.8181415,0 -123.1987642,42.8181934,0 -123.1995641,42.8183128,0 -123.2014540,42.8185569,0 -123.2041509,42.8189151,0 -123.2049932,42.8190242,0 -123.2052551,42.8190553,0 -123.2054887,42.8190657,0 -123.2059488,42.8190813,0 -123.2071663,42.8190861,0 -123.2081572,42.8191020,0 -123.2085041,42.8190917,0 -123.2087943,42.8190709,0 -123.2091553,42.8190345,0 -123.2094526,42.8190190,0 -123.2097003,42.8190190,0 -123.2100542,42.8190293,0 -123.2103445,42.8190293,0 -123.2105710,42.8190190,0 -123.2107904,42.8189878,0 -123.2109674,42.8189515,0 -123.2112009,42.8188995,0 -123.2114062,42.8188372,0 -123.2116044,42.8187594,0 -123.2120503,42.8185413,0 -123.2124821,42.8183232,0 -123.2127794,42.8181519,0 -123.2130272,42.8179546,0 -123.2133781,42.8176604,0 -123.2136261,42.8174427,0 -123.2137775,42.8173160,0 -123.2139635,42.8171415,0 -123.2140570,42.8170371,0 -123.2141749,42.8168880,0 -123.2142254,42.8168112,0 -123.2142806,42.8167270,0 -123.2143701,42.8165868,0 -123.2144636,42.8164675,0 -123.2145530,42.8163721,0 -123.2147400,42.8161902,0 -123.2151669,42.8157995,0 -123.2153783,42.8156236,0 -123.2155409,42.8154625,0 -123.2156588,42.8153433,0 -123.2157361,42.8152508,0 -123.2157767,42.8151941,0 -123.2158499,42.8150808,0 -123.2158987,42.8149913,0 -123.2159353,42.8148989,0 -123.2160247,42.8146752,0 -123.2161223,42.8144426,0 -123.2161833,42.8143114,0 -123.2162605,42.8141772,0 -123.2163825,42.8140072,0 -123.2164800,42.8138939,0 -123.2165532,42.8138193,0 -123.2166427,42.8137388,0 -123.2167362,42.8136583,0 -123.2168663,42.8135628,0 -123.2171590,42.8133839,0 -123.2176672,42.8131215,0 -123.2179192,42.8129783,0 -123.2182241,42.8128173,0 -123.2184965,42.8126681,0 -123.2186991,42.8125451,0 -123.2188815,42.8124192,0 -123.2190853,42.8122539,0 -123.2192355,42.8121044,0 -123.2193508,42.8119518,0 -123.2194432,42.8118026,0 -123.2198252,42.8110793,0 -123.2199855,42.8107810,0 -123.2201272,42.8105188,0 -123.2202443,42.8103561,0 -123.2203244,42.8102792,0 -123.2204476,42.8101572,0 -123.2206448,42.8100170,0 -123.2209221,42.8098633,0 -123.2213276,42.8096881,0 -123.2218212,42.8095228,0 -123.2220374,42.8094293,0 -123.2222610,42.8093024,0 -123.2224971,42.8091686,0 -123.2226795,42.8090190,0 -123.2228511,42.8088774,0 -123.2230872,42.8086649,0 -123.2233876,42.8084445,0 -123.2236772,42.8082870,0 -123.2238811,42.8081847,0 -123.2241493,42.8080824,0 -123.2244926,42.8079565,0 -123.2254012,42.8076638,0 -123.2255069,42.8076161,0 -123.2257101,42.8075266,0 -123.2264907,42.8071448,0 -123.2270548,42.8068738,0 -123.2271737,42.8068167,0 -123.2276128,42.8066080,0 -123.2278730,42.8064767,0 -123.2281332,42.8063336,0 -123.2285234,42.8061069,0 -123.2291089,42.8057251,0 -123.2297837,42.8052777,0 -123.2303204,42.8049198,0 -123.2305480,42.8048238,0 -123.2307742,42.8047298,0 -123.2309795,42.8046622,0 -123.2311706,42.8046259,0 -123.2313547,42.8045947,0 -123.2315883,42.8045740,0 -123.2319988,42.8045636,0 -123.2322041,42.8045532,0 -123.2324589,42.8045324,0 -123.2326429,42.8045013,0 -123.2327704,42.8044753,0 -123.2329827,42.8044182,0 -123.2331738,42.8043507,0 -123.2333295,42.8042883,0 -123.2334923,42.8042000,0 -123.2339737,42.8039040,0 -123.2344621,42.8036028,0 -123.2348018,42.8034003,0 -123.2349222,42.8033120,0 -123.2350779,42.8031666,0 -123.2353257,42.8028757,0 -123.2357928,42.8023149,0 -123.2362388,42.8017592,0 -123.2363853,42.8015684,0 -123.2367413,42.8011048,0 -123.2370528,42.8007412,0 -123.2371873,42.8006322,0 -123.2373430,42.8005179,0 -123.2375341,42.8003985,0 -123.2376969,42.8003050,0 -123.2379093,42.8001855,0 -123.2380721,42.8001128,0 -123.2382986,42.8000349,0 -123.2386879,42.7999258,0 -123.2389356,42.7998687,0 -123.2391621,42.7998427,0 -123.2395302,42.7998220,0 -123.2401106,42.7997960,0 -123.2408326,42.7997596,0 -123.2413777,42.7997077,0 -123.2417882,42.7996610,0 -123.2433024,42.7994212,0 -123.2442884,42.7992585,0 -123.2453359,42.7990821,0 -123.2473078,42.7987611,0 -123.2475296,42.7987430,0 -123.2477330,42.7987385,0 -123.2479548,42.7987476,0 -123.2480360,42.7987547,0 -123.2487490,42.7988173,0 -123.2494332,42.7988773,0 -123.2503029,42.7989536,0 -123.2526780,42.7991417,0 </coordinates></LineString></Placemark><Placemark><name>Snow Creek Road</name><ExtendedData><Data name="featureClass"><value>tertiary</value></Data><Data name="osmType"><value>way</value></Data><Data name="ref"><value>BLM 32-3-5</value></Data><Data name="osmId"><value>301593465</value></Data></ExtendedData><LineString><tessellate>1</tessellate><coordinates>-123.0863923,42.7441804,0 -123.0863183,42.7441911,0 -123.0862750,42.7442061,0 -123.0862523,42.7442142,0 -123.0861815,42.7442350,0 -123.0860930,42.7442766,0 -123.0860364,42.7443130,0 -123.0859692,42.7443728,0 -123.0859161,42.7444325,0 -123.0858842,42.7444871,0 -123.0858630,42.7445521,0 -123.0858559,42.7446197,0 -123.0858630,42.7449368,0 -123.0858595,42.7451941,0 -123.0858701,42.7454748,0 -123.0858913,42.7456957,0 -123.0859161,42.7459478,0 -123.0859090,42.7460830,0 -123.0858878,42.7461869,0 -123.0858382,42.7463169,0 -123.0857285,42.7465664,0 -123.0856790,42.7466548,0 -123.0855799,42.7468835,0 -123.0854843,42.7470446,0 -123.0853675,42.7471980,0 -123.0852012,42.7473565,0 -123.0851021,42.7474423,0 -123.0850667,42.7474890,0 -123.0850525,42.7475488,0 -123.0850454,42.7475982,0 -123.0850561,42.7476658,0 -123.0850915,42.7477541,0 -123.0851976,42.7479621,0 -123.0852259,42.7480296,0 -123.0852401,42.7480972,0 -123.0852401,42.7481544,0 -123.0852259,42.7482220,0 -123.0851906,42.7482947,0 -123.0851375,42.7483493,0 -123.0850561,42.7484247,0 -123.0849711,42.7484871,0 -123.0848791,42.7485416,0 -123.0847163,42.7486274,0 -123.0846278,42.7486768,0 -123.0845783,42.7487210,0 -123.0845464,42.7487730,0 -123.0845358,42.7488171,0 -123.0845393,42.7488717,0 -123.0845854,42.7489939,0 -123.0846243,42.7490848,0 -123.0846420,42.7491550,0 -123.0846420,42.7492278,0 -123.0846314,42.7492797,0 -123.0845995,42.7493265,0 -123.0845500,42.7493915,0 -123.0844615,42.7494929,0 -123.0844049,42.7495708,0 -123.0843624,42.7496514,0 -123.0843411,42.7497294,0 -123.0843270,42.7497995,0 -123.0842987,42.7498489,0 -123.0842597,42.7498801,0 -123.0842031,42.7499113,0 -123.0841288,42.7499373,0 -123.0840403,42.7499607,0 -123.0839377,42.7499711,0 -123.0837501,42.7499841,0 -123.0836545,42.7499970,0 -123.0835802,42.7500126,0 -123.0835165,42.7500386,0 -123.0834528,42.7500750,0 -123.0833856,42.7501218,0 -123.0833325,42.7501686,0 -123.0832829,42.7502310,0 -123.0832511,42.7502959,0 -123.0832334,42.7503713,0 -123.0832440,42.7506780,0 -123.0832546,42.7508391,0 -123.0832794,42.7509612,0 -123.0833183,42.7510730,0 -123.0833856,42.7511873,0 -123.0834740,42.7513017,0 -123.0835130,42.7513693,0 -123.0835236,42.7514134,0 -123.0835271,42.7514784,0 -123.0835201,42.7515252,0 -123.0834988,42.7515746,0 -123.0834563,42.7516162,0 -123.0834068,42.7516447,0 -123.0833289,42.7516681,0 -123.0832369,42.7516889,0 -123.0830564,42.7517045,0 -123.0829148,42.7517175,0 -123.0827733,42.7517461,0 -123.0826069,42.7517955,0 -123.0824512,42.7518526,0 -123.0823592,42.7518916,0 -123.0822514,42.7519544,0 -123.0822070,42.7520034,0 -123.0821858,42.7520502,0 -123.0821787,42.7521021,0 -123.0821998,42.7521652,0 -123.0822323,42.7522010,0 -123.0822933,42.7522339,0 -123.0823868,42.7522667,0 -123.0824763,42.7522906,0 -123.0825657,42.7523174,0 -123.0827202,42.7523801,0 -123.0828015,42.7524279,0 -123.0828462,42.7524757,0 -123.0828747,42.7525533,0 -123.0828828,42.7526398,0 -123.0828747,42.7526936,0 -123.0828503,42.7527384,0 -123.0828096,42.7527861,0 -123.0827446,42.7528339,0 -123.0825738,42.7529264,0 -123.0825169,42.7529712,0 -123.0824722,42.7530220,0 -123.0824437,42.7530876,0 -123.0824234,42.7531652,0 -123.0823990,42.7533026,0 -123.0823990,42.7533593,0 -123.0824072,42.7534011,0 -123.0824356,42.7534429,0 -123.0824925,42.7534787,0 -123.0825494,42.7535056,0 -123.0825989,42.7535314,0 -123.0826783,42.7535554,0 -123.0827623,42.7535862,0 -123.0828324,42.7536171,0 -123.0828978,42.7536582,0 -123.0829585,42.7537131,0 -123.0830239,42.7537885,0 -123.0830892,42.7538983,0 -123.0831546,42.7540423,0 </coordinates></LineString></Placemark><Placemark><name>Snow Creek Road</name><ExtendedData><Data name="featureClass"><value>tertiary</value></Data><Data name="osmType"><value>way</value></Data><Data name="ref"><value>BLM 32-3-5</value></Data><Data name="osmId"><value>301679135</value></Data></ExtendedData><LineString><tessellate>1</tessellate><coordinates>-123.0831546,42.7540423,0 -123.0831873,42.7541932,0 -123.0832107,42.7544538,0 -123.0832247,42.7546801,0 -123.0832480,42.7548001,0 -123.0832807,42.7549167,0 -123.0833227,42.7550436,0 -123.0833881,42.7552150,0 -123.0834161,42.7553042,0 -123.0834302,42.7553899,0 -123.0834255,42.7554448,0 -123.0834115,42.7554791,0 -123.0833788,42.7555168,0 -123.0833134,42.7555579,0 -123.0831733,42.7556334,0 -123.0830799,42.7557019,0 -123.0830145,42.7557568,0 -123.0829585,42.7558117,0 -123.0829211,42.7558597,0 -123.0828978,42.7559180,0 -123.0828838,42.7559694,0 -123.0828884,42.7560345,0 -123.0829211,42.7560860,0 -123.0829678,42.7561340,0 -123.0831126,42.7562334,0 -123.0831873,42.7563020,0 -123.0832293,42.7563637,0 -123.0832527,42.7564254,0 -123.0832620,42.7564975,0 -123.0832527,42.7565626,0 -123.0832200,42.7566209,0 -123.0830519,42.7568403,0 -123.0830052,42.7569226,0 -123.0829912,42.7569638,0 -123.0829912,42.7570186,0 -123.0830099,42.7570735,0 -123.0830425,42.7571215,0 -123.0831173,42.7571729,0 -123.0832854,42.7572655,0 -123.0833928,42.7573204,0 -123.0834488,42.7573684,0 -123.0834909,42.7574301,0 -123.0835142,42.7574850,0 -123.0835282,42.7575638,0 -123.0835469,42.7577490,0 -123.0835703,42.7581947,0 -123.0835889,42.7583456,0 -123.0836029,42.7584279,0 -123.0836235,42.7584992,0 -123.0836590,42.7585445,0 -123.0837104,42.7585822,0 -123.0837617,42.7586096,0 -123.0838224,42.7586268,0 -123.0838972,42.7586336,0 -123.0839625,42.7586268,0 -123.0840513,42.7586028,0 -123.0841633,42.7585651,0 -123.0843315,42.7585136,0 -123.0844015,42.7584999,0 -123.0844809,42.7585033,0 -123.0845743,42.7585171,0 -123.0846630,42.7585376,0 -123.0847471,42.7585685,0 -123.0848078,42.7585993,0 -123.0848685,42.7586473,0 -123.0849386,42.7587194,0 -123.0849899,42.7587879,0 -123.0852328,42.7592851,0 -123.0853215,42.7594874,0 -123.0854009,42.7595868,0 -123.0854709,42.7596554,0 -123.0855223,42.7596863,0 -123.0855830,42.7597103,0 -123.0856577,42.7597206,0 -123.0857558,42.7597274,0 -123.0859520,42.7597206,0 -123.0860594,42.7597171,0 -123.0861388,42.7597240,0 -123.0862088,42.7597411,0 -123.0862742,42.7597617,0 -123.0863396,42.7598131,0 -123.0863863,42.7598646,0 -123.0864096,42.7599331,0 -123.0864143,42.7599983,0 -123.0864049,42.7600737,0 -123.0863816,42.7601457,0 -123.0863349,42.7602417,0 -123.0862742,42.7603377,0 -123.0859846,42.7606840,0 -123.0858959,42.7608109,0 -123.0858492,42.7608863,0 -123.0858072,42.7609583,0 -123.0857978,42.7610132,0 -123.0858025,42.7610680,0 -123.0858165,42.7611229,0 -123.0858399,42.7611915,0 -123.0858866,42.7612703,0 -123.0859473,42.7613629,0 -123.0860220,42.7614795,0 -123.0860734,42.7615412,0 -123.0861341,42.7615858,0 -123.0861995,42.7616269,0 -123.0863022,42.7616646,0 -123.0863956,42.7616989,0 -123.0865217,42.7617298,0 -123.0866338,42.7617606,0 -123.0867318,42.7617743,0 -123.0868533,42.7617881,0 -123.0869794,42.7617881,0 -123.0874657,42.7617556,0 -123.0877499,42.7617366,0 -123.0881235,42.7617229,0 -123.0883383,42.7617263,0 -123.0884411,42.7617332,0 -123.0885205,42.7617435,0 -123.0885952,42.7617675,0 -123.0886606,42.7617983,0 -123.0887259,42.7618429,0 -123.0887633,42.7618806,0 -123.0887773,42.7619389,0 -123.0887726,42.7620041,0 -123.0887586,42.7620966,0 -123.0887446,42.7621686,0 -123.0887446,42.7622441,0 -123.0887673,42.7623077,0 -123.0888193,42.7623675,0 -123.0888754,42.7624052,0 -123.0890848,42.7624791,0 -123.0893370,42.7625820,0 -123.0894397,42.7626368,0 -123.0895331,42.7627054,0 -123.0895705,42.7627740,0 -123.0895798,42.7628700,0 -123.0895612,42.7632060,0 -123.0895612,42.7633225,0 -123.0895798,42.7633911,0 -123.0896265,42.7634528,0 -123.0897106,42.7635077,0 -123.0899254,42.7636105,0 -123.0905886,42.7639054,0 -123.0907006,42.7639534,0 -123.0907847,42.7640082,0 -123.0908407,42.7640631,0 -123.0908781,42.7641248,0 -123.0908968,42.7642071,0 -123.0908968,42.7642757,0 -123.0908781,42.7643511,0 -123.0908221,42.7644471,0 -123.0907287,42.7645842,0 -123.0906913,42.7646528,0 -123.0906913,42.7647351,0 -123.0907006,42.7648242,0 -123.0907195,42.7649289,0 -123.0907100,42.7650436,0 -123.0906788,42.7651318,0 -123.0906166,42.7652425,0 -123.0904671,42.7654688,0 -123.0900655,42.7661270,0 -123.0900188,42.7662367,0 -123.0900001,42.7663396,0 -123.0900001,42.7664356,0 -123.0900001,42.7666687,0 -123.0900001,42.7668950,0 -123.0900001,42.7672310,0 -123.0900095,42.7674572,0 -123.0900282,42.7675806,0 -123.0900562,42.7677521,0 -123.0901216,42.7679440,0 -123.0902056,42.7680743,0 -123.0902803,42.7681772,0 -123.0904204,42.7683074,0 -123.0904820,42.7683573,0 -123.0905979,42.7684514,0 -123.0906913,42.7685337,0 -123.0907754,42.7686503,0 -123.0908314,42.7687668,0 -123.0908594,42.7688834,0 -123.0908501,42.7689725,0 -123.0908221,42.7690617,0 -123.0907660,42.7691439,0 -123.0906633,42.7692742,0 -123.0904485,42.7694936,0 -123.0902617,42.7696856,0 -123.0901683,42.7698021,0 -123.0901029,42.7699187,0 -123.0900188,42.7700901,0 -123.0898881,42.7703781,0 -123.0898414,42.7704981,0 -123.0898227,42.7705769,0 -123.0898180,42.7706455,0 -123.0898274,42.7707140,0 -123.0898460,42.7707895,0 -123.0898974,42.7709266,0 -123.0899488,42.7710500,0 -123.0899721,42.7711254,0 -123.0899861,42.7712077,0 -123.0899861,42.7713105,0 -123.0899488,42.7714922,0 -123.0899208,42.7715951,0 -123.0899114,42.7716808,0 -123.0899114,42.7717733,0 -123.0899254,42.7718590,0 -123.0899721,42.7719962,0 -123.0900655,42.7722190,0 -123.0902661,42.7725808,0 -123.0903761,42.7727541,0 -123.0905692,42.7730533,0 -123.0906362,42.7731793,0 -123.0907328,42.7733565,0 -123.0909340,42.7737346,0 -123.0910064,42.7739275,0 -123.0910466,42.7740574,0 -123.0910895,42.7742839,0 -123.0911190,42.7745181,0 -123.0911485,42.7746678,0 -123.0911834,42.7747820,0 -123.0912129,42.7748647,0 -123.0912478,42.7749355,0 -123.0912853,42.7749867,0 -123.0913309,42.7750261,0 -123.0913926,42.7750714,0 -123.0914489,42.7751108,0 -123.0915053,42.7751423,0 -123.0915670,42.7751738,0 -123.0916474,42.7752053,0 -123.0918593,42.7752683,0 -123.0920471,42.7753372,0 -123.0921249,42.7753667,0 -123.0921758,42.7753923,0 -123.0922268,42.7754258,0 -123.0922563,42.7754553,0 -123.0922804,42.7754907,0 -123.0922992,42.7755281,0 -123.0923126,42.7755685,0 -123.0923153,42.7756148,0 -123.0923126,42.7756552,0 -123.0923019,42.7757014,0 -123.0922751,42.7757654,0 -123.0922160,42.7758717,0 -123.0920980,42.7760292,0 -123.0916045,42.7766711,0 -123.0914328,42.7769073,0 -123.0912174,42.7771887,0 -123.0911646,42.7772577,0 -123.0908481,42.7776948,0 -123.0907677,42.7778326,0 -123.0906818,42.7779901,0 -123.0904404,42.7785335,0 -123.0901883,42.7790729,0 -123.0901400,42.7792540,0 -123.0901347,42.7793013,0 -123.0901454,42.7793643,0 -123.0901776,42.7793997,0 -123.0902258,42.7794391,0 -123.0902849,42.7794745,0 -123.0903439,42.7794981,0 -123.0904351,42.7795296,0 -123.0905370,42.7795493,0 -123.0906604,42.7795533,0 -123.0907891,42.7795533,0 -123.0912344,42.7795454,0 -123.0913577,42.7795336,0 -123.0918084,42.7794863,0 -123.0920176,42.7794784,0 -123.0922160,42.7794784,0 -123.0924521,42.7794745,0 -123.0932246,42.7794233,0 -123.0940936,42.7793800,0 -123.0943725,42.7793721,0 -123.0944745,42.7793761,0 -123.0945657,42.7793958,0 -123.0946569,42.7794273,0 -123.0947481,42.7794706,0 -123.0948392,42.7795257,0 -123.0949144,42.7795887,0 -123.0949841,42.7796596,0 -123.0950270,42.7797265,0 -123.0950431,42.7797777,0 -123.0950377,42.7798367,0 -123.0950324,42.7798840,0 -123.0950055,42.7799549,0 -123.0949734,42.7800218,0 -123.0949251,42.7800809,0 -123.0948661,42.7801360,0 -123.0947802,42.7801872,0 -123.0946783,42.7802305,0 -123.0944745,42.7803013,0 -123.0937503,42.7805573,0 -123.0928920,42.7808644,0 -123.0917762,42.7812542,0 -123.0916878,42.7812844,0 -123.0913953,42.7813841,0 -123.0908535,42.7815928,0 -123.0906067,42.7817030,0 -123.0902849,42.7818447,0 -123.0900649,42.7819471,0 -123.0898342,42.7820731,0 -123.0896089,42.7822188,0 -123.0893729,42.7823881,0 -123.0892066,42.7825101,0 -123.0888687,42.7827857,0 -123.0885790,42.7830298,0 -123.0878226,42.7837621,0 -123.0876080,42.7839590,0 -123.0875222,42.7840653,0 -123.0874256,42.7841991,0 -123.0873720,42.7842897,0 -123.0873291,42.7843842,0 -123.0873076,42.7844590,0 -123.0872754,42.7845574,0 -123.0872540,42.7846519,0 -123.0872379,42.7847661,0 -123.0872271,42.7848842,0 -123.0872164,42.7850102,0 -123.0872110,42.7851519,0 -123.0872432,42.7856952,0 -123.0872861,42.7864826,0 -123.0872540,42.7871991,0 -123.0872647,42.7873881,0 -123.0872915,42.7875573,0 -123.0873666,42.7878369,0 -123.0874632,42.7881124,0 -123.0876885,42.7886911,0 -123.0877582,42.7888880,0 -123.0878280,42.7891124,0 -123.0878870,42.7893092,0 -123.0879084,42.7894785,0 -123.0879031,42.7896596,0 -123.0878494,42.7899902,0 -123.0878280,42.7901871,0 -123.0877797,42.7904469,0 -123.0876509,42.7908524,0 -123.0875115,42.7913799,0 -123.0874417,42.7916830,0 -123.0873559,42.7920688,0 -123.0872701,42.7923876,0 -123.0871628,42.7926711,0 -123.0869643,42.7930293,0 -123.0868087,42.7932733,0 -123.0866692,42.7934820,0 -123.0864064,42.7938402,0 -123.0862508,42.7940528,0 -123.0861757,42.7941787,0 -123.0861382,42.7942929,0 -123.0861221,42.7943913,0 -123.0861328,42.7945015,0 -123.0861489,42.7946432,0 -123.0862025,42.7948676,0 -123.0862615,42.7950723,0 -123.0863098,42.7952179,0 -123.0863849,42.7953714,0 -123.0864815,42.7955564,0 -123.0865298,42.7956667,0 -123.0865780,42.7958595,0 -123.0866263,42.7960642,0 -123.0866853,42.7962453,0 -123.0867282,42.7963595,0 -123.0867765,42.7964500,0 -123.0868355,42.7965326,0 -123.0869589,42.7966507,0 -123.0871467,42.7968318,0 -123.0874256,42.7971073,0 -123.0875383,42.7972254,0 -123.0876134,42.7973317,0 -123.0876724,42.7974459,0 -123.0878333,42.7977765,0 -123.0879782,42.7980756,0 -123.0882088,42.7984496,0 -123.0883644,42.7986543,0 -123.0886648,42.7989770,0 -123.0887453,42.7990794,0 -123.0888043,42.7991856,0 -123.0888365,42.7992683,0 -123.0888481,42.7993592,0 -123.0888684,42.7994994,0 -123.0888928,42.7996307,0 -123.0889254,42.7997261,0 -123.0889701,42.7998126,0 -123.0890758,42.7999439,0 -123.0894376,42.8003705,0 -123.0895555,42.8005017,0 -123.0896449,42.8005912,0 -123.0897222,42.8006479,0 -123.0898157,42.8007045,0 -123.0900515,42.8008328,0 -123.0903036,42.8009491,0 -123.0904987,42.8010297,0 -123.0906369,42.8010834,0 -123.0907711,42.8011162,0 -123.0910557,42.8011609,0 -123.0913565,42.8012206,0 -123.0914988,42.8012623,0 -123.0917590,42.8013697,0 -123.0919338,42.8014473,0 -123.0922103,42.8016382,0 -123.0925233,42.8018888,0 -123.0926453,42.8019872,0 -123.0927022,42.8020289,0 -123.0927876,42.8020618,0 -123.0928648,42.8020886,0 -123.0929542,42.8021125,0 -123.0931900,42.8021483,0 -123.0932818,42.8021680,0 -123.0934032,42.8022023,0 -123.0934779,42.8022400,0 -123.0935340,42.8022811,0 -123.0935900,42.8023496,0 -123.0936460,42.8024387,0 -123.0936834,42.8025210,0 -123.0936974,42.8025861,0 -123.0936927,42.8026649,0 -123.0936787,42.8027368,0 -123.0936554,42.8028019,0 -123.0935900,42.8029081,0 -123.0935013,42.8030486,0 -123.0934686,42.8031274,0 -123.0934546,42.8032131,0 -123.0934639,42.8032919,0 -123.0934740,42.8033568,0 -123.0935109,42.8034156,0 -123.0935726,42.8035015,0 -123.0936280,42.8036055,0 -123.0936527,42.8036823,0 -123.0936694,42.8037613,0 -123.0936712,42.8042791,0 -123.0936773,42.8045006,0 -123.0936958,42.8045910,0 -123.0937328,42.8047131,0 -123.0937882,42.8048352,0 -123.0939176,42.8050748,0 -123.0940655,42.8053777,0 -123.0941518,42.8055811,0 -123.0942011,42.8056851,0 -123.0942750,42.8057891,0 -123.0943736,42.8059066,0 -123.0944722,42.8060287,0 -123.0945708,42.8061779,0 -123.0946325,42.8063045,0 -123.0946756,42.8064220,0 -123.0947557,42.8070459,0 -123.0947680,42.8072086,0 -123.0947680,42.8073307,0 -123.0947495,42.8074708,0 -123.0947249,42.8076019,0 -123.0946941,42.8077195,0 -123.0946694,42.8078235,0 -123.0946201,42.8079455,0 -123.0945708,42.8080631,0 -123.0945092,42.8081716,0 -123.0944353,42.8082800,0 -123.0941765,42.8085422,0 -123.0940594,42.8086327,0 -123.0939546,42.8087095,0 -123.0937205,42.8088271,0 -123.0936157,42.8088949,0 -123.0934925,42.8090079,0 -123.0933384,42.8091797,0 -123.0932337,42.8093469,0 -123.0932090,42.8094283,0 -123.0932090,42.8095187,0 -123.0932398,42.8095820,0 -123.0933076,42.8096272,0 -123.0933867,42.8096695,0 -123.0935369,42.8097285,0 -123.0936710,42.8097679,0 -123.0937729,42.8097915,0 -123.0938856,42.8097993,0 -123.0939714,42.8097915,0 -123.0940573,42.8097757,0 -123.0943577,42.8097128,0 -123.0946366,42.8096695,0 -123.0947868,42.8096577,0 -123.0949048,42.8096616,0 -123.0950068,42.8096773,0 -123.0953608,42.8098033,0 -123.0954627,42.8098623,0 -123.0955164,42.8099056,0 -123.0955539,42.8099646,0 -123.0955647,42.8100315,0 -123.0955593,42.8101024,0 -123.0955325,42.8101693,0 -123.0954881,42.8102305,0 -123.0953143,42.8104335,0 -123.0950392,42.8107503,0 -123.0949695,42.8108467,0 -123.0949199,42.8109262,0 -123.0948702,42.8110120,0 -123.0948461,42.8110612,0 -123.0948246,42.8111536,0 -123.0948220,42.8112245,0 -123.0948220,42.8112894,0 -123.0948381,42.8113445,0 -123.0948676,42.8113957,0 -123.0949158,42.8114527,0 -123.0949749,42.8114921,0 -123.0951048,42.8115636,0 -123.0952773,42.8116449,0 -123.0953944,42.8117263,0 -123.0954991,42.8118484,0 -123.0955334,42.8119473,0 -123.0955546,42.8120066,0 -123.0955484,42.8120880,0 -123.0955176,42.8121648,0 -123.0954683,42.8122326,0 -123.0953697,42.8123185,0 -123.0952218,42.8124134,0 -123.0950555,42.8124948,0 -123.0946734,42.8126349,0 -123.0943283,42.8127615,0 -123.0942174,42.8128248,0 -123.0941373,42.8128971,0 -123.0941003,42.8129559,0 -123.0940880,42.8130418,0 -123.0941003,42.8131502,0 -123.0942729,42.8137605,0 -123.0943160,42.8140860,0 -123.0943037,42.8142622,0 -123.0942357,42.8144185,0 -123.0941802,42.8144840,0 -123.0940693,42.8146016,0 -123.0939245,42.8147101,0 -123.0938105,42.8147824,0 -123.0937366,42.8148095,0 -123.0936503,42.8148253,0 -123.0935704,42.8148273,0 -123.0934870,42.8148163,0 -123.0933946,42.8147892,0 -123.0933145,42.8147620,0 -123.0932436,42.8147304,0 -123.0931798,42.8146859,0 -123.0930896,42.8145993,0 -123.0930341,42.8145247,0 -123.0929602,42.8144230,0 -123.0928870,42.8143340,0 -123.0926919,42.8141611,0 -123.0923016,42.8138867,0 -123.0919845,42.8136123,0 -123.0916674,42.8133439,0 -123.0910169,42.8129204,0 -123.0903258,42.8124313,0 -123.0898705,42.8121331,0 -123.0897485,42.8120734,0 -123.0896265,42.8120555,0 -123.0894964,42.8120675,0 -123.0893745,42.8121211,0 -123.0892850,42.8122046,0 -123.0892281,42.8123239,0 -123.0892200,42.8124253,0 -123.0892607,42.8125208,0 -123.0897566,42.8134751,0 -123.0902445,42.8143102,0 -123.0903421,42.8145487,0 -123.0903665,42.8146800,0 -123.0903502,42.8148171,0 -123.0902861,42.8150132,0 -123.0902110,42.8153516,0 -123.0901252,42.8158475,0 -123.0900983,42.8161386,0 -123.0901091,42.8163275,0 -123.0901573,42.8166266,0 -123.0901788,42.8169453,0 -123.0901895,42.8172404,0 -123.0901627,42.8173860,0 -123.0900769,42.8176890,0 -123.0900286,42.8179172,0 -123.0900071,42.8181179,0 -123.0899642,42.8187790,0 -123.0899267,42.8190584,0 -123.0898194,42.8193731,0 -123.0896960,42.8195974,0 -123.0895512,42.8198335,0 -123.0894385,42.8200539,0 -123.0893849,42.8202349,0 -123.0893527,42.8204316,0 -123.0893205,42.8208015,0 -123.0892990,42.8215176,0 -123.0892883,42.8217615,0 -123.0892990,42.8219110,0 -123.0893298,42.8220626,0 -123.0893781,42.8222553,0 -123.0893995,42.8224167,0 -123.0894156,42.8225741,0 -123.0894210,42.8226764,0 -123.0894371,42.8227472,0 -123.0894639,42.8228101,0 -123.0895068,42.8228573,0 -123.0896123,42.8229484,0 -123.0899199,42.8232115,0 -123.0900315,42.8233023,0 -123.0905100,42.8236915,0 -123.0906603,42.8238430,0 -123.0906910,42.8238784,0 -123.0907335,42.8239265,0 -123.0907864,42.8239921,0 -123.0908230,42.8240547,0 -123.0908596,42.8241382,0 -123.0908839,42.8242068,0 -123.0908895,42.8242369,0 -123.0908961,42.8242724,0 -123.0909043,42.8243261,0 -123.0909043,42.8243768,0 -123.0908961,42.8244364,0 -123.0908921,42.8244931,0 -123.0908249,42.8248406,0 -123.0907952,42.8250125,0 -123.0907576,42.8252564,0 -123.0907523,42.8254020,0 -123.0907683,42.8255318,0 -123.0907952,42.8256223,0 -123.0908381,42.8257089,0 -123.0910741,42.8259961,0 -123.0911760,42.8260984,0 -123.0912167,42.8261328,0 -123.0913853,42.8262754,0 -123.0914389,42.8263541,0 -123.0914657,42.8264367,0 -123.0914764,42.8265193,0 -123.0914764,42.8266334,0 -123.0914121,42.8269679,0 -123.0913906,42.8270977,0 -123.0914013,42.8271882,0 -123.0914228,42.8272629,0 -123.0916427,42.8275973,0 -123.0918090,42.8278295,0 -123.0918734,42.8279278,0 -123.0919271,42.8280380,0 -123.0919539,42.8281599,0 -123.0919914,42.8287107,0 -123.0920022,42.8287894,0 -123.0920343,42.8288642,0 -123.0920719,42.8289232,0 -123.0921095,42.8289665,0 -123.0921631,42.8290137,0 -123.0922382,42.8290609,0 -123.0923401,42.8291081,0 -123.0925493,42.8291986,0 -123.0928015,42.8293127,0 -123.0929892,42.8293953,0 -123.0931609,42.8294818,0 -123.0932843,42.8295605,0 -123.0934398,42.8296589,0 -123.0935310,42.8297336,0 -123.0936329,42.8298359,0 -123.0937080,42.8299382,0 -123.0937724,42.8300602,0 -123.0937992,42.8301428,0 -123.0938100,42.8302215,0 -123.0938217,42.8303338,0 </coordinates></LineString></Placemark><Placemark><name>Takelma Park</name><ExtendedData><Data name="featureClass"><value>tertiary</value></Data><Data name="osmType"><value>way</value></Data><Data name="osmId"><value>311337847</value></Data></ExtendedData><LineString><tessellate>1</tessellate><coordinates>-122.6763932,42.6796247,0 -122.6761723,42.6797133,0 -122.6760512,42.6797836,0 -122.6759811,42.6798633,0 -122.6759661,42.6799075,0 -122.6759365,42.6799945,0 -122.6758536,42.6805147,0 -122.6757580,42.6808943,0 -122.6756624,42.6810443,0 -122.6755667,42.6811286,0 -122.6754265,42.6812130,0 -122.6752161,42.6812692,0 -122.6749739,42.6812833,0 -122.6748272,42.6812786,0 -122.6746742,42.6812364,0 -122.6738710,42.6809552,0 -122.6737116,42.6809224,0 -122.6734949,42.6809084,0 -122.6723984,42.6808896,0 -122.6721880,42.6808662,0 -122.6720095,42.6808147,0 -122.6718119,42.6807115,0 -122.6716525,42.6805710,0 -122.6709768,42.6798071,0 -122.6705050,42.6794181,0 </coordinates></LineString></Placemark><Placemark><name>Forest Road 6640</name><ExtendedData><Data name="featureClass"><value>tertiary</value></Data><Data name="osmType"><value>way</value></Data><Data name="ref"><value>NF 6640</value></Data><Data name="osmId"><value>312342103</value></Data></ExtendedData><LineString><tessellate>1</tessellate><coordinates>-122.6206728,42.8243066,0 -122.6207724,42.8244088,0 -122.6209846,42.8245450,0 -122.6211969,42.8246229,0 -122.6215751,42.8246910,0 -122.6217040,42.8247176,0 -122.6225901,42.8249002,0 -122.6232535,42.8250413,0 -122.6234194,42.8251046,0 -122.6236515,42.8252457,0 -122.6241823,42.8257322,0 -122.6249386,42.8264280,0 -122.6257811,42.8272260,0 -122.6260039,42.8274386,0 -122.6261990,42.8276249,0 -122.6263848,42.8278195,0 -122.6266435,42.8282380,0 -122.6270217,42.8289824,0 -122.6272679,42.8294669,0 -122.6273343,42.8296275,0 -122.6273475,42.8298415,0 -122.6273608,42.8301188,0 -122.6274205,42.8302453,0 -122.6275399,42.8304935,0 -122.6276262,42.8307173,0 -122.6276859,42.8309216,0 -122.6277588,42.8310189,0 -122.6278716,42.8310968,0 -122.6280176,42.8311308,0 -122.6281436,42.8311211,0 -122.6282498,42.8310822,0 -122.6284222,42.8309897,0 -122.6288601,42.8306297,0 -122.6290591,42.8305081,0 -122.6292250,42.8304643,0 -122.6295036,42.8304497,0 -122.6297623,42.8304643,0 -122.6299348,42.8305032,0 -122.6300675,42.8305762,0 -122.6302267,42.8307027,0 -122.6304456,42.8309508,0 -122.6305651,42.8310578,0 -122.6307574,42.8311454,0 -122.6309034,42.8311843,0 -122.6311555,42.8312038,0 -122.6313877,42.8312038,0 -122.6317260,42.8311697,0 -122.6321970,42.8311113,0 -122.6323894,42.8310968,0 -122.6326283,42.8311113,0 -122.6328405,42.8311503,0 -122.6330130,42.8312087,0 -122.6331059,42.8312768,0 -122.6331722,42.8313789,0 -122.6331722,42.8315054,0 -122.6331391,42.8316708,0 -122.6329467,42.8320844,0 -122.6326880,42.8325466,0 -122.6326415,42.8327168,0 -122.6326415,42.8329114,0 -122.6326216,42.8331547,0 -122.6325951,42.8333542,0 -122.6325155,42.8335877,0 -122.6325221,42.8337385,0 -122.6325553,42.8341131,0 -122.6325354,42.8343077,0 -122.6324558,42.8344634,0 -122.6323297,42.8345753,0 -122.6319781,42.8347407,0 -122.6313545,42.8349061,0 -122.6304456,42.8351250,0 -122.6295169,42.8354217,0 -122.6291984,42.8355434,0 -122.6289928,42.8356407,0 -122.6288800,42.8357380,0 -122.6288004,42.8358498,0 -122.6287208,42.8360347,0 -122.6286412,42.8361758,0 -122.6285019,42.8362974,0 -122.6283625,42.8363752,0 -122.6280574,42.8365115,0 -122.6278318,42.8366331,0 -122.6273940,42.8368714,0 -122.6271800,42.8369846,0 -122.6269080,42.8370819,0 -122.6267620,42.8371549,0 -122.6266426,42.8372473,0 -122.6265365,42.8374224,0 -122.6264967,42.8376122,0 -122.6265033,42.8378311,0 -122.6264635,42.8380062,0 -122.6262977,42.8382543,0 -122.6261451,42.8383711,0 -122.6258598,42.8384635,0 -122.6255878,42.8385705,0 -122.6254220,42.8386678,0 -122.6252826,42.8388186,0 -122.6252021,42.8389545,0 -122.6251500,42.8390424,0 -122.6248713,42.8395677,0 -122.6247845,42.8396766,0 -122.6247001,42.8397488,0 -122.6245265,42.8398073,0 -122.6243811,42.8398176,0 -122.6241935,42.8398004,0 -122.6239730,42.8397351,0 -122.6236305,42.8396216,0 -122.6234617,42.8395872,0 -122.6233256,42.8395837,0 -122.6231896,42.8396009,0 -122.6230676,42.8396319,0 -122.6229644,42.8396972,0 -122.6228612,42.8398004,0 -122.6225844,42.8403129,0 -122.6224812,42.8404815,0 -122.6223546,42.8406191,0 -122.6220215,42.8408598,0 -122.6216087,42.8410972,0 -122.6209801,42.8415271,0 -122.6201967,42.8420706,0 -122.6200232,42.8422357,0 -122.6199669,42.8423458,0 -122.6199716,42.8424730,0 -122.6200185,42.8426003,0 -122.6202389,42.8429064,0 -122.6204125,42.8430921,0 -122.6205204,42.8431644,0 -122.6206471,42.8432160,0 -122.6210223,42.8432951,0 -122.6212428,42.8433604,0 -122.6223452,42.8437216,0 -122.6227627,42.8438695,0 -122.6231943,42.8440793,0 -122.6239214,42.8444714,0 -122.6249253,42.8449942,0 -122.6250483,42.8450640,0 -122.6254647,42.8453003,0 -122.6256101,42.8454000,0 -122.6257556,42.8455445,0 -122.6260699,42.8459090,0 -122.6261871,42.8461360,0 -122.6263701,42.8465728,0 -122.6266750,42.8473089,0 -122.6268392,42.8476218,0 -122.6269377,42.8477835,0 -122.6270221,42.8478970,0 -122.6271535,42.8480277,0 -122.6274068,42.8482306,0 -122.6277211,42.8484988,0 -122.6278055,42.8485848,0 -122.6278853,42.8487018,0 -122.6279932,42.8488600,0 -122.6280354,42.8489700,0 -122.6280495,42.8490766,0 -122.6280307,42.8491970,0 -122.6278665,42.8494893,0 -122.6276507,42.8498608,0 -122.6276038,42.8499811,0 -122.6275522,42.8501806,0 -122.6274912,42.8505211,0 -122.6274349,42.8507274,0 -122.6273083,42.8509785,0 -122.6269518,42.8515494,0 -122.6268533,42.8518107,0 -122.6267313,42.8521890,0 -122.6266562,42.8525054,0 -122.6265906,42.8526980,0 -122.6265061,42.8528734,0 -122.6264358,42.8529731,0 -122.6261355,42.8532586,0 -122.6257743,42.8536093,0 -122.6254272,42.8539601,0 -122.6252724,42.8541045,0 -122.6250801,42.8542283,0 -122.6247845,42.8543968,0 -122.6244749,42.8546204,0 -122.6242404,42.8548198,0 -122.6240387,42.8550330,0 -122.6238979,42.8551396,0 -122.6236071,42.8552944,0 -122.6232365,42.8554423,0 -122.6229644,42.8555145,0 -122.6226267,42.8556039,0 -122.6224109,42.8556555,0 -122.6221294,42.8557518,0 -122.6217964,42.8558480,0 -122.6215055,42.8559375,0 -122.6212194,42.8560028,0 -122.6207268,42.8560956,0 -122.6205579,42.8561507,0 -122.6204594,42.8562022,0 -122.6203703,42.8562916,0 -122.6203093,42.8563948,0 -122.6202718,42.8565289,0 -122.6202530,42.8567593,0 -122.6201873,42.8576053,0 -122.6201123,42.8579973,0 -122.6200279,42.8583205,0 -122.6199809,42.8585165,0 -122.6198214,42.8588741,0 -122.6195822,42.8594690,0 -122.6190662,42.8607791,0 -122.6188316,42.8612811,0 -122.6187331,42.8614290,0 -122.6186065,42.8615597,0 -122.6184376,42.8617110,0 -122.6182406,42.8618485,0 -122.6178606,42.8619963,0 -122.6174947,42.8621511,0 -122.6167019,42.8625156,0 -122.6162844,42.8626772,0 -122.6159279,42.8627734,0 -122.6155573,42.8628628,0 -122.6153744,42.8628938,0 -122.6151023,42.8629110,0 -122.6147974,42.8629007,0 -122.6145769,42.8629007,0 -122.6143658,42.8629110,0 -122.6141829,42.8629454,0 -122.6139061,42.8630279,0 -122.6133197,42.8632651,0 -122.6131554,42.8633361,0 -122.6126730,42.8635442,0 -122.6123252,42.8636949,0 -122.6116826,42.8639941,0 -122.6114808,42.8641041,0 -122.6112322,42.8642726,0 -122.6108147,42.8646130,0 -122.6103738,42.8649568,0 -122.6101580,42.8651012,0 -122.6099703,42.8651734,0 -122.6097780,42.8651906,0 -122.6096091,42.8651734,0 -122.6093558,42.8651253,0 -122.6087085,42.8649568,0 -122.6084317,42.8648880,0 -122.6081971,42.8648537,0 -122.6080564,42.8648399,0 -122.6078547,42.8648605,0 -122.6076671,42.8648846,0 -122.6074607,42.8649465,0 -122.6071886,42.8650496,0 -122.6067992,42.8652594,0 -122.6065881,42.8653969,0 -122.6064521,42.8655069,0 -122.6063207,42.8656479,0 -122.6062551,42.8657682,0 -122.6061237,42.8660674,0 -122.6060393,42.8661911,0 -122.6059595,42.8662737,0 -122.6058188,42.8663803,0 -122.6055796,42.8665006,0 -122.6053544,42.8665728,0 -122.6051245,42.8666381,0 -122.6049557,42.8667138,0 -122.6047727,42.8668272,0 -122.6046367,42.8669510,0 -122.6045288,42.8670782,0 -122.6044115,42.8672948,0 -122.6041441,42.8678690,0 -122.6040925,42.8680718,0 -122.6040691,42.8682506,0 -122.6040644,42.8685188,0 -122.6040784,42.8687010,0 -122.6041253,42.8688489,0 -122.6042473,42.8690689,0 -122.6044350,42.8693886,0 -122.6045569,42.8696121,0 -122.6045898,42.8697668,0 -122.6045757,42.8698872,0 -122.6043540,42.8705022,0 -122.6042279,42.8707647,0 -122.6037901,42.8713822,0 -122.6034716,42.8718733,0 -122.6033522,42.8721309,0 -122.6031598,42.8726171,0 -122.6030603,42.8727484,0 -122.6028878,42.8729137,0 -122.6022510,42.8735069,0 -122.6021315,42.8736527,0 -122.6020453,42.8737986,0 -122.6019922,42.8739639,0 -122.6019591,42.8742410,0 -122.6019060,42.8743966,0 -122.6017998,42.8745521,0 -122.6016074,42.8747612,0 -122.6014283,42.8749654,0 -122.6013089,42.8751453,0 -122.6012293,42.8753154,0 -122.6011895,42.8755148,0 -122.6011961,42.8756849,0 -122.6012558,42.8758356,0 -122.6016406,42.8768177,0 -122.6017733,42.8770656,0 -122.6019392,42.8772990,0 -122.6022576,42.8776539,0 -122.6023346,42.8777379,0 -122.6028679,42.8783199,0 -122.6036308,42.8791658,0 -122.6039734,42.8795718,0 -122.6041085,42.8797248,0 -122.6043075,42.8800068,0 -122.6044468,42.8801672,0 -122.6045729,42.8802693,0 -122.6048051,42.8804006,0 -122.6053292,42.8806144,0 -122.6055216,42.8807311,0 -122.6057073,42.8808624,0 -122.6065034,42.8816645,0 -122.6065830,42.8818152,0 -122.6066162,42.8819416,0 -122.6065830,42.8820825,0 -122.6063840,42.8824131,0 -122.6063375,42.8825249,0 -122.6063425,42.8825906,0 -122.6064172,42.8826659,0 -122.6066029,42.8827874,0 -122.6067223,42.8829041,0 -122.6069280,42.8831617,0 -122.6071270,42.8835360,0 -122.6072597,42.8838228,0 -122.6072929,42.8839200,0 -122.6072663,42.8840318,0 -122.6071933,42.8842165,0 -122.6071270,42.8844547,0 -122.6070938,42.8848582,0 -122.6070341,42.8852714,0 -122.6069545,42.8854415,0 -122.6068417,42.8856797,0 -122.6064769,42.8861512,0 -122.6063641,42.8862241,0 -122.6061385,42.8862970,0 -122.6058997,42.8863602,0 -122.6057537,42.8864477,0 -122.6055945,42.8865498,0 -122.6055216,42.8866810,0 -122.6055083,42.8868317,0 -122.6055017,42.8869581,0 -122.6054486,42.8871039,0 -122.6052363,42.8875803,0 -122.6052429,42.8876872,0 -122.6053159,42.8877747,0 -122.6054353,42.8878330,0 -122.6056012,42.8878573,0 -122.6057537,42.8878476,0 -122.6061253,42.8877407,0 -122.6066560,42.8876289,0 -122.6068019,42.8876094,0 -122.6069081,42.8876289,0 -122.6070739,42.8877164,0 -122.6072265,42.8879108,0 -122.6077307,42.8886934,0 -122.6077834,42.8887595,0 -122.6078700,42.8888683,0 -122.6080425,42.8890239,0 -122.6084007,42.8893107,0 -122.6086860,42.8895197,0 -122.6088253,42.8896509,0 -122.6088850,42.8898113,0 -122.6088784,42.8900981,0 -122.6088718,42.8903703,0 -122.6089182,42.8905015,0 -122.6090044,42.8905793,0 -122.6091504,42.8907008,0 -122.6092234,42.8908126,0 -122.6092897,42.8909146,0 -122.6093760,42.8909487,0 -122.6100991,42.8909827,0 -122.6106364,42.8910118,0 -122.6108554,42.8910313,0 -122.6110345,42.8910799,0 -122.6112202,42.8911917,0 -122.6113529,42.8913812,0 -122.6114325,42.8915854,0 -122.6114126,42.8917117,0 -122.6113463,42.8918090,0 -122.6109549,42.8921783,0 -122.6108222,42.8922707,0 -122.6105767,42.8923193,0 -122.6104121,42.8923310,0 -122.6102281,42.8923302,0 -122.6099730,42.8922998,0 -122.6097939,42.8922658,0 -122.6096280,42.8922026,0 -122.6092035,42.8920179,0 -122.6090366,42.8919487,0 -122.6088396,42.8918731,0 -122.6086144,42.8918353,0 -122.6084409,42.8918250,0 -122.6081782,42.8918422,0 -122.6075965,42.8919109,0 -122.6072118,42.8919453,0 -122.6070101,42.8919384,0 -122.6068553,42.8918971,0 -122.6063909,42.8917769,0 -122.6059828,42.8916738,0 -122.6058092,42.8915947,0 -122.6056966,42.8915328,0 -122.6054339,42.8913026,0 -122.6050352,42.8909073,0 -122.6048851,42.8907802,0 -122.6047443,42.8907458,0 -122.6041345,42.8906874,0 -122.6031072,42.8906015,0 -122.6021174,42.8905602,0 -122.6014231,42.8905568,0 -122.6011651,42.8905671,0 -122.6009868,42.8905946,0 -122.6005928,42.8907046,0 -122.6002644,42.8907836,0 -122.6000252,42.8908249,0 -122.5997860,42.8908386,0 -122.5996218,42.8908283,0 -122.5994201,42.8907836,0 -122.5992137,42.8906736,0 -122.5987821,42.8904090,0 -122.5983552,42.8901581,0 -122.5982473,42.8901031,0 -122.5981441,42.8900894,0 -122.5979752,42.8900962,0 -122.5972856,42.8902028,0 -122.5970980,42.8902200,0 -122.5969291,42.8902097,0 -122.5967978,42.8901856,0 -122.5964976,42.8900756,0 -122.5955500,42.8896838,0 -122.5952498,42.8895773,0 -122.5951325,42.8895635,0 -122.5949964,42.8895566,0 -122.5948932,42.8895738,0 -122.5947384,42.8896185,0 -122.5946305,42.8896769,0 -122.5944617,42.8898075,0 -122.5941896,42.8901031,0 -122.5939410,42.8903506,0 -122.5938237,42.8904262,0 -122.5936454,42.8904949,0 -122.5929559,42.8906668,0 -122.5925618,42.8907458,0 -122.5924258,42.8907939,0 -122.5923319,42.8908523,0 -122.5922616,42.8909280,0 -122.5922381,42.8910139,0 -122.5922616,42.8911514,0 -122.5923226,42.8913198,0 -122.5923366,42.8913851,0 -122.5923038,42.8914641,0 -122.5922381,42.8915844,0 -122.5920552,42.8917219,0 -122.5915720,42.8920209,0 -122.5912155,42.8921687,0 -122.5908684,42.8922855,0 -122.5905353,42.8923577,0 -122.5899630,42.8924539,0 -122.5896393,42.8925123,0 -122.5893532,42.8925879,0 -122.5890342,42.8926910,0 -122.5886964,42.8928491,0 -122.5885745,42.8929213,0 -122.5884900,42.8930004,0 -122.5884243,42.8931000,0 -122.5883540,42.8932925,0 -122.5883258,42.8934849,0 -122.5883258,42.8937358,0 -122.5883705,42.8941448,0 -122.5884303,42.8943538,0 -122.5886757,42.8948592,0 -122.5888482,42.8952383,0 -122.5889742,42.8956174,0 -122.5890539,42.8958361,0 -122.5890804,42.8960257,0 -122.5890738,42.8966575,0 -122.5890539,42.8968519,0 -122.5889809,42.8970220,0 -122.5888548,42.8971969,0 -122.5885828,42.8974885,0 -122.5882578,42.8977947,0 -122.5878266,42.8981252,0 -122.5874219,42.8983925,0 -122.5866590,42.8988882,0 -122.5863140,42.8991409,0 -122.5861150,42.8993353,0 -122.5859159,42.8996026,0 -122.5858430,42.8997386,0 -122.5857833,42.8999184,0 -122.5857700,42.9000448,0 -122.5858032,42.9002586,0 -122.5858629,42.9006280,0 -122.5858761,42.9008029,0 -122.5858363,42.9009827,0 -122.5856638,42.9013180,0 -122.5854847,42.9015756,0 -122.5853056,42.9017457,0 -122.5851464,42.9018429,0 -122.5848611,42.9019741,0 -122.5847284,42.9020470,0 -122.5846223,42.9021393,0 -122.5845559,42.9022754,0 -122.5843569,42.9028780,0 -122.5843039,42.9031647,0 -122.5843105,42.9032862,0 -122.5843835,42.9034854,0 -122.5846621,42.9038256,0 -122.5851663,42.9044670,0 -122.5852459,42.9046614,0 -122.5852857,42.9048412,0 -122.5852791,42.9050404,0 -122.5851862,42.9053465,0 -122.5851265,42.9056575,0 -122.5851198,42.9057742,0 -122.5851862,42.9059054,0 -122.5854250,42.9062698,0 -122.5855710,42.9064010,0 -122.5858430,42.9065614,0 -122.5863206,42.9068675,0 -122.5865594,42.9070376,0 -122.5866722,42.9071785,0 -122.5867054,42.9073145,0 -122.5866722,42.9074798,0 -122.5866059,42.9076644,0 -122.5864865,42.9078248,0 -122.5863272,42.9079802,0 -122.5860553,42.9081892,0 -122.5857435,42.9084710,0 -122.5855511,42.9087431,0 -122.5853255,42.9091610,0 -122.5852260,42.9094768,0 -122.5851928,42.9097684,0 -122.5851928,42.9099725,0 -122.5852459,42.9103126,0 -122.5853255,42.9106770,0 -122.5854980,42.9110851,0 -122.5856771,42.9113621,0 -122.5857501,42.9115613,0 -122.5857634,42.9117314,0 -122.5857235,42.9119597,0 -122.5856506,42.9121298,0 -122.5855312,42.9122464,0 -122.5853047,42.9124806,0 -122.5850800,42.9127128,0 -122.5848412,42.9130870,0 -122.5846223,42.9133834,0 -122.5844631,42.9135437,0 -122.5843105,42.9136409,0 -122.5840982,42.9136894,0 -122.5836272,42.9137332,0 -122.5832822,42.9137818,0 -122.5829770,42.9138692,0 -122.5826984,42.9139713,0 -122.5823203,42.9141219,0 -122.5821080,42.9142288,0 -122.5817553,42.9144995,0 </coordinates></LineString></Placemark><Placemark><name>Dodge Road</name><ExtendedData><Data name="featureClass"><value>tertiary</value></Data><Data name="osmType"><value>way</value></Data><Data name="osmId"><value>314655677</value></Data></ExtendedData><LineString><tessellate>1</tessellate><coordinates>-122.8539237,42.5237409,0 -122.8559672,42.5237426,0 -122.8572006,42.5237449,0 -122.8595429,42.5237493,0 -122.8621398,42.5237516,0 -122.8633536,42.5237527,0 -122.8647793,42.5237540,0 -122.8657483,42.5237555,0 -122.8659575,42.5237558,0 -122.8661193,42.5237561,0 -122.8671498,42.5237577,0 -122.8679398,42.5237589,0 -122.8682101,42.5237593,0 -122.8685410,42.5237598,0 -122.8692722,42.5237609,0 -122.8697429,42.5237609,0 -122.8708755,42.5237609,0 -122.8716417,42.5237609,0 -122.8720755,42.5237609,0 -122.8721474,42.5237609,0 -122.8722766,42.5237608,0 -122.8732681,42.5237605,0 -122.8743694,42.5237601,0 -122.8760241,42.5237601,0 -122.8770764,42.5237601,0 -122.8796543,42.5237674,0 -122.8821297,42.5237723,0 -122.8849724,42.5237796,0 -122.8856881,42.5237792,0 -122.8858479,42.5237800,0 -122.8862695,42.5237822,0 -122.8876410,42.5237894,0 -122.8894760,42.5237886,0 -122.8896323,42.5237886,0 -122.8920289,42.5237876,0 -122.8923097,42.5237874,0 -122.8934166,42.5237925,0 -122.8935635,42.5237932,0 -122.8939311,42.5237949,0 -122.8942976,42.5237954,0 -122.8946588,42.5237959,0 -122.8949992,42.5237955,0 -122.8951741,42.5237916,0 -122.8954065,42.5237780,0 -122.8956363,42.5237528,0 -122.8957079,42.5237449,0 -122.8959671,42.5237049,0 -122.8962987,42.5236482,0 -122.8964862,42.5236111,0 -122.8990024,42.5230210,0 -122.8993202,42.5229465,0 -122.8995172,42.5229003,0 -122.9004519,42.5226840,0 -122.9011817,42.5225152,0 -122.9021832,42.5222774,0 -122.9025580,42.5221884,0 -122.9034137,42.5219897,0 -122.9046548,42.5217056,0 -122.9051002,42.5216118,0 -122.9053347,42.5215649,0 -122.9055363,42.5215288,0 -122.9057371,42.5214975,0 -122.9062427,42.5214481,0 -122.9073815,42.5213642,0 -122.9094345,42.5212210,0 -122.9125358,42.5210088,0 -122.9156036,42.5207965,0 -122.9159952,42.5207690,0 -122.9189059,42.5205644,0 -122.9190235,42.5205565,0 -122.9226335,42.5203127,0 -122.9249077,42.5201538,0 -122.9253059,42.5201213,0 </coordinates></LineString></Placemark><Placemark><name>Antioch Road</name><ExtendedData><Data name="featureClass"><value>tertiary</value></Data><Data name="osmType"><value>way</value></Data><Data name="osmId"><value>315549780</value></Data></ExtendedData><LineString><tessellate>1</tessellate><coordinates>-122.9017401,42.5044299,0 -122.9022987,42.5056259,0 -122.9042230,42.5097450,0 -122.9048031,42.5109981,0 -122.9051877,42.5118026,0 -122.9053298,42.5121169,0 -122.9053772,42.5122600,0 -122.9054624,42.5125742,0 -122.9055240,42.5128291,0 -122.9055326,42.5128952,0 -122.9055383,42.5129387,0 -122.9055572,42.5130840,0 -122.9055761,42.5133528,0 -122.9055808,42.5136077,0 -122.9055785,42.5138870,0 -122.9055741,42.5144213,0 -122.9055714,42.5147458,0 -122.9055684,42.5151997,0 -122.9055619,42.5161737,0 -122.9055605,42.5165019,0 -122.9055572,42.5172594,0 -122.9055559,42.5177063,0 -122.9055547,42.5181776,0 -122.9055524,42.5190119,0 -122.9055335,42.5212950,0 -122.9055363,42.5215288,0 -122.9055287,42.5217523,0 -122.9055287,42.5223143,0 -122.9055145,42.5237490,0 -122.9055098,42.5249149,0 -122.9055287,42.5250964,0 -122.9055572,42.5252919,0 -122.9055998,42.5254525,0 -122.9056803,42.5256829,0 -122.9058129,42.5260215,0 -122.9064760,42.5275678,0 -122.9071865,42.5292153,0 -122.9078638,42.5308104,0 -122.9081953,42.5315782,0 -122.9086785,42.5327161,0 -122.9094126,42.5344123,0 -122.9095583,42.5347733,0 -122.9101515,42.5361399,0 -122.9110561,42.5382723,0 -122.9117808,42.5399474,0 -122.9119513,42.5403522,0 -122.9120224,42.5405651,0 -122.9120981,42.5407919,0 -122.9121729,42.5410933,0 -122.9121881,42.5411549,0 -122.9122687,42.5416120,0 -122.9123141,42.5419121,0 -122.9123234,42.5419734,0 -122.9124723,42.5429555,0 -122.9128228,42.5452587,0 -122.9128986,42.5457367,0 -122.9129318,42.5458833,0 -122.9129886,42.5459810,0 -122.9130786,42.5461206,0 -122.9131875,42.5462253,0 -122.9134528,42.5464207,0 -122.9136280,42.5465707,0 -122.9137559,42.5467138,0 -122.9138506,42.5468359,0 -122.9139453,42.5469999,0 -122.9140211,42.5471744,0 -122.9141064,42.5473872,0 -122.9142153,42.5477362,0 -122.9142911,42.5480642,0 -122.9143148,42.5482177,0 -122.9143243,42.5486015,0 -122.9143195,42.5489924,0 -122.9143290,42.5492296,0 -122.9143811,42.5500671,0 -122.9144521,42.5511557,0 -122.9144806,42.5514662,0 -122.9145137,42.5516232,0 -122.9145421,42.5517489,0 -122.9145895,42.5518814,0 -122.9146227,42.5519547,0 -122.9147174,42.5521082,0 -122.9148595,42.5522757,0 -122.9150726,42.5525095,0 -122.9152052,42.5526700,0 -122.9153284,42.5528863,0 -122.9153994,42.5530328,0 -122.9154468,42.5532178,0 -122.9154610,42.5533573,0 -122.9154752,42.5535562,0 -122.9154705,42.5537132,0 -122.9154373,42.5539156,0 -122.9153900,42.5541807,0 -122.9153236,42.5545331,0 -122.9153094,42.5546657,0 -122.9153047,42.5549065,0 -122.9152858,42.5562427,0 -122.9153018,42.5564558,0 -122.9153185,42.5565767,0 -122.9153453,42.5566853,0 -122.9153622,42.5567215,0 -122.9154190,42.5568432,0 -122.9155027,42.5569961,0 -122.9156802,42.5572502,0 -122.9164003,42.5581655,0 -122.9169898,42.5589228,0 -122.9175156,42.5596012,0 -122.9180715,42.5603166,0 -122.9185505,42.5609259,0 -122.9186777,42.5610690,0 -122.9187882,42.5611751,0 -122.9188787,42.5612343,0 -122.9190026,42.5612959,0 -122.9191466,42.5613403,0 -122.9193409,42.5613650,0 -122.9196155,42.5613946,0 -122.9198365,42.5614316,0 -122.9202552,42.5615426,0 -122.9205198,42.5616364,0 -122.9206805,42.5617202,0 -122.9209317,42.5618707,0 -122.9211293,42.5619842,0 -122.9214274,42.5621322,0 -122.9217723,42.5622975,0 -122.9219632,42.5624109,0 -122.9221541,42.5625688,0 -122.9223417,42.5627637,0 -122.9225359,42.5629610,0 -122.9227436,42.5631682,0 -122.9229278,42.5633335,0 -122.9231991,42.5635432,0 -122.9235842,42.5638293,0 -122.9237215,42.5639477,0 -122.9239292,42.5641599,0 -122.9243043,42.5645743,0 -122.9244182,42.5647321,0 -122.9244818,42.5648431,0 -122.9245387,42.5649640,0 -122.9246660,42.5652674,0 -122.9247564,42.5654524,0 -122.9248770,42.5656646,0 -122.9250378,42.5659655,0 -122.9250880,42.5661061,0 -122.9251148,42.5662319,0 -122.9251215,42.5665279,0 -122.9251282,42.5674677,0 -122.9251550,42.5680621,0 -122.9251851,42.5683926,0 -122.9252555,42.5692633,0 -122.9252555,42.5695248,0 -122.9252354,42.5699071,0 -122.9252421,42.5701266,0 -122.9252354,42.5708789,0 -122.9252320,42.5720529,0 -122.9252421,42.5722576,0 -122.9252689,42.5724006,0 -122.9253224,42.5725462,0 -122.9254229,42.5727336,0 -122.9255334,42.5729186,0 -122.9256607,42.5730740,0 -122.9257746,42.5731800,0 -122.9259052,42.5732811,0 -122.9262066,42.5735031,0 -122.9262770,42.5735870,0 -122.9263171,42.5736831,0 -122.9263439,42.5737941,0 -122.9263607,42.5739840,0 -122.9263841,42.5740827,0 -122.9264344,42.5742035,0 -122.9264946,42.5743540,0 -122.9265114,42.5744329,0 -122.9265080,42.5746253,0 -122.9265181,42.5748645,0 -122.9265382,42.5749928,0 -122.9265683,42.5750914,0 -122.9266219,42.5751827,0 -122.9266956,42.5752641,0 -122.9269099,42.5754835,0 -122.9273185,42.5758732,0 -122.9276735,42.5762136,0 -122.9277372,42.5762999,0 -122.9277874,42.5763985,0 -122.9278812,42.5766747,0 -122.9279314,42.5767907,0 -122.9280118,42.5769016,0 -122.9281625,42.5771285,0 -122.9282228,42.5772395,0 -122.9282797,42.5774195,0 -122.9283367,42.5775576,0 -122.9283970,42.5776612,0 -122.9284740,42.5777475,0 -122.9285912,42.5778511,0 -122.9287721,42.5779917,0 -122.9290768,42.5782013,0 -122.9291941,42.5783049,0 -122.9293046,42.5784159,0 -122.9293950,42.5785441,0 -122.9295357,42.5788203,0 -122.9297735,42.5792864,0 -122.9298974,42.5794960,0 -122.9300648,42.5797722,0 -122.9301701,42.5799660,0 -122.9302256,42.5800682,0 -122.9303897,42.5804184,0 -122.9304600,42.5805392,0 -122.9305337,42.5806502,0 -122.9306409,42.5808055,0 -122.9306653,42.5808485,0 -122.9307883,42.5810645,0 -122.9309055,42.5812963,0 -122.9310327,42.5815182,0 -122.9311232,42.5816662,0 -122.9311781,42.5817454,0 -122.9312002,42.5817772,0 -122.9312739,42.5818659,0 -122.9313576,42.5819498,0 -122.9314748,42.5820558,0 -122.9316155,42.5821421,0 -122.9318600,42.5823197,0 -122.9319772,42.5824232,0 -122.9320710,42.5825342,0 -122.9321815,42.5827068,0 -122.9323021,42.5829115,0 -122.9324327,42.5831088,0 -122.9325231,42.5832222,0 -122.9325814,42.5832755,0 -122.9326202,42.5833110,0 -122.9327810,42.5834442,0 -122.9328815,42.5835477,0 -122.9329451,42.5836217,0 -122.9330425,42.5837508,0 -122.9330791,42.5837993,0 -122.9331863,42.5838856,0 -122.9334441,42.5840607,0 -122.9337255,42.5842801,0 -122.9340001,42.5845094,0 -122.9341547,42.5846305,0 -122.9343682,42.5847976,0 -122.9347938,42.5851309,0 -122.9350513,42.5853508,0 -122.9351184,42.5854081,0 -122.9352125,42.5854884,0 -122.9352996,42.5855796,0 -122.9353532,42.5856635,0 -122.9353900,42.5857547,0 -122.9353967,42.5858534,0 -122.9353699,42.5859742,0 -122.9353197,42.5862479,0 -122.9353063,42.5863786,0 -122.9352996,42.5866079,0 -122.9353029,42.5882773,0 -122.9352974,42.5885677,0 -122.9352929,42.5888049,0 -122.9352694,42.5890244,0 -122.9352526,42.5891299,0 -122.9352292,42.5892759,0 -122.9351623,42.5895693,0 -122.9350752,42.5898504,0 -122.9349780,42.5901093,0 -122.9347068,42.5907282,0 -122.9345165,42.5911589,0 -122.9344857,42.5912287,0 -122.9344522,42.5913742,0 -122.9344422,42.5914975,0 -122.9344489,42.5915936,0 -122.9344690,42.5916774,0 -122.9345092,42.5917662,0 -122.9345695,42.5918648,0 -122.9346532,42.5919487,0 -122.9347804,42.5920572,0 -122.9349948,42.5922223,0 -122.9354737,42.5925823,0 -122.9356244,42.5927229,0 -122.9357316,42.5928461,0 -122.9358220,42.5930064,0 -122.9362976,42.5937683,0 -122.9364517,42.5940543,0 -122.9365522,42.5942910,0 -122.9366660,42.5945819,0 -122.9368737,42.5952796,0 -122.9369540,42.5955656,0 -122.9369741,42.5956766,0 -122.9369909,42.5959330,0 -122.9370043,42.5962560,0 -122.9370210,42.5964039,0 -122.9370378,42.5964803,0 -122.9370746,42.5966233,0 -122.9371349,42.5967614,0 -122.9372521,42.5969561,0 -122.9374933,42.5973481,0 -122.9380191,42.5981790,0 -122.9381675,42.5984158,0 -122.9383726,42.5987430,0 -122.9385382,42.5990073,0 -122.9389401,42.5996212,0 -122.9390724,42.5998277,0 -122.9394659,42.6004421,0 -122.9397707,42.6009130,0 -122.9398544,42.6010856,0 -122.9398980,42.6012286,0 -122.9399214,42.6013568,0 -122.9399314,42.6014825,0 -122.9399247,42.6018375,0 -122.9399180,42.6024168,0 -122.9399381,42.6025006,0 -122.9399582,42.6025697,0 -122.9400051,42.6026387,0 -122.9400621,42.6026954,0 -122.9401558,42.6027545,0 -122.9404673,42.6029246,0 -122.9409462,42.6031786,0 -122.9410534,42.6032525,0 -122.9411371,42.6033215,0 -122.9412376,42.6034152,0 -122.9414888,42.6036962,0 -122.9416529,42.6038910,0 -122.9417601,42.6039921,0 -122.9418572,42.6040660,0 -122.9419424,42.6041186,0 -122.9419811,42.6041424,0 -122.9421653,42.6042287,0 -122.9425237,42.6043717,0 -122.9428117,42.6044802,0 -122.9430529,42.6045442,0 -122.9435318,42.6046527,0 -122.9439705,42.6047710,0 -122.9444327,42.6049189,0 -122.9446604,42.6050200,0 -122.9448781,42.6051482,0 -122.9450322,42.6052567,0 -122.9451729,42.6053725,0 -122.9453068,42.6055229,0 -122.9454977,42.6057127,0 -122.9456217,42.6058039,0 -122.9457175,42.6058551,0 -122.9457925,42.6058951,0 -122.9459566,42.6059592,0 -122.9460403,42.6059814,0 -122.9462412,42.6060208,0 -122.9468073,42.6060775,0 -122.9477651,42.6061663,0 -122.9482258,42.6062121,0 -122.9484697,42.6062470,0 -122.9487330,42.6063240,0 -122.9489474,42.6064251,0 -122.9490478,42.6064966,0 -122.9491818,42.6066051,0 -122.9492488,42.6066815,0 -122.9493426,42.6068023,0 -122.9494631,42.6069723,0 -122.9495435,42.6070562,0 -122.9496842,42.6071671,0 -122.9498349,42.6072534,0 -122.9499956,42.6073199,0 -122.9501966,42.6073815,0 -122.9503975,42.6074087,0 -122.9505951,42.6074210,0 -122.9510674,42.6074234,0 -122.9527922,42.6074629,0 -122.9529898,42.6074752,0 -122.9531003,42.6074925,0 -122.9531831,42.6075103,0 -122.9532747,42.6075407,0 </coordinates></LineString></Placemark><Placemark><name>Meadows Road</name><ExtendedData><Data name="featureClass"><value>secondary</value></Data><Data name="osmType"><value>way</value></Data><Data name="osmId"><value>315549787</value></Data></ExtendedData><LineString><tessellate>1</tessellate><coordinates>-122.9648678,42.5956386,0 -122.9649181,42.5956978,0 -122.9649784,42.5957496,0 -122.9650721,42.5958063,0 -122.9651726,42.5958531,0 -122.9652329,42.5958729,0 -122.9653047,42.5958943,0 </coordinates></LineString></Placemark><Placemark><name>Covered Bridge Road</name><ExtendedData><Data name="featureClass"><value>tertiary</value></Data><Data name="osmType"><value>way</value></Data><Data name="osmId"><value>316881549</value></Data></ExtendedData><LineString><tessellate>1</tessellate><coordinates>-123.1499573,42.5379532,0 -123.1497486,42.5384000,0 </coordinates></LineString></Placemark><Placemark><name>Covered Bridge Road</name><ExtendedData><Data name="featureClass"><value>tertiary</value></Data><Data name="osmType"><value>way</value></Data><Data name="osmId"><value>316881550</value></Data></ExtendedData><LineString><tessellate>1</tessellate><coordinates>-123.1497486,42.5384000,0 -123.1495922,42.5386106,0 -123.1494898,42.5387128,0 </coordinates></LineString></Placemark><Placemark><name>Covered Bridge Road</name><ExtendedData><Data name="featureClass"><value>tertiary</value></Data><Data name="osmType"><value>way</value></Data><Data name="osmId"><value>316881551</value></Data></ExtendedData><LineString><tessellate>1</tessellate><coordinates>-123.1602225,42.5307796,0 -123.1600618,42.5311485,0 -123.1600107,42.5313812,0 -123.1598852,42.5319334,0 -123.1597763,42.5324394,0 -123.1597169,42.5326851,0 -123.1596839,42.5327702,0 -123.1596575,42.5328262,0 -123.1596145,42.5328797,0 -123.1595353,42.5329405,0 -123.1594429,42.5329916,0 -123.1593306,42.5330305,0 -123.1592052,42.5330548,0 -123.1589774,42.5330792,0 -123.1587265,42.5331132,0 -123.1585813,42.5331351,0 -123.1584360,42.5331862,0 -123.1582214,42.5332835,0 -123.1578715,42.5334635,0 -123.1576008,42.5336241,0 -123.1572641,42.5338576,0 -123.1561417,42.5346798,0 -123.1557522,42.5349425,0 -123.1556201,42.5350106,0 -123.1554716,42.5350520,0 -123.1553362,42.5350690,0 -123.1550952,42.5350763,0 -123.1546628,42.5350836,0 -123.1543459,42.5350933,0 -123.1541610,42.5351104,0 -123.1539530,42.5351517,0 -123.1537549,42.5352028,0 -123.1534710,42.5353220,0 -123.1528867,42.5355823,0 -123.1521077,42.5359861,0 -123.1519492,42.5360712,0 -123.1517775,42.5361928,0 -123.1516455,42.5362998,0 -123.1515366,42.5363996,0 -123.1514210,42.5365163,0 -123.1511503,42.5368058,0 -123.1510877,42.5368661,0 -123.1509027,42.5370442,0 -123.1507542,42.5371682,0 -123.1505726,42.5372777,0 -123.1503877,42.5373726,0 -123.1503085,42.5374212,0 -123.1502491,42.5374796,0 -123.1501832,42.5375888,0 -123.1499573,42.5379532,0 </coordinates></LineString></Placemark><Placemark><name>Pine Grove Road</name><ExtendedData><Data name="featureClass"><value>tertiary</value></Data><Data name="osmType"><value>way</value></Data><Data name="osmId"><value>316881552</value></Data></ExtendedData><LineString><tessellate>1</tessellate><coordinates>-123.1860918,42.5094987,0 -123.1860176,42.5094988,0 -123.1840171,42.5095002,0 -123.1801982,42.5094829,0 -123.1789610,42.5094657,0 -123.1760058,42.5094554,0 -123.1757771,42.5094554,0 -123.1756510,42.5094829,0 -123.1755390,42.5095277,0 -123.1754503,42.5096137,0 -123.1754176,42.5097307,0 -123.1754082,42.5098443,0 -123.1754036,42.5104190,0 -123.1753989,42.5105911,0 -123.1753429,42.5107907,0 -123.1752048,42.5111516,0 -123.1751888,42.5111933,0 -123.1751235,42.5112863,0 -123.1749881,42.5113861,0 -123.1748760,42.5114411,0 -123.1744792,42.5115616,0 -123.1743158,42.5116235,0 -123.1741991,42.5117096,0 -123.1741010,42.5118472,0 -123.1738630,42.5123634,0 -123.1737462,42.5127110,0 -123.1734661,42.5137812,0 -123.1732187,42.5147758,0 -123.1729572,42.5157255,0 -123.1727892,42.5164138,0 -123.1727223,42.5166318,0 -123.1727005,42.5167028,0 -123.1725838,42.5169678,0 -123.1722710,42.5176835,0 -123.1721309,42.5180035,0 -123.1720982,42.5180964,0 -123.1720721,42.5182524,0 -123.1720567,42.5184273,0 -123.1720796,42.5193180,0 -123.1720514,42.5202140,0 -123.1720422,42.5203021,0 -123.1720046,42.5203522,0 -123.1719115,42.5204157,0 -123.1718921,42.5204813,0 -123.1719377,42.5215233,0 -123.1719348,42.5216234,0 -123.1719208,42.5217989,0 -123.1718975,42.5219434,0 -123.1718088,42.5221911,0 -123.1715520,42.5229378,0 -123.1713513,42.5235468,0 -123.1712766,42.5237842,0 -123.1712299,42.5240595,0 -123.1710385,42.5249953,0 -123.1708517,42.5258933,0 -123.1707677,42.5263097,0 -123.1707154,42.5266479,0 -123.1707045,42.5267185,0 -123.1706950,42.5267800,0 -123.1706837,42.5268533,0 -123.1706370,42.5272180,0 -123.1706323,42.5273831,0 -123.1706292,42.5275931,0 -123.1706276,42.5277031,0 -123.1706281,42.5277478,0 -123.1706321,42.5281538,0 -123.1706370,42.5286354,0 -123.1706370,42.5289589,0 -123.1706370,42.5294749,0 -123.1706441,42.5305965,0 -123.1706463,42.5309405,0 -123.1706484,42.5315769,0 -123.1706492,42.5318487,0 -123.1706507,42.5323063,0 -123.1706510,42.5323889,0 -123.1706603,42.5341503,0 -123.1706642,42.5347034,0 -123.1706586,42.5349616,0 </coordinates></LineString></Placemark><Placemark><name>West Evans Creek Road</name><ExtendedData><Data name="featureClass"><value>tertiary</value></Data><Data name="osmType"><value>way</value></Data><Data name="osmId"><value>322577482</value></Data></ExtendedData><LineString><tessellate>1</tessellate><coordinates>-123.1801984,42.5710554,0 -123.1802583,42.5709806,0 -123.1803312,42.5708866,0 -123.1803829,42.5707859,0 -123.1804284,42.5706942,0 -123.1804709,42.5705667,0 -123.1805287,42.5703295,0 -123.1805682,42.5701752,0 -123.1806259,42.5700298,0 -123.1806927,42.5699000,0 -123.1808750,42.5696427,0 -123.1810360,42.5693787,0 -123.1810907,42.5692848,0 -123.1811210,42.5691953,0 -123.1811575,42.5690924,0 -123.1811818,42.5689827,0 -123.1812334,42.5684279,0 -123.1812426,42.5680475,0 -123.1812355,42.5679785,0 -123.1812243,42.5678686,0 -123.1812061,42.5677075,0 -123.1811970,42.5676001,0 -123.1811940,42.5674770,0 -123.1812061,42.5673473,0 -123.1812334,42.5672466,0 -123.1812760,42.5671124,0 -123.1813367,42.5669736,0 -123.1814491,42.5667521,0 -123.1817560,42.5661615,0 -123.1818987,42.5658885,0 -123.1819443,42.5657610,0 -123.1819838,42.5655887,0 -123.1820202,42.5652710,0 -123.1820506,42.5650495,0 -123.1820871,42.5648549,0 -123.1821509,42.5646401,0 -123.1821995,42.5645081,0 -123.1822572,42.5643917,0 -123.1823331,42.5642530,0 -123.1824182,42.5641322,0 -123.1824942,42.5640360,0 -123.1826035,42.5639039,0 -123.1827159,42.5637764,0 -123.1828135,42.5636744,0 -123.1832692,42.5632560,0 -123.1833625,42.5631716,0 -123.1835487,42.5630032,0 -123.1837958,42.5627803,0 -123.1839679,42.5626251,0 -123.1843537,42.5622760,0 -123.1848671,42.5618330,0 -123.1853987,42.5613698,0 -123.1857997,42.5610073,0 -123.1861916,42.5606359,0 -123.1865691,42.5602931,0 -123.1866746,42.5601973,0 -123.1869632,42.5599333,0 -123.1871121,42.5597879,0 -123.1871880,42.5597073,0 -123.1872101,42.5596797,0 -123.1872791,42.5595932,0 -123.1873521,42.5594970,0 -123.1874067,42.5594030,0 -123.1874796,42.5592553,0 -123.1876741,42.5588816,0 -123.1877379,42.5587742,0 -123.1878111,42.5586622,0 -123.1878827,42.5585705,0 -123.1880133,42.5584228,0 -123.1881226,42.5583087,0 -123.1882928,42.5581386,0 -123.1885419,42.5578969,0 -123.1889973,42.5574636,0 -123.1890522,42.5574114,0 -123.1893104,42.5571473,0 -123.1895140,42.5569370,0 -123.1896598,42.5567624,0 -123.1897404,42.5566626,0 -123.1899848,42.5563596,0 -123.1903403,42.5558897,0 -123.1906805,42.5554511,0 -123.1908354,42.5552363,0 -123.1908629,42.5551913,0 -123.1909418,42.5550618,0 -123.1910420,42.5548895,0 -123.1912091,42.5545225,0 -123.1913108,42.5542754,0 -123.1913519,42.5541756,0 -123.1914248,42.5539697,0 -123.1914647,42.5538165,0 -123.1914905,42.5536836,0 -123.1914979,42.5535683,0 -123.1914979,42.5534519,0 -123.1914979,42.5533380,0 -123.1914848,42.5532022,0 -123.1914698,42.5530811,0 -123.1914520,42.5529364,0 -123.1914387,42.5528288,0 -123.1912741,42.5515850,0 -123.1912083,42.5510709,0 -123.1911889,42.5509179,0 -123.1911754,42.5508115,0 -123.1911622,42.5506806,0 -123.1911589,42.5505520,0 -123.1911655,42.5504211,0 -123.1911754,42.5502829,0 -123.1911959,42.5501624,0 -123.1912288,42.5500314,0 -123.1912782,42.5498665,0 -123.1913210,42.5497574,0 -123.1913704,42.5496604,0 -123.1914296,42.5495489,0 -123.1914603,42.5494985,0 -123.1915448,42.5493598,0 -123.1916370,42.5491900,0 -123.1916863,42.5490736,0 -123.1917226,42.5489791,0 -123.1917423,42.5489015,0 -123.1917620,42.5487827,0 -123.1917608,42.5487391,0 -123.1917588,42.5486663,0 -123.1917456,42.5485547,0 -123.1917245,42.5484408,0 -123.1915040,42.5475218,0 -123.1914045,42.5471465,0 -123.1913379,42.5468949,0 -123.1911285,42.5461045,0 -123.1910454,42.5457884,0 -123.1909540,42.5454401,0 -123.1907023,42.5445716,0 -123.1905279,42.5439751,0 -123.1904193,42.5436065,0 -123.1903765,42.5434076,0 -123.1903502,42.5432815,0 -123.1903436,42.5431021,0 -123.1903469,42.5429226,0 -123.1903666,42.5426898,0 -123.1903962,42.5424546,0 -123.1904028,42.5422994,0 -123.1903995,42.5415331,0 -123.1904012,42.5404083,0 -123.1904028,42.5399737,0 -123.1903930,42.5387660,0 -123.1903810,42.5376806,0 -123.1903732,42.5373594,0 -123.1903713,42.5366932,0 -123.1903699,42.5361759,0 -123.1903668,42.5354926,0 -123.1903666,42.5354556,0 -123.1903567,42.5353100,0 -123.1903443,42.5352635,0 -123.1903238,42.5351863,0 -123.1902739,42.5350919,0 -123.1902144,42.5350320,0 -123.1901374,42.5349670,0 -123.1900604,42.5349171,0 </coordinates></LineString></Placemark><Placemark><name>Rogue River Drive</name><ExtendedData><Data name="featureClass"><value>tertiary</value></Data><Data name="osmType"><value>way</value></Data><Data name="osmId"><value>331332738</value></Data></ExtendedData><LineString><tessellate>1</tessellate><coordinates>-122.8463010,42.5258809,0 -122.8461564,42.5262064,0 -122.8457406,42.5274418,0 -122.8455954,42.5278735,0 -122.8454839,42.5281997,0 -122.8453737,42.5285136,0 -122.8453013,42.5287703,0 -122.8452561,42.5289570,0 -122.8452335,42.5291937,0 -122.8452299,42.5297462,0 -122.8452289,42.5299005,0 -122.8452470,42.5304506,0 -122.8452651,42.5306473,0 -122.8453013,42.5308140,0 -122.8453647,42.5309807,0 -122.8455818,42.5314341,0 -122.8458849,42.5320409,0 -122.8460930,42.5324709,0 -122.8462016,42.5327343,0 -122.8463192,42.5331043,0 -122.8466993,42.5343178,0 -122.8467544,42.5344796,0 -122.8468133,42.5346523,0 -122.8469255,42.5349812,0 -122.8472241,42.5359180,0 -122.8473507,42.5363113,0 -122.8474367,42.5366280,0 -122.8475046,42.5369180,0 -122.8476041,42.5374847,0 -122.8477777,42.5384755,0 -122.8479956,42.5397479,0 -122.8481264,42.5405120,0 -122.8482265,42.5411126,0 -122.8482653,42.5414211,0 -122.8483416,42.5420271,0 -122.8483768,42.5423429,0 -122.8483896,42.5426045,0 -122.8483800,42.5428850,0 -122.8483064,42.5433140,0 -122.8481497,42.5440328,0 -122.8479993,42.5446857,0 -122.8476858,42.5460904,0 -122.8475898,42.5465782,0 -122.8475707,42.5467220,0 -122.8475643,42.5468823,0 -122.8475803,42.5470637,0 -122.8475994,42.5472358,0 -122.8476346,42.5474031,0 -122.8477210,42.5476364,0 -122.8478202,42.5478580,0 -122.8480057,42.5482327,0 -122.8483160,42.5488313,0 -122.8484024,42.5490411,0 -122.8484440,42.5491660,0 -122.8484728,42.5492979,0 -122.8484760,42.5493993,0 -122.8484728,42.5496585,0 -122.8483864,42.5507685,0 -122.8482872,42.5521589,0 -122.8481990,42.5532396,0 -122.8481798,42.5535177,0 -122.8481457,42.5537328,0 -122.8481287,42.5538405,0 -122.8480903,42.5539819,0 -122.8480167,42.5541492,0 -122.8479687,42.5542270,0 -122.8478823,42.5543378,0 -122.8477512,42.5544768,0 -122.8475784,42.5546229,0 -122.8472873,42.5548468,0 -122.8469963,42.5550589,0 -122.8469738,42.5550753,0 -122.8464684,42.5554477,0 -122.8464086,42.5554934,0 -122.8462189,42.5556385,0 -122.8460653,42.5557681,0 -122.8459469,42.5558813,0 -122.8458971,42.5559338,0 -122.8458062,42.5560297,0 -122.8457813,42.5560592,0 -122.8457166,42.5561357,0 -122.8456014,42.5562889,0 -122.8454351,42.5565316,0 -122.8446801,42.5576674,0 -122.8441471,42.5584713,0 </coordinates></LineString></Placemark><Placemark><name>Crowfoot Road</name><ExtendedData><Data name="featureClass"><value>tertiary</value></Data><Data name="osmType"><value>way</value></Data><Data name="osmId"><value>479513618</value></Data></ExtendedData><LineString><tessellate>1</tessellate><coordinates>-122.6802549,42.6285289,0 -122.6803690,42.6286262,0 -122.6805171,42.6286943,0 -122.6807063,42.6287260,0 -122.6810493,42.6287621,0 -122.6811560,42.6287780,0 -122.6812240,42.6288100,0 -122.6812750,42.6288670,0 -122.6812910,42.6289810,0 -122.6811590,42.6294620,0 -122.6811830,42.6296020,0 -122.6812260,42.6296740,0 -122.6813770,42.6297990,0 -122.6815050,42.6298490,0 -122.6816690,42.6298770,0 -122.6819600,42.6298980,0 -122.6820520,42.6299140,0 -122.6821230,42.6299440,0 -122.6821810,42.6300070,0 -122.6821930,42.6301400,0 -122.6818689,42.6308808,0 -122.6818235,42.6309510,0 -122.6817799,42.6309947,0 -122.6816539,42.6310956,0 -122.6815586,42.6311775,0 -122.6814914,42.6312642,0 -122.6814583,42.6313495,0 -122.6814376,42.6314642,0 -122.6814612,42.6318129,0 -122.6814360,42.6319364,0 -122.6813900,42.6320487,0 -122.6811796,42.6323951,0 -122.6809653,42.6327094,0 -122.6806818,42.6329643,0 -122.6806057,42.6330717,0 -122.6805610,42.6331870,0 -122.6805530,42.6333258,0 -122.6805773,42.6334660,0 -122.6806192,42.6335592,0 -122.6806470,42.6336210,0 -122.6807550,42.6338350,0 -122.6808190,42.6340670,0 -122.6808023,42.6345518,0 -122.6807730,42.6347180,0 -122.6807557,42.6350496,0 -122.6807760,42.6351760,0 -122.6807960,42.6352530,0 -122.6808470,42.6353310,0 -122.6809790,42.6354450,0 -122.6813220,42.6356540,0 -122.6816430,42.6359050,0 -122.6817389,42.6360509,0 -122.6818509,42.6363014,0 -122.6819413,42.6364749,0 -122.6820474,42.6366048,0 -122.6821911,42.6367288,0 -122.6823533,42.6368310,0 -122.6825869,42.6369110,0 -122.6830520,42.6370480,0 -122.6832290,42.6371220,0 -122.6834050,42.6372320,0 -122.6835820,42.6374010,0 -122.6837720,42.6376170,0 -122.6838830,42.6376990,0 -122.6840350,42.6377670,0 -122.6842210,42.6377960,0 -122.6844130,42.6377820,0 -122.6845140,42.6377560,0 -122.6848100,42.6376380,0 -122.6852950,42.6374040,0 -122.6854630,42.6373590,0 -122.6857130,42.6373270,0 -122.6861750,42.6373210,0 -122.6864010,42.6373490,0 -122.6866240,42.6374080,0 -122.6867380,42.6374870,0 -122.6867820,42.6375490,0 -122.6868010,42.6376260,0 -122.6867920,42.6377060,0 -122.6867540,42.6377900,0 -122.6866690,42.6378860,0 -122.6861340,42.6383590,0 -122.6853800,42.6389500,0 -122.6852670,42.6390550,0 -122.6852220,42.6391160,0 -122.6851940,42.6392090,0 -122.6852180,42.6393950,0 -122.6853120,42.6395270,0 -122.6855640,42.6397440,0 -122.6858690,42.6399190,0 -122.6863140,42.6401440,0 -122.6864960,42.6402740,0 -122.6866050,42.6403780,0 -122.6868030,42.6406570,0 -122.6870460,42.6409490,0 -122.6881750,42.6421090,0 -122.6887030,42.6427070,0 -122.6889440,42.6429310,0 -122.6892270,42.6431130,0 -122.6895080,42.6432510,0 -122.6899080,42.6433690,0 -122.6903510,42.6434460,0 -122.6907970,42.6435440,0 -122.6909350,42.6435960,0 -122.6910700,42.6436700,0 -122.6911457,42.6437337,0 -122.6911960,42.6437760,0 -122.6912640,42.6438690,0 -122.6913410,42.6441550,0 -122.6912930,42.6444360,0 -122.6909570,42.6455910,0 -122.6909590,42.6458870,0 -122.6909930,42.6459970,0 -122.6911620,42.6462210,0 -122.6921000,42.6472190,0 -122.6923990,42.6475820,0 -122.6923880,42.6477790,0 -122.6923800,42.6480370,0 -122.6923120,42.6483760,0 -122.6920560,42.6493740,0 -122.6920257,42.6497315,0 -122.6920373,42.6499187,0 -122.6921412,42.6505367,0 -122.6921426,42.6506685,0 -122.6921174,42.6507669,0 -122.6920519,42.6508631,0 -122.6919822,42.6509354,0 -122.6919113,42.6509832,0 -122.6918225,42.6510330,0 -122.6917000,42.6510760,0 </coordinates></LineString></Placemark><Placemark><name>Crowfoot Road</name><ExtendedData><Data name="featureClass"><value>tertiary</value></Data><Data name="osmType"><value>way</value></Data><Data name="osmId"><value>479513620</value></Data></ExtendedData><LineString><tessellate>1</tessellate><coordinates>-122.6979250,42.6145850,0 -122.6977100,42.6145960,0 -122.6967840,42.6147200,0 -122.6966460,42.6147540,0 -122.6962620,42.6149040,0 -122.6954120,42.6153140,0 -122.6946600,42.6158630,0 -122.6940550,42.6162340,0 -122.6938810,42.6164280,0 -122.6937230,42.6167980,0 -122.6936580,42.6168610,0 -122.6935880,42.6168930,0 -122.6934590,42.6169080,0 -122.6931850,42.6168740,0 -122.6928460,42.6168120,0 -122.6925840,42.6167780,0 -122.6924280,42.6167740,0 -122.6922870,42.6167990,0 -122.6919040,42.6169070,0 -122.6912676,42.6171736,0 -122.6911760,42.6172120,0 -122.6910160,42.6173060,0 -122.6908780,42.6174190,0 -122.6907670,42.6175360,0 -122.6906260,42.6177240,0 -122.6904240,42.6180590,0 -122.6903420,42.6181480,0 -122.6900850,42.6183740,0 -122.6899199,42.6184284,0 -122.6897230,42.6184330,0 -122.6896420,42.6184200,0 -122.6894940,42.6183610,0 -122.6893210,42.6182490,0 -122.6889660,42.6179200,0 -122.6888480,42.6178460,0 -122.6885730,42.6177320,0 -122.6884390,42.6176920,0 -122.6881560,42.6176480,0 -122.6879030,42.6176480,0 -122.6877260,42.6176770,0 -122.6875580,42.6177260,0 -122.6874540,42.6177710,0 -122.6873100,42.6178660,0 -122.6871926,42.6179868,0 -122.6871390,42.6180590,0 -122.6870710,42.6182020,0 -122.6870410,42.6184320,0 -122.6870870,42.6186600,0 -122.6872860,42.6193900,0 -122.6874450,42.6198560,0 -122.6877490,42.6205790,0 -122.6878724,42.6207815,0 -122.6880020,42.6209940,0 -122.6880900,42.6211690,0 -122.6881550,42.6214770,0 -122.6881430,42.6218890,0 -122.6880810,42.6220010,0 -122.6879930,42.6220590,0 -122.6879270,42.6220790,0 -122.6877600,42.6220790,0 -122.6876360,42.6220460,0 -122.6873530,42.6219080,0 -122.6870339,42.6217225,0 -122.6864860,42.6214040,0 -122.6860240,42.6211020,0 -122.6858190,42.6209900,0 -122.6850000,42.6206070,0 -122.6847360,42.6204650,0 -122.6844400,42.6202540,0 -122.6840680,42.6199490,0 -122.6839190,42.6198760,0 -122.6837210,42.6198370,0 -122.6835170,42.6198180,0 -122.6832980,42.6198170,0 -122.6831550,42.6198350,0 -122.6829550,42.6198960,0 -122.6828660,42.6199430,0 -122.6827420,42.6200400,0 -122.6822282,42.6206441,0 -122.6820550,42.6208488,0 -122.6816867,42.6211953,0 -122.6815541,42.6213384,0 -122.6813721,42.6217534,0 -122.6810558,42.6226324,0 -122.6808431,42.6232325,0 -122.6807298,42.6237194,0 -122.6806612,42.6239117,0 -122.6805496,42.6240883,0 -122.6800743,42.6247113,0 -122.6798282,42.6249708,0 -122.6795460,42.6252419,0 -122.6793859,42.6254642,0 -122.6792954,42.6256673,0 -122.6792364,42.6258818,0 -122.6792359,42.6260100,0 -122.6792737,42.6261499,0 -122.6793717,42.6264357,0 -122.6795687,42.6269969,0 -122.6797162,42.6273367,0 -122.6799404,42.6277670,0 -122.6801062,42.6282140,0 -122.6801601,42.6283850,0 -122.6802549,42.6285289,0 </coordinates></LineString></Placemark><Placemark><name>Crowfoot Road</name><ExtendedData><Data name="featureClass"><value>tertiary</value></Data><Data name="osmType"><value>way</value></Data><Data name="osmId"><value>479513621</value></Data></ExtendedData><LineString><tessellate>1</tessellate><coordinates>-122.6988200,42.5940560,0 -122.6991660,42.5944550,0 -122.7000110,42.5952550,0 -122.7004810,42.5956140,0 -122.7018270,42.5965280,0 -122.7019820,42.5965980,0 -122.7021870,42.5966470,0 -122.7022840,42.5966490,0 -122.7028000,42.5966020,0 -122.7029550,42.5966140,0 -122.7031440,42.5966720,0 -122.7033630,42.5967830,0 -122.7034800,42.5968740,0 -122.7036030,42.5970070,0 -122.7036670,42.5971670,0 -122.7036610,42.5973820,0 -122.7034610,42.5979560,0 -122.7034110,42.5982190,0 -122.7034310,42.5983510,0 -122.7034800,42.5984700,0 -122.7036010,42.5986340,0 -122.7045300,42.5995570,0 -122.7053561,42.6001967,0 -122.7054300,42.6002540,0 -122.7055290,42.6003560,0 -122.7056388,42.6005024,0 -122.7056880,42.6005680,0 -122.7059950,42.6010350,0 -122.7061800,42.6012450,0 -122.7064300,42.6014390,0 -122.7067547,42.6015922,0 -122.7071550,42.6017810,0 -122.7072570,42.6018450,0 -122.7073679,42.6019433,0 -122.7074520,42.6020470,0 -122.7075280,42.6022350,0 -122.7076440,42.6029140,0 -122.7076430,42.6032550,0 -122.7076143,42.6036445,0 -122.7075990,42.6038530,0 -122.7075640,42.6041720,0 -122.7074300,42.6049120,0 -122.7074480,42.6050090,0 -122.7075660,42.6052330,0 -122.7078690,42.6056400,0 -122.7082480,42.6063270,0 -122.7083480,42.6065640,0 -122.7083860,42.6067030,0 -122.7084130,42.6069960,0 -122.7083790,42.6072700,0 -122.7082910,42.6075730,0 -122.7081100,42.6079090,0 -122.7079850,42.6080730,0 -122.7073270,42.6088280,0 -122.7071370,42.6091460,0 -122.7070060,42.6094970,0 -122.7068510,42.6100130,0 -122.7068491,42.6102994,0 -122.7067697,42.6107040,0 -122.7066717,42.6110351,0 -122.7066058,42.6111876,0 -122.7065263,42.6113041,0 -122.7062347,42.6116354,0 -122.7059906,42.6118811,0 -122.7057940,42.6120392,0 -122.7056430,42.6121150,0 -122.7055400,42.6121570,0 -122.7054470,42.6121760,0 -122.7049400,42.6122120,0 -122.7043720,42.6122320,0 -122.7034310,42.6123560,0 -122.7029230,42.6124950,0 -122.7022780,42.6127090,0 -122.7017930,42.6128920,0 -122.7016670,42.6129610,0 -122.7012210,42.6132620,0 -122.7008410,42.6134510,0 -122.7004440,42.6135850,0 -122.6993410,42.6140730,0 -122.6985080,42.6143620,0 -122.6979250,42.6145850,0 </coordinates></LineString></Placemark><Placemark><name>North Obenchain Road</name><ExtendedData><Data name="featureClass"><value>tertiary</value></Data><Data name="osmType"><value>way</value></Data><Data name="osmId"><value>530414716</value></Data></ExtendedData><LineString><tessellate>1</tessellate><coordinates>-122.6223657,42.5413815,0 -122.6216600,42.5416780,0 -122.6202190,42.5419600,0 -122.6200170,42.5421050,0 -122.6199450,42.5422570,0 -122.6198400,42.5424780,0 -122.6199820,42.5431140,0 -122.6204813,42.5443805,0 -122.6204828,42.5445612,0 -122.6204893,42.5447419,0 </coordinates></LineString></Placemark><Placemark><name>Ball Road</name><ExtendedData><Data name="featureClass"><value>tertiary</value></Data><Data name="osmType"><value>way</value></Data><Data name="osmId"><value>530414717</value></Data></ExtendedData><LineString><tessellate>1</tessellate><coordinates>-122.7974353,42.5146087,0 -122.8117381,42.5146280,0 -122.8118564,42.5146290,0 </coordinates></LineString></Placemark><Placemark><name>Geppert Road</name><ExtendedData><Data name="featureClass"><value>tertiary</value></Data><Data name="osmType"><value>way</value></Data><Data name="osmId"><value>530414719</value></Data></ExtendedData><LineString><tessellate>1</tessellate><coordinates>-122.6136730,42.5469740,0 -122.6139590,42.5467770,0 -122.6144030,42.5466150,0 -122.6163410,42.5467190,0 -122.6178080,42.5467050,0 -122.6187500,42.5469680,0 -122.6190782,42.5470009,0 -122.6191737,42.5469875,0 -122.6193454,42.5469467,0 -122.6195047,42.5468905,0 </coordinates></LineString></Placemark><Placemark><name>Crater Lake Highway</name><ExtendedData><Data name="featureClass"><value>primary</value></Data><Data name="osmType"><value>way</value></Data><Data name="ref"><value>OR 62</value></Data><Data name="osmId"><value>621877699</value></Data></ExtendedData><LineString><tessellate>1</tessellate><coordinates>-122.8165795,42.5898049,0 -122.8166270,42.5903584,0 -122.8168657,42.5916577,0 -122.8170200,42.5920713,0 -122.8170357,42.5921091,0 -122.8173035,42.5927539,0 -122.8174660,42.5931453,0 -122.8177533,42.5938655,0 -122.8177618,42.5938868,0 </coordinates></LineString></Placemark><Placemark><name>Crater Lake Highway</name><ExtendedData><Data name="featureClass"><value>primary</value></Data><Data name="osmType"><value>way</value></Data><Data name="ref"><value>OR 62</value></Data><Data name="osmId"><value>621877700</value></Data></ExtendedData><LineString><tessellate>1</tessellate><coordinates>-122.8177618,42.5938868,0 -122.8178045,42.5939937,0 -122.8181980,42.5949930,0 -122.8183865,42.5955141,0 -122.8184026,42.5956523,0 -122.8184106,42.5961775,0 -122.8183811,42.5967718,0 -122.8183870,42.5970520,0 -122.8184430,42.5972820,0 -122.8187440,42.5980710,0 -122.8188120,42.5982510,0 -122.8188934,42.5984402,0 -122.8190678,42.5988667,0 -122.8191187,42.5991175,0 -122.8191161,42.5993070,0 -122.8191107,42.5993860,0 -122.8188380,42.5999610,0 -122.8188139,42.6000140,0 -122.8186560,42.6003610,0 -122.8185420,42.6007177,0 -122.8183516,42.6012142,0 -122.8182899,42.6013741,0 -122.8182213,42.6015314,0 -122.8181719,42.6016446,0 -122.8176619,42.6027290,0 -122.8172738,42.6036359,0 -122.8169589,42.6043348,0 -122.8166152,42.6051487,0 -122.8164233,42.6055442,0 -122.8162266,42.6059407,0 -122.8161642,42.6060504,0 -122.8160336,42.6062778,0 -122.8158298,42.6066053,0 -122.8156300,42.6069230,0 -122.8153531,42.6073225,0 -122.8151426,42.6076444,0 -122.8149705,42.6079000,0 -122.8144248,42.6087423,0 -122.8139033,42.6095868,0 -122.8133344,42.6104010,0 -122.8130728,42.6107603,0 -122.8128238,42.6111406,0 -122.8127034,42.6113401,0 -122.8126225,42.6114741,0 -122.8124975,42.6118042,0 -122.8124424,42.6119940,0 -122.8123948,42.6121395,0 -122.8123288,42.6124153,0 -122.8122928,42.6125954,0 -122.8122701,42.6127155,0 </coordinates></LineString></Placemark><Placemark><name>Crater Lake Highway</name><ExtendedData><Data name="featureClass"><value>primary</value></Data><Data name="osmType"><value>way</value></Data><Data name="ref"><value>OR 62</value></Data><Data name="osmId"><value>621878819</value></Data></ExtendedData><LineString><tessellate>1</tessellate><coordinates>-122.8122701,42.6127155,0 -122.8122449,42.6129110,0 -122.8122131,42.6131254,0 -122.8121944,42.6132547,0 </coordinates></LineString></Placemark><Placemark><name>Crater Lake Highway</name><ExtendedData><Data name="featureClass"><value>primary</value></Data><Data name="osmType"><value>way</value></Data><Data name="ref"><value>OR 62</value></Data><Data name="osmId"><value>621885499</value></Data></ExtendedData><LineString><tessellate>1</tessellate><coordinates>-122.8071277,42.6300576,0 -122.8072367,42.6305119,0 -122.8072367,42.6307972,0 -122.8072330,42.6312730,0 -122.8073150,42.6317130,0 -122.8074379,42.6323045,0 -122.8074884,42.6324971,0 </coordinates></LineString></Placemark><Placemark><name>Crater Lake Highway</name><ExtendedData><Data name="featureClass"><value>primary</value></Data><Data name="osmType"><value>way</value></Data><Data name="ref"><value>OR 62</value></Data><Data name="osmId"><value>621885503</value></Data></ExtendedData><LineString><tessellate>1</tessellate><coordinates>-122.8074884,42.6324971,0 -122.8075131,42.6326078,0 -122.8075513,42.6327621,0 -122.8076647,42.6334269,0 -122.8076720,42.6345142,0 -122.8077562,42.6361129,0 -122.8078659,42.6365462,0 -122.8080708,42.6372271,0 -122.8081599,42.6375546,0 -122.8082062,42.6378821,0 -122.8082301,42.6380831,0 -122.8082679,42.6384932,0 -122.8083053,42.6387595,0 -122.8083770,42.6393931,0 -122.8084819,42.6400471,0 -122.8086597,42.6407439,0 -122.8089388,42.6422838,0 -122.8089780,42.6424940,0 -122.8091880,42.6438170,0 -122.8094199,42.6451596,0 -122.8094535,42.6453256,0 -122.8095048,42.6456107,0 -122.8095357,42.6459190,0 -122.8095296,42.6462302,0 </coordinates></LineString></Placemark><Placemark><name>Sams Valley Highway</name><ExtendedData><Data name="featureClass"><value>primary</value></Data><Data name="osmType"><value>way</value></Data><Data name="ref"><value>OR 234</value></Data><Data name="osmId"><value>692805839</value></Data></ExtendedData><LineString><tessellate>1</tessellate><coordinates>-123.0430340,42.4329280,0 -123.0428480,42.4334000,0 -123.0428170,42.4335320,0 -123.0428060,42.4336940,0 -123.0428390,42.4338320,0 -123.0428920,42.4339540,0 -123.0435049,42.4352092,0 -123.0436230,42.4354510,0 -123.0438802,42.4360231,0 -123.0439840,42.4362540,0 -123.0444930,42.4373870,0 -123.0448340,42.4381630,0 -123.0450087,42.4385596,0 -123.0450930,42.4387510,0 -123.0453310,42.4392910,0 -123.0455050,42.4397420,0 -123.0456230,42.4401070,0 -123.0456610,42.4402500,0 -123.0456860,42.4403810,0 -123.0457150,42.4406270,0 -123.0457200,42.4407560,0 -123.0457250,42.4409030,0 -123.0457215,42.4409524,0 -123.0456990,42.4412740,0 -123.0456500,42.4415300,0 -123.0455890,42.4417810,0 -123.0455390,42.4419500,0 -123.0454088,42.4422907,0 -123.0453670,42.4424000,0 -123.0449110,42.4434030,0 -123.0448310,42.4436150,0 -123.0447330,42.4439900,0 -123.0447119,42.4440878,0 -123.0445949,42.4446242,0 -123.0445694,42.4447550,0 -123.0445200,42.4450140,0 -123.0444720,42.4452260,0 -123.0444220,42.4454050,0 -123.0443540,42.4455950,0 -123.0442750,42.4457570,0 -123.0436690,42.4466800,0 -123.0435660,42.4468460,0 -123.0434810,42.4470160,0 -123.0434020,42.4472100,0 -123.0432970,42.4474990,0 -123.0432702,42.4476231,0 </coordinates></LineString></Placemark><Placemark><name>Table Rock Road</name><ExtendedData><Data name="featureClass"><value>secondary</value></Data><Data name="osmType"><value>way</value></Data><Data name="osmId"><value>712902163</value></Data></ExtendedData><LineString><tessellate>1</tessellate><coordinates>-122.9349734,42.4852540,0 -122.9349778,42.4854708,0 </coordinates></LineString></Placemark><Placemark><name>Table Rock Road</name><ExtendedData><Data name="featureClass"><value>secondary</value></Data><Data name="osmType"><value>way</value></Data><Data name="osmId"><value>712902164</value></Data></ExtendedData><LineString><tessellate>1</tessellate><coordinates>-122.9349778,42.4854708,0 -122.9349600,42.4865200,0 -122.9349627,42.4871568,0 -122.9349640,42.4874720,0 -122.9349767,42.4891347,0 -122.9349910,42.4910109,0 -122.9349789,42.4911705,0 -122.9350188,42.4912401,0 </coordinates></LineString></Placemark><Placemark><name>Elk Creek Road</name><ExtendedData><Data name="featureClass"><value>tertiary</value></Data><Data name="osmType"><value>way</value></Data><Data name="osmId"><value>713108577</value></Data></ExtendedData><LineString><tessellate>1</tessellate><coordinates>-122.6388465,42.7927369,0 -122.6386961,42.7927492,0 -122.6386000,42.7927458,0 -122.6384921,42.7927303,0 -122.6384073,42.7927105,0 -122.6383373,42.7926941,0 -122.6382434,42.7926597,0 -122.6381707,42.7926253,0 -122.6380793,42.7925685,0 -122.6380136,42.7925151,0 -122.6379432,42.7924428,0 -122.6378799,42.7923482,0 -122.6378517,42.7922845,0 -122.6378283,42.7922105,0 -122.6378095,42.7920728,0 -122.6377884,42.7919420,0 -122.6377626,42.7918697,0 -122.6377251,42.7918026,0 -122.6376782,42.7917354,0 -122.6376209,42.7916705,0 -122.6375313,42.7915975,0 -122.6374351,42.7915366,0 -122.6373223,42.7914855,0 -122.6372029,42.7914490,0 -122.6370736,42.7914222,0 -122.6369575,42.7914198,0 -122.6368049,42.7914246,0 -122.6364168,42.7914611,0 -122.6361581,42.7914855,0 -122.6360287,42.7914879,0 -122.6358827,42.7914806,0 -122.6357401,42.7914587,0 -122.6356307,42.7914246,0 -122.6355013,42.7913759,0 -122.6353388,42.7913102,0 -122.6350701,42.7911715,0 -122.6348511,42.7910692,0 -122.6347052,42.7910108,0 -122.6345327,42.7909573,0 -122.6343967,42.7909281,0 -122.6341015,42.7908891,0 -122.6332225,42.7907796,0 -122.6323667,42.7906798,0 -122.6321909,42.7906530,0 -122.6320516,42.7906214,0 -122.6318957,42.7905775,0 -122.6317829,42.7905337,0 -122.6316801,42.7904826,0 -122.6316004,42.7904266,0 -122.6314402,42.7903079,0 -122.6312920,42.7901978,0 -122.6309702,42.7899471,0 -122.6307911,42.7898327,0 -122.6306252,42.7897280,0 -122.6305414,42.7896777,0 -122.6303002,42.7895333,0 -122.6295273,42.7890756,0 -122.6289389,42.7887265,0 -122.6287826,42.7886328,0 </coordinates></LineString></Placemark><Placemark><name>Elk Creek Road</name><ExtendedData><Data name="featureClass"><value>tertiary</value></Data><Data name="osmType"><value>way</value></Data><Data name="osmId"><value>713108578</value></Data></ExtendedData><LineString><tessellate>1</tessellate><coordinates>-122.6392207,42.7926224,0 -122.6391292,42.7926644,0 -122.6390492,42.7926912,0 -122.6389943,42.7927097,0 -122.6389256,42.7927227,0 -122.6388465,42.7927369,0 </coordinates></LineString></Placemark><Placemark><name>Elk Creek Road</name><ExtendedData><Data name="featureClass"><value>tertiary</value></Data><Data name="osmType"><value>way</value></Data><Data name="osmId"><value>713110039</value></Data></ExtendedData><LineString><tessellate>1</tessellate><coordinates>-122.6653040,42.7777052,0 -122.6652302,42.7777094,0 -122.6651068,42.7777094,0 -122.6649879,42.7777027,0 -122.6648324,42.7776859,0 -122.6646860,42.7776624,0 -122.6645191,42.7776288,0 -122.6643110,42.7775751,0 -122.6641692,42.7775432,0 -122.6639474,42.7775164,0 -122.6637782,42.7775063,0 -122.6634924,42.7775080,0 -122.6628224,42.7775281,0 -122.6621227,42.7775483,0 -122.6618345,42.7775768,0 -122.6616699,42.7776020,0 -122.6615601,42.7776221,0 -122.6614138,42.7776557,0 -122.6612514,42.7777010,0 -122.6610251,42.7777782,0 -122.6607072,42.7778890,0 -122.6604557,42.7779679,0 -122.6601744,42.7780535,0 -122.6599503,42.7781105,0 -122.6597445,42.7781508,0 -122.6595319,42.7781911,0 -122.6591523,42.7782515,0 -122.6585257,42.7783489,0 -122.6573527,42.7785301,0 -122.6570303,42.7785838,0 -122.6569136,42.7786124,0 -122.6568130,42.7786409,0 -122.6567216,42.7786778,0 -122.6566631,42.7787117,0 -122.6565638,42.7787836,0 -122.6565043,42.7788406,0 -122.6564632,42.7788843,0 -122.6564289,42.7789397,0 -122.6563992,42.7790068,0 -122.6563809,42.7790689,0 -122.6563717,42.7791243,0 -122.6563534,42.7792720,0 -122.6563420,42.7793911,0 -122.6563214,42.7797537,0 -122.6562985,42.7799165,0 -122.6562780,42.7800507,0 -122.6562459,42.7801481,0 -122.6561956,42.7802488,0 -122.6561385,42.7803411,0 -122.6560882,42.7804116,0 -122.6560127,42.7805005,0 -122.6559327,42.7805811,0 -122.6558252,42.7806751,0 -122.6556949,42.7807774,0 -122.6555760,42.7808647,0 -122.6554753,42.7809318,0 -122.6553290,42.7810158,0 -122.6551072,42.7811316,0 -122.6548282,42.7812642,0 -122.6544966,42.7814035,0 -122.6542373,42.7815049,0 -122.6539433,42.7816200,0 -122.6536589,42.7817239,0 -122.6535648,42.7817589,0 -122.6532255,42.7818852,0 -122.6530444,42.7819659,0 -122.6528375,42.7820633,0 -122.6524947,42.7822579,0 -122.6520008,42.7825520,0 -122.6518156,42.7826644,0 -122.6516784,42.7827349,0 -122.6515549,42.7827970,0 -122.6513995,42.7828624,0 -122.6512371,42.7829262,0 -122.6510793,42.7829782,0 -122.6508529,42.7830454,0 -122.6505351,42.7831360,0 -122.6498148,42.7833307,0 -122.6496822,42.7833743,0 -122.6495130,42.7834347,0 -122.6493369,42.7835035,0 -122.6491448,42.7835908,0 -122.6489116,42.7837301,0 -122.6487058,42.7838610,0 -122.6484817,42.7840221,0 -122.6481844,42.7842504,0 -122.6475327,42.7847454,0 -122.6471120,42.7850744,0 -122.6469862,42.7851801,0 -122.6468833,42.7852824,0 -122.6467690,42.7854016,0 -122.6466409,42.7855560,0 -122.6463962,42.7858665,0 -122.6459595,42.7864169,0 -122.6456805,42.7867945,0 -122.6449373,42.7878081,0 -122.6440798,42.7889425,0 -122.6435768,42.7895818,0 -122.6434762,42.7897060,0 -122.6433870,42.7898067,0 -122.6432932,42.7898956,0 -122.6432178,42.7899594,0 -122.6430966,42.7900500,0 -122.6430005,42.7901155,0 -122.6428839,42.7901826,0 -122.6427559,42.7902514,0 -122.6426621,42.7902967,0 -122.6425775,42.7903370,0 -122.6424769,42.7903756,0 -122.6423557,42.7904259,0 -122.6421590,42.7904930,0 -122.6417795,42.7906222,0 -122.6412352,42.7908051,0 -122.6404784,42.7910585,0 -122.6402497,42.7911407,0 -122.6401582,42.7911793,0 -122.6400759,42.7912196,0 -122.6400027,42.7912683,0 -122.6399273,42.7913270,0 -122.6398838,42.7913740,0 -122.6398427,42.7914310,0 -122.6398175,42.7914797,0 -122.6397786,42.7915552,0 -122.6397420,42.7916475,0 -122.6396506,42.7919311,0 -122.6395683,42.7921710,0 -122.6395180,42.7922952,0 -122.6394814,42.7923724,0 -122.6394311,42.7924513,0 -122.6393864,42.7924992,0 -122.6393670,42.7925201,0 -122.6392916,42.7925771,0 -122.6392207,42.7926224,0 </coordinates></LineString></Placemark><Placemark><name>Elk Creek Road</name><ExtendedData><Data name="featureClass"><value>tertiary</value></Data><Data name="osmType"><value>way</value></Data><Data name="osmId"><value>713110040</value></Data></ExtendedData><LineString><tessellate>1</tessellate><coordinates>-122.6655275,42.7776859,0 -122.6653040,42.7777052,0 </coordinates></LineString></Placemark><Placemark><name>Elk Creek Road</name><ExtendedData><Data name="featureClass"><value>tertiary</value></Data><Data name="osmType"><value>way</value></Data><Data name="osmId"><value>713110045</value></Data></ExtendedData><LineString><tessellate>1</tessellate><coordinates>-122.6951881,42.7553768,0 -122.6951403,42.7555319,0 -122.6950970,42.7556723,0 -122.6950470,42.7558510,0 -122.6949008,42.7562843,0 -122.6947793,42.7565877,0 -122.6946456,42.7568643,0 -122.6945119,42.7571022,0 -122.6943580,42.7573490,0 -122.6942041,42.7575483,0 -122.6940461,42.7577535,0 -122.6938720,42.7579587,0 -122.6935439,42.7583661,0 -122.6932158,42.7587587,0 -122.6931064,42.7588717,0 -122.6929768,42.7589847,0 -122.6928748,42.7590639,0 -122.6927022,42.7591778,0 -122.6925834,42.7592501,0 -122.6923514,42.7593489,0 -122.6919533,42.7594751,0 -122.6915380,42.7595886,0 -122.6899484,42.7600197,0 -122.6885992,42.7603841,0 -122.6881861,42.7604882,0 -122.6879390,42.7605328,0 -122.6877284,42.7605595,0 -122.6873679,42.7605982,0 -122.6869264,42.7606368,0 -122.6867239,42.7606517,0 -122.6865213,42.7606815,0 -122.6863917,42.7607052,0 -122.6862338,42.7607469,0 -122.6860879,42.7607885,0 -122.6859259,42.7608569,0 -122.6857599,42.7609372,0 -122.6855978,42.7610234,0 -122.6854723,42.7611156,0 -122.6853629,42.7612048,0 -122.6852900,42.7612732,0 -122.6852130,42.7613684,0 -122.6851401,42.7614576,0 -122.6850672,42.7615587,0 -122.6850146,42.7616598,0 -122.6849660,42.7617937,0 -122.6849336,42.7619067,0 -122.6849174,42.7620345,0 -122.6849052,42.7621356,0 -122.6849093,42.7622189,0 -122.6849154,42.7622574,0 -122.6849255,42.7623200,0 -122.6849457,42.7624419,0 -122.6849903,42.7625728,0 -122.6850551,42.7627482,0 -122.6851847,42.7630129,0 -122.6853224,42.7633311,0 -122.6854075,42.7635630,0 -122.6854520,42.7637206,0 -122.6854809,42.7639430,0 -122.6854923,42.7641322,0 -122.6854837,42.7643130,0 -122.6854390,42.7644904,0 -122.6853904,42.7646258,0 -122.6853389,42.7647995,0 -122.6852663,42.7649921,0 -122.6851945,42.7652635,0 -122.6849596,42.7658417,0 -122.6846703,42.7665229,0 -122.6846245,42.7666070,0 -122.6845529,42.7667164,0 -122.6844813,42.7668089,0 -122.6844154,42.7668867,0 -122.6843438,42.7669561,0 -122.6842436,42.7670339,0 -122.6841491,42.7671011,0 -122.6839915,42.7671958,0 -122.6838140,42.7672841,0 -122.6833500,42.7674775,0 -122.6822808,42.7679128,0 -122.6813815,42.7682744,0 -122.6806511,42.7685666,0 -122.6804191,42.7686529,0 -122.6801700,42.7687349,0 -122.6798492,42.7688211,0 -122.6790845,42.7690166,0 -122.6785460,42.7691575,0 -122.6783255,42.7692226,0 -122.6781765,42.7692731,0 -122.6780219,42.7693446,0 -122.6778758,42.7694245,0 -122.6777240,42.7695191,0 -122.6776180,42.7695948,0 -122.6775092,42.7696873,0 -122.6773374,42.7698660,0 -122.6769106,42.7703349,0 -122.6765726,42.7707217,0 -122.6760686,42.7712915,0 -122.6755272,42.7718928,0 -122.6754155,42.7720042,0 -122.6753096,42.7720946,0 -122.6751606,42.7722082,0 -122.6750117,42.7723049,0 -122.6748771,42.7723995,0 -122.6747425,42.7724773,0 -122.6745964,42.7725529,0 -122.6744246,42.7726349,0 -122.6742470,42.7727085,0 -122.6739835,42.7728031,0 -122.6737171,42.7729019,0 -122.6736004,42.7729429,0 -122.6733878,42.7730176,0 -122.6732073,42.7730912,0 -122.6730097,42.7731795,0 -122.6728493,42.7732615,0 -122.6727405,42.7733308,0 -122.6726799,42.7733759,0 -122.6725400,42.7734929,0 -122.6724489,42.7735791,0 -122.6723476,42.7736921,0 -122.6721370,42.7739344,0 -122.6719547,42.7741544,0 -122.6717927,42.7743343,0 -122.6717259,42.7743968,0 -122.6716570,42.7744577,0 -122.6715719,42.7745231,0 -122.6714747,42.7745885,0 -122.6713694,42.7746539,0 -122.6712418,42.7747268,0 -122.6709907,42.7748591,0 -122.6707092,42.7750122,0 -122.6706019,42.7750776,0 -122.6704641,42.7751653,0 -122.6703082,42.7752753,0 -122.6699740,42.7755191,0 -122.6697209,42.7756856,0 -122.6696014,42.7757525,0 -122.6693179,42.7759056,0 -122.6689655,42.7760944,0 -122.6686698,42.7762490,0 -122.6682121,42.7764973,0 -122.6677139,42.7767604,0 -122.6671833,42.7770458,0 -122.6669811,42.7771523,0 -122.6667742,42.7772613,0 -122.6665879,42.7773550,0 -122.6665388,42.7773750,0 -122.6664056,42.7774342,0 -122.6661975,42.7775181,0 -122.6659780,42.7775919,0 -122.6658431,42.7776255,0 -122.6657585,42.7776456,0 -122.6656487,42.7776658,0 -122.6655275,42.7776859,0 </coordinates></LineString></Placemark><Placemark><name>Elk Creek Road</name><ExtendedData><Data name="featureClass"><value>tertiary</value></Data><Data name="osmType"><value>way</value></Data><Data name="osmId"><value>713110046</value></Data></ExtendedData><LineString><tessellate>1</tessellate><coordinates>-122.6953139,42.7549513,0 -122.6951881,42.7553768,0 </coordinates></LineString></Placemark><Placemark><name>Tiller Trail Highway</name><ExtendedData><Data name="featureClass"><value>secondary</value></Data><Data name="osmType"><value>way</value></Data><Data name="osmId"><value>713116902</value></Data></ExtendedData><LineString><tessellate>1</tessellate><coordinates>-122.8405936,42.6981777,0 -122.8405510,42.6984170,0 -122.8404997,42.6987053,0 </coordinates></LineString></Placemark><Placemark><name>Crater Lake Highway</name><ExtendedData><Data name="featureClass"><value>primary</value></Data><Data name="osmType"><value>way</value></Data><Data name="ref"><value>OR 62</value></Data><Data name="osmId"><value>713116914</value></Data></ExtendedData><LineString><tessellate>1</tessellate><coordinates>-122.8094059,42.6467052,0 -122.8093511,42.6468382,0 -122.8092150,42.6470320,0 -122.8088993,42.6473591,0 -122.8087163,42.6474839,0 -122.8085554,42.6475928,0 -122.8083746,42.6476915,0 -122.8078703,42.6478966,0 -122.8077633,42.6479264,0 -122.8074856,42.6479916,0 -122.8071907,42.6480477,0 -122.8070921,42.6480624,0 -122.8060573,42.6481846,0 -122.8035220,42.6484160,0 -122.8025094,42.6484991,0 -122.8015359,42.6485762,0 -122.8010840,42.6486363,0 -122.8005535,42.6487199,0 -122.8001396,42.6488078,0 -122.7999589,42.6488528,0 -122.7995538,42.6489493,0 -122.7989999,42.6490458,0 -122.7988746,42.6490565,0 -122.7985773,42.6490822,0 -122.7983353,42.6490779,0 -122.7977699,42.6490350,0 -122.7973629,42.6489736,0 -122.7969124,42.6488723,0 -122.7968241,42.6488525,0 -122.7961609,42.6487156,0 -122.7957819,42.6486255,0 -122.7954292,42.6485784,0 -122.7950591,42.6485462,0 -122.7946626,42.6485462,0 -122.7941933,42.6485912,0 -122.7936541,42.6486491,0 -122.7921996,42.6487563,0 -122.7919227,42.6488035,0 -122.7917099,42.6488378,0 -122.7915554,42.6488807,0 -122.7914621,42.6489128,0 -122.7912085,42.6490007,0 -122.7908350,42.6491760,0 -122.7900339,42.6497747,0 -122.7893547,42.6503750,0 -122.7888300,42.6507459,0 -122.7877690,42.6513200,0 -122.7875730,42.6514130,0 -122.7871620,42.6516080,0 -122.7864400,42.6519624,0 -122.7855690,42.6523900,0 -122.7850770,42.6526660,0 -122.7848700,42.6528320,0 -122.7847400,42.6529680,0 -122.7837190,42.6544930,0 -122.7834031,42.6552588,0 -122.7832840,42.6554665,0 -122.7831147,42.6556839,0 -122.7830629,42.6557408,0 -122.7818740,42.6571790,0 -122.7815370,42.6575730,0 -122.7812337,42.6578271,0 -122.7811490,42.6578980,0 -122.7808830,42.6580740,0 -122.7805380,42.6582270,0 -122.7801220,42.6583520,0 -122.7796840,42.6584210,0 -122.7788040,42.6583970,0 -122.7778080,42.6582580,0 -122.7771920,42.6581900,0 -122.7758960,42.6580470,0 -122.7751910,42.6580470,0 -122.7743590,42.6581330,0 -122.7715794,42.6586684,0 -122.7686020,42.6591650,0 -122.7662030,42.6596390,0 -122.7656030,42.6598140,0 -122.7653832,42.6598566,0 -122.7653562,42.6599065,0 -122.7638980,42.6604530,0 -122.7633338,42.6606408,0 -122.7632700,42.6606620,0 -122.7615880,42.6611445,0 -122.7601405,42.6615577,0 -122.7600900,42.6615720,0 -122.7591943,42.6618247,0 -122.7590480,42.6618660,0 -122.7583590,42.6620610,0 -122.7572530,42.6623650,0 -122.7570760,42.6624260,0 -122.7568470,42.6625160,0 -122.7564670,42.6627200,0 -122.7555730,42.6633000,0 -122.7550869,42.6634779,0 -122.7548840,42.6635179,0 </coordinates></LineString></Placemark><Placemark><name>Crater Lake Highway</name><ExtendedData><Data name="featureClass"><value>primary</value></Data><Data name="osmType"><value>way</value></Data><Data name="ref"><value>OR 62</value></Data><Data name="osmId"><value>713116915</value></Data></ExtendedData><LineString><tessellate>1</tessellate><coordinates>-122.8095296,42.6462302,0 -122.8095115,42.6463726,0 -122.8094648,42.6465509,0 -122.8094059,42.6467052,0 </coordinates></LineString></Placemark><Placemark><name>Crater Lake Highway</name><ExtendedData><Data name="featureClass"><value>primary</value></Data><Data name="osmType"><value>way</value></Data><Data name="ref"><value>OR 62</value></Data><Data name="osmId"><value>713120168</value></Data></ExtendedData><LineString><tessellate>1</tessellate><coordinates>-122.7541441,42.6635461,0 -122.7538288,42.6635046,0 -122.7536022,42.6634513,0 -122.7533979,42.6633769,0 -122.7531349,42.6632491,0 -122.7527110,42.6629990,0 -122.7524900,42.6628400,0 -122.7519546,42.6624493,0 -122.7517955,42.6623495,0 -122.7516473,42.6622687,0 -122.7514571,42.6621783,0 -122.7512500,42.6621016,0 -122.7510041,42.6620225,0 -122.7505783,42.6619182,0 -122.7500920,42.6618099,0 -122.7494215,42.6616527,0 -122.7486596,42.6615063,0 -122.7483233,42.6614583,0 -122.7480023,42.6614296,0 -122.7466750,42.6614126,0 -122.7461490,42.6614183,0 -122.7458465,42.6614447,0 -122.7455263,42.6615035,0 -122.7452960,42.6615687,0 -122.7450469,42.6616524,0 -122.7446216,42.6618307,0 -122.7443758,42.6619588,0 -122.7441548,42.6621135,0 -122.7439798,42.6622579,0 -122.7434120,42.6628240,0 -122.7430940,42.6630210,0 -122.7428080,42.6631490,0 -122.7425620,42.6632150,0 -122.7423300,42.6632650,0 -122.7404630,42.6632880,0 -122.7400590,42.6632930,0 -122.7397850,42.6632830,0 -122.7393760,42.6632170,0 -122.7389400,42.6630750,0 -122.7376130,42.6624620,0 -122.7371700,42.6622350,0 -122.7369380,42.6621020,0 -122.7367210,42.6619440,0 -122.7353980,42.6608570,0 -122.7348980,42.6606000,0 -122.7346240,42.6605130,0 -122.7342730,42.6604500,0 -122.7336400,42.6604340,0 -122.7332630,42.6604840,0 -122.7316970,42.6610110,0 -122.7313180,42.6610740,0 -122.7310610,42.6610790,0 -122.7307780,42.6610480,0 -122.7305270,42.6609850,0 -122.7303500,42.6609030,0 -122.7290300,42.6600860,0 -122.7277300,42.6594830,0 -122.7272410,42.6593420,0 -122.7266980,42.6591700,0 -122.7248860,42.6583280,0 -122.7229132,42.6574127,0 -122.7225567,42.6573075,0 -122.7223294,42.6572733,0 -122.7220725,42.6572612,0 -122.7218325,42.6572631,0 -122.7215925,42.6572951,0 -122.7213591,42.6573527,0 -122.7206270,42.6576680,0 -122.7201200,42.6579617,0 -122.7198129,42.6580964,0 -122.7194656,42.6582172,0 -122.7185086,42.6585106,0 -122.7179240,42.6587160,0 -122.7175597,42.6588650,0 -122.7172277,42.6590219,0 -122.7167940,42.6592580,0 -122.7164110,42.6594560,0 -122.7160499,42.6595658,0 -122.7157133,42.6596258,0 -122.7148860,42.6596814,0 -122.7144107,42.6597328,0 -122.7138468,42.6598158,0 -122.7119403,42.6601331,0 -122.7116380,42.6601573,0 -122.7114000,42.6601540,0 -122.7110752,42.6601230,0 -122.7107901,42.6600749,0 -122.7105265,42.6600031,0 -122.7102031,42.6598831,0 -122.7092371,42.6595131,0 -122.7085498,42.6592506,0 -122.7081627,42.6591288,0 -122.7077078,42.6590168,0 -122.7073007,42.6589431,0 -122.7068158,42.6588733,0 -122.7065642,42.6588484,0 -122.7062938,42.6588600,0 -122.7059003,42.6589160,0 -122.7053566,42.6590502,0 -122.7049396,42.6591769,0 -122.7040450,42.6595546,0 -122.7028200,42.6602270,0 -122.7025550,42.6603190,0 -122.7022860,42.6603620,0 -122.7016040,42.6603930,0 -122.7009620,42.6603710,0 -122.7000950,42.6601840,0 -122.6993240,42.6599610,0 -122.6982659,42.6595866,0 -122.6977160,42.6593920,0 -122.6960770,42.6587503,0 -122.6958052,42.6586461,0 </coordinates></LineString></Placemark><Placemark><name>Crater Lake Highway</name><ExtendedData><Data name="featureClass"><value>primary</value></Data><Data name="osmType"><value>way</value></Data><Data name="ref"><value>OR 62</value></Data><Data name="osmId"><value>713120169</value></Data></ExtendedData><LineString><tessellate>1</tessellate><coordinates>-122.7548840,42.6635179,0 -122.7546608,42.6635461,0 -122.7544040,42.6635566,0 -122.7541441,42.6635461,0 </coordinates></LineString></Placemark><Placemark><name>Crowfoot Road</name><ExtendedData><Data name="featureClass"><value>tertiary</value></Data><Data name="osmType"><value>way</value></Data><Data name="osmId"><value>713134106</value></Data></ExtendedData><LineString><tessellate>1</tessellate><coordinates>-122.6917000,42.6510760,0 -122.6909901,42.6511890,0 </coordinates></LineString></Placemark><Placemark><name>Crowfoot Road</name><ExtendedData><Data name="featureClass"><value>tertiary</value></Data><Data name="osmType"><value>way</value></Data><Data name="osmId"><value>713134107</value></Data></ExtendedData><LineString><tessellate>1</tessellate><coordinates>-122.6909901,42.6511890,0 -122.6909038,42.6512155,0 -122.6908500,42.6512450,0 -122.6907210,42.6513200,0 -122.6906730,42.6513700,0 -122.6906230,42.6514710,0 -122.6905960,42.6516040,0 -122.6905850,42.6518170,0 -122.6905790,42.6522000,0 -122.6906860,42.6528980,0 -122.6906760,42.6530200,0 -122.6906100,42.6532990,0 -122.6905560,42.6534030,0 -122.6901540,42.6538420,0 -122.6899600,42.6541040,0 -122.6898360,42.6544530,0 -122.6898340,42.6547290,0 -122.6898630,42.6550570,0 -122.6899850,42.6554610,0 -122.6900300,42.6555172,0 -122.6903360,42.6558990,0 -122.6907107,42.6561938,0 -122.6911510,42.6564550,0 -122.6914260,42.6565700,0 -122.6919080,42.6567390,0 -122.6924740,42.6569120,0 -122.6927446,42.6570077,0 -122.6928433,42.6570571,0 -122.6929090,42.6571237,0 -122.6929289,42.6571934,0 -122.6929286,42.6572506,0 -122.6929139,42.6573067,0 -122.6928789,42.6573964,0 -122.6928192,42.6575191,0 -122.6927854,42.6575885,0 </coordinates></LineString></Placemark><Placemark><name>Rogue River Drive</name><ExtendedData><Data name="featureClass"><value>tertiary</value></Data><Data name="osmType"><value>way</value></Data><Data name="osmId"><value>713190164</value></Data></ExtendedData><LineString><tessellate>1</tessellate><coordinates>-122.8439310,42.5587791,0 -122.8436412,42.5592026,0 -122.8434944,42.5594171,0 -122.8427808,42.5604907,0 -122.8426043,42.5607575,0 -122.8419982,42.5616737,0 -122.8417855,42.5620002,0 -122.8416996,42.5621535,0 -122.8416227,42.5623168,0 -122.8415593,42.5624601,0 -122.8413762,42.5629961,0 -122.8412200,42.5634530,0 -122.8411393,42.5636997,0 -122.8410537,42.5639613,0 -122.8410229,42.5640557,0 -122.8409486,42.5642827,0 -122.8407726,42.5648076,0 -122.8406773,42.5650916,0 -122.8405776,42.5653890,0 -122.8403125,42.5661324,0 -122.8401795,42.5665052,0 -122.8401209,42.5666793,0 -122.8399697,42.5671292,0 -122.8399286,42.5672464,0 -122.8398590,42.5674449,0 -122.8397426,42.5677771,0 -122.8397168,42.5678524,0 -122.8394003,42.5687783,0 -122.8393107,42.5690823,0 -122.8392659,42.5692613,0 -122.8392507,42.5693527,0 -122.8392435,42.5693956,0 -122.8392371,42.5694828,0 -122.8392403,42.5695912,0 -122.8392531,42.5697537,0 -122.8392691,42.5698880,0 -122.8392947,42.5700317,0 -122.8393267,42.5701542,0 -122.8393843,42.5703144,0 -122.8394963,42.5705689,0 -122.8396114,42.5708068,0 -122.8396818,42.5709678,0 -122.8397010,42.5710118,0 -122.8397426,42.5711296,0 -122.8397750,42.5712431,0 -122.8397850,42.5712781,0 -122.8398746,42.5717539,0 -122.8399609,42.5722039,0 -122.8399890,42.5723279,0 -122.8399993,42.5723735,0 -122.8400083,42.5724040,0 -122.8400249,42.5724607,0 -122.8400857,42.5726020,0 -122.8401401,42.5727198,0 -122.8401819,42.5727931,0 -122.8402073,42.5728376,0 -122.8403160,42.5730002,0 -122.8404472,42.5731557,0 -122.8406743,42.5734054,0 -122.8410422,42.5737894,0 -122.8414261,42.5742040,0 -122.8418548,42.5746492,0 -122.8420243,42.5748683,0 -122.8421011,42.5749767,0 -122.8421715,42.5751039,0 -122.8422354,42.5752617,0 -122.8422706,42.5754125,0 -122.8422853,42.5755350,0 -122.8422904,42.5756952,0 -122.8422981,42.5759379,0 -122.8423045,42.5761380,0 -122.8423141,42.5770355,0 -122.8423237,42.5774289,0 -122.8423333,42.5777893,0 -122.8423461,42.5779448,0 -122.8423781,42.5781333,0 -122.8424165,42.5783311,0 -122.8424931,42.5786486,0 -122.8425763,42.5789548,0 -122.8427714,42.5795908,0 -122.8429314,42.5800996,0 -122.8430881,42.5805967,0 -122.8431489,42.5808157,0 -122.8431649,42.5809500,0 -122.8431681,42.5810866,0 -122.8431425,42.5812162,0 -122.8430785,42.5814140,0 -122.8430273,42.5815789,0 -122.8430050,42.5816967,0 -122.8430050,42.5817980,0 -122.8430145,42.5819181,0 -122.8430433,42.5820359,0 -122.8430913,42.5821701,0 -122.8431585,42.5822855,0 -122.8432225,42.5823750,0 -122.8433249,42.5825022,0 -122.8434345,42.5826364,0 -122.8434921,42.5827330,0 -122.8435497,42.5828413,0 -122.8435912,42.5829591,0 -122.8436136,42.5830557,0 -122.8436232,42.5831734,0 -122.8436168,42.5833053,0 -122.8435976,42.5834231,0 -122.8435625,42.5835432,0 -122.8434953,42.5836775,0 -122.8434089,42.5838165,0 -122.8433257,42.5839083,0 -122.8432553,42.5839766,0 -122.8430890,42.5841109,0 -122.8426987,42.5844053,0 -122.8424428,42.5846032,0 -122.8423020,42.5847280,0 -122.8421677,42.5848528,0 -122.8420653,42.5849659,0 -122.8419565,42.5851143,0 -122.8418894,42.5852203,0 -122.8418382,42.5853263,0 -122.8417902,42.5854652,0 -122.8417439,42.5856108,0 -122.8416846,42.5857973,0 -122.8414066,42.5867198,0 -122.8410809,42.5877757,0 -122.8409390,42.5882991,0 -122.8407302,42.5890689,0 -122.8406170,42.5895164,0 -122.8405651,42.5897217,0 -122.8402507,42.5909324,0 -122.8401014,42.5915353,0 -122.8399973,42.5919166,0 -122.8399249,42.5921264,0 -122.8398729,42.5922447,0 -122.8398297,42.5923310,0 -122.8397619,42.5924459,0 -122.8396895,42.5925425,0 -122.8396564,42.5925825,0 -122.8396329,42.5926108,0 -122.8395673,42.5926874,0 -122.8394723,42.5927840,0 -122.8394056,42.5928491,0 -122.8393683,42.5928856,0 -122.8392031,42.5930321,0 -122.8388322,42.5933535,0 -122.8385087,42.5936349,0 -122.8383956,42.5937482,0 -122.8382870,42.5938714,0 -122.8382033,42.5939746,0 -122.8381355,42.5940762,0 -122.8380857,42.5941711,0 -122.8380450,42.5942627,0 -122.8379997,42.5943876,0 -122.8379703,42.5944909,0 -122.8379002,42.5948039,0 -122.8377170,42.5957115,0 -122.8375134,42.5967072,0 -122.8373053,42.5977630,0 -122.8372035,42.5982492,0 -122.8371628,42.5984640,0 -122.8371243,42.5987054,0 -122.8371130,42.5988686,0 -122.8371221,42.5990334,0 -122.8371402,42.5991617,0 -122.8371650,42.5992649,0 -122.8372080,42.5993898,0 -122.8373076,42.5996245,0 -122.8373755,42.5997644,0 -122.8375204,42.6000655,0 -122.8377826,42.6006103,0 -122.8383301,42.6017392,0 -122.8383815,42.6018774,0 -122.8384019,42.6019473,0 -122.8384177,42.6020206,0 -122.8384170,42.6020472,0 -122.8384155,42.6021088,0 -122.8383974,42.6021921,0 -122.8383612,42.6022670,0 -122.8382978,42.6023502,0 -122.8382413,42.6024085,0 -122.8381350,42.6024934,0 -122.8380354,42.6025451,0 -122.8379223,42.6025850,0 -122.8378296,42.6026067,0 -122.8377188,42.6026150,0 -122.8376147,42.6026117,0 -122.8374925,42.6025933,0 -122.8373410,42.6025467,0 -122.8372188,42.6024918,0 -122.8369497,42.6023369,0 -122.8367845,42.6022487,0 -122.8366895,42.6022021,0 -122.8365734,42.6021627,0 -122.8364775,42.6021368,0 -122.8363783,42.6021179,0 -122.8362599,42.6021062,0 -122.8361000,42.6020991,0 -122.8359496,42.6021015,0 -122.8358025,42.6021250,0 -122.8357161,42.6021462,0 -122.8355599,42.6021918,0 -122.8355306,42.6022004,0 -122.8353674,42.6022639,0 -122.8351339,42.6023675,0 -122.8341319,42.6028493,0 -122.8326920,42.6035567,0 -122.8323187,42.6037401,0 -122.8312255,42.6042754,0 -122.8311331,42.6043206,0 -122.8308376,42.6044653,0 -122.8298123,42.6049674,0 -122.8296200,42.6050606,0 -122.8286505,42.6055297,0 -122.8284053,42.6056483,0 -122.8277253,42.6059746,0 -122.8272290,42.6062128,0 -122.8261689,42.6066928,0 -122.8258618,42.6068164,0 -122.8254939,42.6069706,0 -122.8252972,42.6070601,0 -122.8251644,42.6071331,0 -122.8250860,42.6071825,0 -122.8249677,42.6072732,0 -122.8249343,42.6073055,0 -122.8248717,42.6073662,0 -122.8247693,42.6074827,0 -122.8246701,42.6076099,0 -122.8245934,42.6076899,0 -122.8245102,42.6077653,0 -122.8244142,42.6078394,0 -122.8243071,42.6079077,0 -122.8242456,42.6079416,0 -122.8241919,42.6079713,0 -122.8240687,42.6080290,0 -122.8239568,42.6080725,0 -122.8238240,42.6081149,0 -122.8236653,42.6081611,0 -122.8233710,42.6082247,0 -122.8232688,42.6082440,0 -122.8231902,42.6082588,0 -122.8229887,42.6082942,0 -122.8228783,42.6083212,0 -122.8227823,42.6083589,0 -122.8227168,42.6083930,0 -122.8226576,42.6084295,0 -122.8226048,42.6084790,0 -122.8225328,42.6085496,0 -122.8224065,42.6086897,0 -122.8222657,42.6088216,0 -122.8221585,42.6089181,0 -122.8221137,42.6089640,0 -122.8220482,42.6090393,0 -122.8220018,42.6091182,0 -122.8219698,42.6091971,0 -122.8219474,42.6092866,0 -122.8219314,42.6093749,0 -122.8219234,42.6094890,0 -122.8219378,42.6096774,0 -122.8219426,42.6097975,0 -122.8219442,42.6098728,0 -122.8219378,42.6099434,0 -122.8219186,42.6100047,0 -122.8218706,42.6101271,0 -122.8216867,42.6104732,0 -122.8216083,42.6106474,0 -122.8215715,42.6107545,0 -122.8215587,42.6108157,0 -122.8215592,42.6108691,0 -122.8215683,42.6110173,0 -122.8215864,42.6113703,0 -122.8215841,42.6115384,0 -122.8215660,42.6116250,0 -122.8215411,42.6116849,0 -122.8215004,42.6117348,0 -122.8214738,42.6117582,0 -122.8214529,42.6117765,0 -122.8213919,42.6118181,0 -122.8213240,42.6118536,0 -122.8210825,42.6119737,0 -122.8209946,42.6120202,0 -122.8208601,42.6120914,0 -122.8207738,42.6121432,0 -122.8206922,42.6122021,0 -122.8206266,42.6122609,0 -122.8205370,42.6123634,0 -122.8203771,42.6125811,0 -122.8202411,42.6127612,0 -122.8200812,42.6129390,0 -122.8197789,42.6132462,0 -122.8195453,42.6134781,0 -122.8194055,42.6136067,0 -122.8193342,42.6136723,0 -122.8192558,42.6137394,0 -122.8191759,42.6137983,0 -122.8190723,42.6138578,0 -122.8189773,42.6139044,0 -122.8188574,42.6139427,0 -122.8187534,42.6139660,0 -122.8186606,42.6139777,0 -122.8185792,42.6139843,0 -122.8182693,42.6139860,0 -122.8177920,42.6139877,0 -122.8175929,42.6140010,0 -122.8174572,42.6140126,0 -122.8172423,42.6140376,0 -122.8166383,42.6141242,0 -122.8157448,42.6142457,0 -122.8150300,42.6143356,0 -122.8144532,42.6144155,0 -122.8141071,42.6144505,0 -122.8139261,42.6144771,0 -122.8138783,42.6144860,0 -122.8137565,42.6145087,0 -122.8136366,42.6145453,0 -122.8134850,42.6145953,0 -122.8133606,42.6146486,0 -122.8131548,42.6147534,0 -122.8131315,42.6147651,0 -122.8128992,42.6148816,0 -122.8128245,42.6149160,0 </coordinates></LineString></Placemark><Placemark><name>Rogue River Drive</name><ExtendedData><Data name="featureClass"><value>tertiary</value></Data><Data name="osmType"><value>way</value></Data><Data name="osmId"><value>713190165</value></Data></ExtendedData><LineString><tessellate>1</tessellate><coordinates>-122.8441471,42.5584713,0 -122.8439310,42.5587791,0 </coordinates></LineString></Placemark><Placemark><name>Lake of the Woods Highway</name><ExtendedData><Data name="featureClass"><value>trunk</value></Data><Data name="osmType"><value>way</value></Data><Data name="ref"><value>OR 140</value></Data><Data name="osmId"><value>713843164</value></Data></ExtendedData><LineString><tessellate>1</tessellate><coordinates>-122.7216127,42.4655936,0 -122.7209030,42.4663506,0 </coordinates></LineString></Placemark><Placemark><name>Lake of the Woods Highway</name><ExtendedData><Data name="featureClass"><value>trunk</value></Data><Data name="osmType"><value>way</value></Data><Data name="ref"><value>OR 140</value></Data><Data name="osmId"><value>713843165</value></Data></ExtendedData><LineString><tessellate>1</tessellate><coordinates>-122.7209030,42.4663506,0 -122.7204974,42.4667244,0 -122.7202132,42.4669599,0 -122.7199285,42.4671510,0 -122.7196674,42.4673129,0 -122.7194267,42.4674483,0 -122.7191436,42.4675906,0 -122.7188970,42.4676991,0 -122.7186272,42.4678085,0 -122.7182755,42.4679185,0 -122.7177795,42.4680651,0 -122.7173400,42.4681465,0 -122.7168555,42.4682190,0 -122.7163757,42.4682612,0 -122.7159468,42.4682827,0 -122.7154832,42.4682924,0 -122.7143634,42.4683012,0 -122.7140819,42.4683043,0 -122.7133364,42.4683087,0 -122.7130336,42.4683102,0 -122.7129153,42.4683110,0 -122.7125120,42.4683136,0 -122.7119546,42.4683173,0 -122.7104866,42.4683361,0 -122.7098281,42.4683302,0 -122.7093296,42.4683071,0 -122.7088335,42.4682606,0 -122.7086289,42.4682336,0 </coordinates></LineString></Placemark><Placemark><name>Lake of the Woods Highway</name><ExtendedData><Data name="featureClass"><value>trunk</value></Data><Data name="osmType"><value>way</value></Data><Data name="ref"><value>OR 140</value></Data><Data name="osmId"><value>713843166</value></Data></ExtendedData><LineString><tessellate>1</tessellate><coordinates>-122.7280875,42.4586682,0 -122.7252414,42.4617355,0 -122.7249318,42.4620644,0 -122.7242364,42.4628085,0 -122.7236987,42.4633604,0 -122.7229984,42.4641026,0 -122.7220198,42.4651475,0 -122.7216127,42.4655936,0 </coordinates></LineString></Placemark><Placemark><name>Lake of the Woods Highway</name><ExtendedData><Data name="featureClass"><value>trunk</value></Data><Data name="osmType"><value>way</value></Data><Data name="ref"><value>OR 140</value></Data><Data name="osmId"><value>713843173</value></Data></ExtendedData><LineString><tessellate>1</tessellate><coordinates>-122.7083599,42.4681928,0 -122.7078394,42.4680959,0 -122.7074404,42.4679934,0 -122.7069949,42.4678617,0 -122.7069082,42.4678328,0 -122.7065209,42.4677021,0 -122.7059492,42.4675088,0 -122.7051044,42.4672147,0 -122.7039041,42.4668001,0 -122.7027538,42.4664039,0 -122.6982572,42.4648553,0 -122.6977875,42.4646894,0 -122.6975392,42.4645880,0 -122.6973959,42.4645290,0 -122.6970557,42.4643782,0 -122.6967055,42.4642038,0 -122.6964867,42.4640764,0 -122.6962871,42.4639508,0 -122.6959715,42.4637257,0 -122.6957254,42.4635295,0 -122.6955191,42.4633371,0 -122.6952272,42.4630322,0 -122.6950195,42.4627871,0 -122.6947948,42.4625102,0 -122.6944275,42.4620281,0 -122.6939265,42.4613653,0 -122.6935570,42.4608753,0 -122.6931010,42.4602420,0 -122.6928132,42.4598150,0 -122.6925367,42.4593525,0 -122.6923486,42.4590240,0 -122.6921235,42.4586110,0 -122.6916598,42.4577365,0 -122.6915249,42.4574891,0 -122.6913840,42.4572706,0 -122.6912320,42.4570751,0 -122.6910969,42.4569105,0 -122.6909861,42.4568139,0 -122.6908407,42.4566790,0 -122.6906840,42.4565607,0 -122.6905369,42.4564592,0 -122.6902814,42.4563184,0 -122.6900642,42.4562041,0 -122.6897626,42.4560678,0 -122.6889266,42.4557602,0 -122.6884879,42.4556134,0 -122.6880874,42.4554608,0 -122.6878149,42.4553453,0 -122.6875895,42.4552298,0 -122.6873960,42.4551189,0 -122.6871643,42.4549735,0 -122.6849639,42.4534230,0 -122.6847876,42.4533213,0 -122.6845998,42.4532168,0 -122.6844158,42.4531158,0 -122.6842146,42.4530210,0 -122.6838589,42.4528546,0 -122.6834774,42.4527097,0 -122.6831433,42.4525956,0 -122.6828115,42.4524937,0 -122.6776860,42.4510440,0 -122.6767890,42.4508060,0 -122.6739670,42.4500560,0 -122.6715270,42.4492000,0 -122.6710930,42.4490110,0 -122.6633570,42.4456370,0 -122.6626570,42.4453330,0 -122.6611790,42.4446920,0 -122.6583480,42.4434640,0 -122.6535840,42.4413970,0 -122.6509940,42.4402730,0 -122.6502660,42.4399540,0 -122.6493431,42.4395934,0 -122.6489835,42.4394315,0 </coordinates></LineString></Placemark><Placemark><name>Lake of the Woods Highway</name><ExtendedData><Data name="featureClass"><value>trunk</value></Data><Data name="osmType"><value>way</value></Data><Data name="ref"><value>OR 140</value></Data><Data name="osmId"><value>713843174</value></Data></ExtendedData><LineString><tessellate>1</tessellate><coordinates>-122.7086289,42.4682336,0 -122.7083599,42.4681928,0 </coordinates></LineString></Placemark><Placemark><name>Riley Road</name><ExtendedData><Data name="featureClass"><value>tertiary</value></Data><Data name="osmType"><value>way</value></Data><Data name="osmId"><value>714010001</value></Data></ExtendedData><LineString><tessellate>1</tessellate><coordinates>-122.7823127,42.4402736,0 -122.7822931,42.4425933,0 -122.7823075,42.4436938,0 -122.7823127,42.4444523,0 -122.7823201,42.4455360,0 -122.7823190,42.4459017,0 -122.7823179,42.4462594,0 -122.7823163,42.4468089,0 -122.7823146,42.4473751,0 -122.7822970,42.4505570,0 -122.7822963,42.4510222,0 -122.7822908,42.4525575,0 -122.7822868,42.4536764,0 -122.7822812,42.4543746,0 -122.7822782,42.4546763,0 -122.7822857,42.4548308,0 -122.7823064,42.4549727,0 -122.7823338,42.4550682,0 -122.7823703,42.4551645,0 -122.7824264,42.4552694,0 -122.7824936,42.4553732,0 -122.7825753,42.4554727,0 -122.7826624,42.4555624,0 -122.7827621,42.4556486,0 -122.7829121,42.4557632,0 -122.7837103,42.4563373,0 -122.7838408,42.4564451,0 -122.7839383,42.4565440,0 -122.7840258,42.4566488,0 -122.7841082,42.4567764,0 -122.7841727,42.4568896,0 -122.7842216,42.4570079,0 -122.7842543,42.4571055,0 -122.7842762,42.4571976,0 -122.7842897,42.4572787,0 -122.7843023,42.4574027,0 -122.7843039,42.4575286,0 -122.7842896,42.4576726,0 -122.7842549,42.4579583,0 -122.7840606,42.4592297,0 -122.7840428,42.4594139,0 -122.7840341,42.4595973,0 -122.7840434,42.4597157,0 -122.7840630,42.4598492,0 -122.7840957,42.4599819,0 -122.7841652,42.4601850,0 -122.7842366,42.4603499,0 -122.7843037,42.4604744,0 -122.7843983,42.4606224,0 -122.7844825,42.4607346,0 -122.7845681,42.4608354,0 -122.7846506,42.4609145,0 -122.7848631,42.4611044,0 -122.7852118,42.4614159,0 -122.7853082,42.4615021,0 -122.7865924,42.4626495,0 -122.7867757,42.4628133,0 -122.7869019,42.4629200,0 -122.7870204,42.4630117,0 -122.7871721,42.4631082,0 -122.7873163,42.4631841,0 -122.7875554,42.4632866,0 -122.7877110,42.4633590,0 -122.7878599,42.4634358,0 -122.7879900,42.4635107,0 -122.7881118,42.4635917,0 -122.7882247,42.4636778,0 -122.7883539,42.4637885,0 -122.7884518,42.4638842,0 -122.7885349,42.4639851,0 -122.7886169,42.4641090,0 -122.7886777,42.4642163,0 -122.7887274,42.4643264,0 -122.7887575,42.4644099,0 -122.7887752,42.4644650,0 -122.7887997,42.4645557,0 -122.7890504,42.4659549,0 -122.7892185,42.4669263,0 -122.7892869,42.4672942,0 -122.7892962,42.4673445,0 </coordinates></LineString></Placemark><Placemark><name>Lake of the Woods Highway</name><ExtendedData><Data name="featureClass"><value>trunk</value></Data><Data name="osmType"><value>way</value></Data><Data name="ref"><value>OR 140</value></Data><Data name="osmId"><value>714010011</value></Data></ExtendedData><LineString><tessellate>1</tessellate><coordinates>-122.7581353,42.4372907,0 -122.7576040,42.4376150,0 -122.7509760,42.4419140,0 -122.7403040,42.4488370,0 -122.7384555,42.4500302,0 -122.7343920,42.4526530,0 -122.7324327,42.4540716,0 -122.7321943,42.4542984,0 -122.7321058,42.4543826,0 -122.7317794,42.4547086,0 -122.7314874,42.4550172,0 -122.7304256,42.4561531,0 -122.7280875,42.4586682,0 </coordinates></LineString></Placemark><Placemark><name>Meridian Road</name><ExtendedData><Data name="featureClass"><value>tertiary</value></Data><Data name="osmType"><value>way</value></Data><Data name="osmId"><value>714010013</value></Data></ExtendedData><LineString><tessellate>1</tessellate><coordinates>-122.7576601,42.4368835,0 -122.7576040,42.4376150,0 -122.7575770,42.4420100,0 -122.7575450,42.4473110,0 -122.7576190,42.4510370,0 -122.7576320,42.4531180,0 -122.7576900,42.4630480,0 -122.7576740,42.4650540,0 -122.7576618,42.4662010,0 -122.7576656,42.4662589,0 -122.7576784,42.4663375,0 -122.7577024,42.4664047,0 -122.7577436,42.4664662,0 -122.7578163,42.4665349,0 -122.7578818,42.4665787,0 -122.7579487,42.4666085,0 </coordinates></LineString></Placemark><Placemark><name>East Evans Creek Road</name><ExtendedData><Data name="featureClass"><value>tertiary</value></Data><Data name="osmType"><value>way</value></Data><Data name="osmId"><value>720355371</value></Data></ExtendedData><LineString><tessellate>1</tessellate><coordinates>-122.9532747,42.6075407,0 -122.9532033,42.6076245,0 -122.9529167,42.6079670,0 -122.9526199,42.6083269,0 -122.9523097,42.6086942,0 -122.9518207,42.6092626,0 -122.9515940,42.6095337,0 -122.9514085,42.6097645,0 -122.9513074,42.6099035,0 -122.9512568,42.6100052,0 -122.9512163,42.6101020,0 -122.9511758,42.6102063,0 -122.9511489,42.6103701,0 -122.9511320,42.6105438,0 -122.9511084,42.6110302,0 -122.9510713,42.6118095,0 -122.9510174,42.6128246,0 -122.9510005,42.6131795,0 -122.9509735,42.6133135,0 -122.9509263,42.6135220,0 -122.9508723,42.6137056,0 -122.9507982,42.6138744,0 -122.9506295,42.6142491,0 -122.9503598,42.6148423,0 -122.9500394,42.6155769,0 -122.9497899,42.6161352,0 -122.9497325,42.6163065,0 -122.9496921,42.6164802,0 -122.9496482,42.6166663,0 -122.9496111,42.6168921,0 -122.9495133,42.6174877,0 -122.9494358,42.6181056,0 -122.9493570,42.6187834,0 -122.9492997,42.6193988,0 -122.9492592,42.6198182,0 -122.9492087,42.6203963,0 -122.9491547,42.6209150,0 -122.9491311,42.6210515,0 -122.9491041,42.6211631,0 -122.9490266,42.6213914,0 -122.9489254,42.6216272,0 -122.9488613,42.6217711,0 -122.9488141,42.6218554,0 -122.9487004,42.6220285,0 -122.9483294,42.6225645,0 -122.9479686,42.6230658,0 -122.9475977,42.6235620,0 -122.9475100,42.6237010,0 -122.9474661,42.6238201,0 -122.9474493,42.6239293,0 -122.9474493,42.6240285,0 -122.9474628,42.6241377,0 -122.9474931,42.6242717,0 -122.9475707,42.6245149,0 -122.9477494,42.6250037,0 -122.9478539,42.6252419,0 -122.9480057,42.6255620,0 -122.9483665,42.6262667,0 -122.9485925,42.6267431,0 -122.9486835,42.6269713,0 -122.9487240,42.6270879,0 -122.9487712,42.6273038,0 -122.9487948,42.6274701,0 -122.9488088,42.6276547,0 -122.9488055,42.6278482,0 -122.9487717,42.6280988,0 -122.9487043,42.6285876,0 -122.9486503,42.6290540,0 -122.9486267,42.6292674,0 -122.9485627,42.6297711,0 -122.9485188,42.6301805,0 -122.9485155,42.6303889,0 -122.9485155,42.6305750,0 -122.9485222,42.6307189,0 -122.9485424,42.6309645,0 -122.9485964,42.6313391,0 -122.9486638,42.6318353,0 -122.9486841,42.6320834,0 -122.9486773,42.6322001,0 -122.9486537,42.6324134,0 -122.9486335,42.6326243,0 -122.9486326,42.6327822,0 -122.9486495,42.6329484,0 -122.9486832,42.6331469,0 -122.9487844,42.6336257,0 -122.9488754,42.6339631,0 -122.9489327,42.6341144,0 -122.9489968,42.6342335,0 -122.9490811,42.6343402,0 -122.9492700,42.6345684,0 -122.9496645,42.6350249,0 -122.9503659,42.6359255,0 -122.9508212,42.6365407,0 -122.9508988,42.6366648,0 -122.9509561,42.6367913,0 -122.9510202,42.6369575,0 -122.9511921,42.6374363,0 -122.9513135,42.6377936,0 -122.9513540,42.6379598,0 -122.9513641,42.6380913,0 -122.9513473,42.6382575,0 -122.9513203,42.6383741,0 -122.9512765,42.6384907,0 -122.9512292,42.6385874,0 -122.9511348,42.6387313,0 -122.9510168,42.6389099,0 -122.9509561,42.6390067,0 -122.9509190,42.6390960,0 -122.9508988,42.6391977,0 -122.9508844,42.6392829,0 -122.9508819,42.6393044,0 -122.9508718,42.6395425,0 -122.9508650,42.6402867,0 -122.9508718,42.6405273,0 -122.9508920,42.6407655,0 -122.9509359,42.6410929,0 -122.9510033,42.6416833,0 -122.9510161,42.6418938,0 -122.9510114,42.6423218,0 -122.9509923,42.6432725,0 -122.9509935,42.6434304,0 -122.9509968,42.6438652,0 -122.9509971,42.6438969,0 -122.9509875,42.6446967,0 -122.9509971,42.6456860,0 -122.9510018,42.6470576,0 -122.9510066,42.6472505,0 -122.9510114,42.6473803,0 -122.9510304,42.6475206,0 -122.9510686,42.6476679,0 -122.9511258,42.6478293,0 -122.9512117,42.6479976,0 -122.9513261,42.6481555,0 -122.9514883,42.6483730,0 -122.9519270,42.6489518,0 -122.9524469,42.6496147,0 -122.9525899,42.6498076,0 -122.9526567,42.6499409,0 -122.9527044,42.6501058,0 -122.9527187,42.6502461,0 -122.9527044,42.6503654,0 -122.9526758,42.6504846,0 -122.9526281,42.6505864,0 -122.9525661,42.6506986,0 -122.9524659,42.6508284,0 -122.9522847,42.6510178,0 -122.9518841,42.6514001,0 -122.9511640,42.6520876,0 -122.9510590,42.6521887,0 -122.9506537,42.6525787,0 -122.9503771,42.6528979,0 -122.9502102,42.6530838,0 -122.9500766,42.6532100,0 -122.9499717,42.6532872,0 -122.9496952,42.6534917,0 -122.9490037,42.6540038,0 -122.9483170,42.6545124,0 -122.9479164,42.6548596,0 -122.9477248,42.6550673,0 -122.9476445,42.6551543,0 -122.9475301,42.6553437,0 -122.9474347,42.6555436,0 -122.9473679,42.6557645,0 -122.9473155,42.6559329,0 -122.9472630,42.6562766,0 -122.9472630,42.6565362,0 -122.9472609,42.6567126,0 -122.9472418,42.6568249,0 -122.9472132,42.6569266,0 -122.9471560,42.6570178,0 -122.9470367,42.6571440,0 -122.9467983,42.6573229,0 -122.9465217,42.6574983,0 -122.9463166,42.6575965,0 -122.9454582,42.6579437,0 -122.9452197,42.6580594,0 -122.9449813,42.6582102,0 -122.9446284,42.6584592,0 -122.9444805,42.6585364,0 </coordinates></LineString></Placemark><Placemark><name>Bigham Brown Road</name><ExtendedData><Data name="featureClass"><value>secondary</value></Data><Data name="osmType"><value>way</value></Data><Data name="osmId"><value>759264368</value></Data></ExtendedData><LineString><tessellate>1</tessellate><coordinates>-122.8019172,42.4445075,0 -122.8018950,42.4449550,0 -122.8018900,42.4461540,0 -122.8018880,42.4468080,0 -122.8018230,42.4519460,0 -122.8018449,42.4536984,0 -122.8018372,42.4545366,0 -122.8018361,42.4546528,0 </coordinates></LineString></Placemark><Placemark><name>Crater Lake Highway</name><ExtendedData><Data name="featureClass"><value>primary</value></Data><Data name="osmType"><value>way</value></Data><Data name="ref"><value>OR 62</value></Data><Data name="osmId"><value>759264370</value></Data></ExtendedData><LineString><tessellate>1</tessellate><coordinates>-122.8203885,42.4548558,0 -122.8202279,42.4551203,0 -122.8198105,42.4558081,0 -122.8197296,42.4559413,0 -122.8197205,42.4559563,0 -122.8183469,42.4582488,0 -122.8168929,42.4606256,0 -122.8165221,42.4612472,0 -122.8161150,42.4619140,0 -122.8160720,42.4619833,0 </coordinates></LineString></Placemark><Placemark><name>Brownsboro Highway</name><ExtendedData><Data name="featureClass"><value>primary</value></Data><Data name="osmType"><value>way</value></Data><Data name="osmId"><value>767723271</value></Data></ExtendedData><LineString><tessellate>1</tessellate><coordinates>-122.7365612,42.4762576,0 -122.7362974,42.4761170,0 -122.7360235,42.4760045,0 -122.7348254,42.4756541,0 -122.7346097,42.4755742,0 -122.7339498,42.4752540,0 -122.7337559,42.4751794,0 -122.7335195,42.4751074,0 -122.7332282,42.4750519,0 -122.7325608,42.4749999,0 -122.7317731,42.4749444,0 -122.7314970,42.4749080,0 -122.7312356,42.4748435,0 -122.7310041,42.4747470,0 -122.7308283,42.4746384,0 -122.7306063,42.4744580,0 -122.7300435,42.4739431,0 -122.7299036,42.4738078,0 -122.7298279,42.4737093,0 -122.7297527,42.4735886,0 -122.7296959,42.4734389,0 -122.7296645,42.4732812,0 -122.7296200,42.4724820,0 -122.7295860,42.4723087,0 -122.7295389,42.4721386,0 -122.7294286,42.4719459,0 -122.7293165,42.4717989,0 -122.7291528,42.4716520,0 -122.7289150,42.4714870,0 -122.7286237,42.4713468,0 -122.7283110,42.4712478,0 -122.7280613,42.4712089,0 -122.7277729,42.4711794,0 -122.7275725,42.4711466,0 -122.7273976,42.4711069,0 -122.7271501,42.4710301,0 -122.7258390,42.4705022,0 -122.7251906,42.4702491,0 -122.7249081,42.4701581,0 -122.7238958,42.4698928,0 -122.7234578,42.4697824,0 -122.7228584,42.4696313,0 -122.7213623,42.4692427,0 -122.7195973,42.4687843,0 -122.7185804,42.4685253,0 -122.7184154,42.4684806,0 -122.7182117,42.4684131,0 -122.7180477,42.4683261,0 -122.7179128,42.4682303,0 -122.7178265,42.4681358,0 -122.7177795,42.4680651,0 </coordinates></LineString></Placemark><Placemark><name>Brownsboro Highway</name><ExtendedData><Data name="featureClass"><value>primary</value></Data><Data name="osmType"><value>way</value></Data><Data name="osmId"><value>767723272</value></Data></ExtendedData><LineString><tessellate>1</tessellate><coordinates>-122.7367893,42.4763847,0 -122.7365612,42.4762576,0 </coordinates></LineString></Placemark><Placemark><name>Hannon Road</name><ExtendedData><Data name="featureClass"><value>tertiary</value></Data><Data name="osmType"><value>way</value></Data><Data name="osmId"><value>896227590</value></Data></ExtendedData><LineString><tessellate>1</tessellate><coordinates>-122.8136329,42.4717219,0 -122.8137679,42.4716099,0 -122.8138773,42.4715078,0 -122.8139749,42.4713949,0 -122.8141929,42.4711202,0 -122.8149882,42.4701181,0 -122.8151627,42.4699030,0 -122.8152328,42.4697930,0 -122.8152927,42.4696820,0 </coordinates></LineString></Placemark><Placemark><name>West Linn Road</name><ExtendedData><Data name="featureClass"><value>tertiary</value></Data><Data name="osmType"><value>way</value></Data><Data name="osmId"><value>896227593</value></Data></ExtendedData><LineString><tessellate>1</tessellate><coordinates>-122.8120634,42.4723082,0 -122.8122356,42.4722852,0 -122.8124096,42.4722600,0 -122.8125451,42.4722338,0 -122.8126690,42.4722068,0 -122.8127995,42.4721737,0 -122.8129613,42.4721220,0 -122.8131055,42.4720671,0 -122.8132296,42.4719728,0 </coordinates></LineString></Placemark><Placemark><name>Reese Creek Road</name><ExtendedData><Data name="featureClass"><value>tertiary</value></Data><Data name="osmType"><value>way</value></Data><Data name="osmId"><value>896227596</value></Data></ExtendedData><LineString><tessellate>1</tessellate><coordinates>-122.7920538,42.4776630,0 -122.7920879,42.4788690,0 -122.7921193,42.4818083,0 </coordinates></LineString></Placemark><Placemark><name>Brownsboro Highway</name><ExtendedData><Data name="featureClass"><value>primary</value></Data><Data name="osmType"><value>way</value></Data><Data name="osmId"><value>896227597</value></Data></ExtendedData><LineString><tessellate>1</tessellate><coordinates>-122.7952931,42.4762308,0 -122.7946744,42.4765504,0 -122.7943067,42.4767298,0 -122.7939530,42.4768868,0 -122.7928759,42.4773295,0 -122.7920538,42.4776630,0 </coordinates></LineString></Placemark><Placemark><name>Main Street West</name><ExtendedData><Data name="featureClass"><value>tertiary</value></Data><Data name="osmType"><value>way</value></Data><Data name="osmId"><value>896227598</value></Data></ExtendedData><LineString><tessellate>1</tessellate><coordinates>-122.8007390,42.4721372,0 -122.8008750,42.4721948,0 -122.8009878,42.4722426,0 </coordinates></LineString></Placemark><Placemark><name>Nick Young Road</name><ExtendedData><Data name="featureClass"><value>tertiary</value></Data><Data name="osmType"><value>way</value></Data><Data name="osmId"><value>896227604</value></Data></ExtendedData><LineString><tessellate>1</tessellate><coordinates>-122.8173452,42.4633818,0 -122.8165780,42.4633910,0 -122.8163000,42.4633970,0 -122.8159367,42.4634061,0 </coordinates></LineString></Placemark><Placemark><name>Crater Lake Highway</name><ExtendedData><Data name="featureClass"><value>primary</value></Data><Data name="osmType"><value>way</value></Data><Data name="ref"><value>OR 62</value></Data><Data name="osmId"><value>896227605</value></Data></ExtendedData><LineString><tessellate>1</tessellate><coordinates>-122.8152141,42.4634199,0 -122.8150910,42.4636249,0 -122.8149973,42.4637808,0 -122.8145952,42.4644506,0 -122.8140712,42.4653232,0 -122.8139538,42.4655188,0 -122.8138258,42.4657320,0 -122.8135895,42.4661445,0 -122.8134221,42.4664485,0 -122.8132629,42.4667551,0 -122.8131113,42.4670653,0 -122.8129707,42.4673771,0 -122.8128352,42.4676922,0 -122.8127093,42.4680109,0 -122.8125942,42.4683284,0 -122.8124881,42.4686478,0 -122.8123115,42.4692548,0 -122.8122228,42.4696136,0 -122.8121465,42.4699770,0 -122.8120840,42.4703093,0 -122.8120321,42.4706445,0 -122.8119919,42.4709817,0 -122.8119621,42.4713160,0 </coordinates></LineString></Placemark><Placemark><name>Tiller Trail Highway</name><ExtendedData><Data name="featureClass"><value>secondary</value></Data><Data name="osmType"><value>way</value></Data><Data name="ref"><value>CR 1</value></Data><Data name="osmId"><value>899389647</value></Data></ExtendedData><LineString><tessellate>1</tessellate><coordinates>-122.8686395,42.7746630,0 -122.8685617,42.7747796,0 -122.8681390,42.7752598,0 -122.8659036,42.7773505,0 -122.8655608,42.7777065,0 -122.8654267,42.7779745,0 -122.8653893,42.7781500,0 -122.8653756,42.7783354,0 -122.8653914,42.7786423,0 -122.8654512,42.7788456,0 -122.8655309,42.7790299,0 -122.8656784,42.7792185,0 -122.8660888,42.7795900,0 -122.8665351,42.7799468,0 -122.8666806,42.7801150,0 -122.8667802,42.7802861,0 -122.8668619,42.7805113,0 -122.8668937,42.7806999,0 -122.8668180,42.7813171,0 -122.8668340,42.7816008,0 -122.8668718,42.7817587,0 -122.8669316,42.7818888,0 -122.8670432,42.7820570,0 -122.8673241,42.7823115,0 -122.8674994,42.7824124,0 -122.8682928,42.7826918,0 -122.8687407,42.7829224,0 -122.8689461,42.7830824,0 -122.8690399,42.7831835,0 -122.8691929,42.7833997,0 -122.8692753,42.7836185,0 -122.8693094,42.7838125,0 -122.8692988,42.7839031,0 -122.8692408,42.7841090,0 -122.8691860,42.7842293,0 -122.8687174,42.7849192,0 -122.8684943,42.7853533,0 -122.8683919,42.7856104,0 -122.8683462,42.7857805,0 -122.8683405,42.7861878,0 -122.8682333,42.7873469,0 -122.8682397,42.7875890,0 -122.8684350,42.7887812,0 -122.8686294,42.7895266,0 -122.8689000,42.7902672,0 -122.8692548,42.7909124,0 -122.8694583,42.7912318,0 -122.8695456,42.7914503,0 -122.8695556,42.7917224,0 -122.8694788,42.7921500,0 -122.8692450,42.7928675,0 -122.8688251,42.7945816,0 -122.8687252,42.7951243,0 -122.8686673,42.7956826,0 -122.8685969,42.7961022,0 -122.8684711,42.7965435,0 -122.8683703,42.7968189,0 -122.8681254,42.7973046,0 -122.8679843,42.7975117,0 -122.8672575,42.7983245,0 -122.8670318,42.7987076,0 -122.8668768,42.7991271,0 -122.8668430,42.7992903,0 -122.8668360,42.7996067,0 -122.8667707,42.8004626,0 -122.8668191,42.8006519,0 -122.8669006,42.8008183,0 -122.8670600,42.8010113,0 -122.8672841,42.8012072,0 -122.8676165,42.8014531,0 -122.8690139,42.8022800,0 -122.8694084,42.8025529,0 -122.8696077,42.8027444,0 -122.8699868,42.8031797,0 -122.8701501,42.8034532,0 -122.8702211,42.8036119,0 -122.8702611,42.8037763,0 -122.8703129,42.8043598,0 -122.8702974,42.8047961,0 -122.8701941,42.8056802,0 -122.8701837,42.8060966,0 -122.8702772,42.8066185,0 -122.8703705,42.8068608,0 -122.8706025,42.8072624,0 -122.8714023,42.8081567,0 -122.8716048,42.8085098,0 -122.8716809,42.8086844,0 </coordinates></LineString></Placemark><Placemark><name>South Shasta Avenue</name><ExtendedData><Data name="featureClass"><value>tertiary</value></Data><Data name="osmType"><value>way</value></Data><Data name="osmId"><value>935897442</value></Data></ExtendedData><LineString><tessellate>1</tessellate><coordinates>-122.8011523,42.4707739,0 -122.8010630,42.4708364,0 -122.8009254,42.4709327,0 -122.8001817,42.4714519,0 -122.7999923,42.4715842,0 -122.7999264,42.4716302,0 </coordinates></LineString></Placemark><Placemark><name>Lava Street</name><ExtendedData><Data name="featureClass"><value>secondary</value></Data><Data name="osmType"><value>way</value></Data><Data name="osmId"><value>935897443</value></Data></ExtendedData><LineString><tessellate>1</tessellate><coordinates>-122.8013470,42.4710497,0 -122.8012155,42.4708634,0 -122.8011523,42.4707739,0 </coordinates></LineString></Placemark><Placemark><name>West Linn Road</name><ExtendedData><Data name="featureClass"><value>tertiary</value></Data><Data name="osmType"><value>way</value></Data><Data name="osmId"><value>935897445</value></Data></ExtendedData><LineString><tessellate>1</tessellate><coordinates>-122.8138326,42.4728007,0 -122.8139049,42.4729064,0 -122.8139545,42.4729617,0 -122.8140310,42.4730284,0 -122.8141060,42.4730833,0 -122.8141752,42.4731228,0 -122.8142868,42.4731667,0 -122.8144600,42.4732210,0 -122.8145863,42.4732448,0 -122.8147096,42.4732580,0 -122.8149001,42.4732610,0 -122.8150750,42.4732509,0 -122.8151520,42.4732427,0 -122.8152834,42.4732288,0 -122.8154423,42.4732036,0 -122.8156950,42.4731520,0 -122.8158730,42.4731070,0 -122.8163030,42.4729870,0 -122.8164860,42.4729290,0 -122.8166710,42.4728780,0 -122.8168130,42.4728470,0 -122.8170320,42.4728110,0 -122.8171640,42.4728000,0 -122.8172280,42.4727950,0 -122.8196000,42.4727840,0 -122.8219090,42.4728000,0 </coordinates></LineString></Placemark><Placemark><name>Crystal Drive</name><ExtendedData><Data name="featureClass"><value>tertiary</value></Data><Data name="osmType"><value>way</value></Data><Data name="osmId"><value>935897448</value></Data></ExtendedData><LineString><tessellate>1</tessellate><coordinates>-122.7987300,42.4801100,0 -122.7984032,42.4801075,0 -122.7982000,42.4801060,0 -122.7980670,42.4801090,0 -122.7979560,42.4801437,0 -122.7969000,42.4808180,0 </coordinates></LineString></Placemark><Placemark><name>Sienna Hills Drive</name><ExtendedData><Data name="featureClass"><value>tertiary</value></Data><Data name="osmType"><value>way</value></Data><Data name="osmId"><value>935897449</value></Data></ExtendedData><LineString><tessellate>1</tessellate><coordinates>-122.8077085,42.4823911,0 -122.8075448,42.4822322,0 -122.8074770,42.4821277,0 -122.8074216,42.4819050,0 -122.8074171,42.4812347,0 -122.8074147,42.4805147,0 -122.8074092,42.4800490,0 </coordinates></LineString></Placemark><Placemark><name>Alta Vista Road</name><ExtendedData><Data name="featureClass"><value>tertiary</value></Data><Data name="osmType"><value>way</value></Data><Data name="osmId"><value>935897452</value></Data></ExtendedData><LineString><tessellate>1</tessellate><coordinates>-122.7978374,42.4546000,0 -122.8011172,42.4546027,0 -122.8014343,42.4546030,0 -122.8016044,42.4546127,0 -122.8017275,42.4546307,0 -122.8018361,42.4546528,0 </coordinates></LineString></Placemark><Placemark><name>Robert Trent Jones Jr. Boulevard</name><ExtendedData><Data name="featureClass"><value>tertiary</value></Data><Data name="osmType"><value>way</value></Data><Data name="osmId"><value>935897454</value></Data></ExtendedData><LineString><tessellate>1</tessellate><coordinates>-122.7922725,42.4654606,0 -122.7922835,42.4669140,0 -122.7922945,42.4673413,0 </coordinates></LineString></Placemark><Placemark><name>Arrowhead Trail</name><ExtendedData><Data name="featureClass"><value>tertiary</value></Data><Data name="osmType"><value>way</value></Data><Data name="osmId"><value>935897455</value></Data></ExtendedData><LineString><tessellate>1</tessellate><coordinates>-122.8053314,42.4640388,0 -122.8053543,42.4639841,0 -122.8053751,42.4639126,0 -122.8053976,42.4638337,0 -122.8054239,42.4637647,0 -122.8054644,42.4636867,0 -122.8055163,42.4636106,0 -122.8055729,42.4635402,0 -122.8056373,42.4634764,0 -122.8057098,42.4634156,0 -122.8057836,42.4633618,0 -122.8058563,42.4633166,0 -122.8059352,42.4632758,0 -122.8060132,42.4632405,0 -122.8061166,42.4632020,0 </coordinates></LineString></Placemark><Placemark><name>Old Highway 62</name><ExtendedData><Data name="featureClass"><value>tertiary</value></Data><Data name="osmType"><value>way</value></Data><Data name="osmId"><value>935897456</value></Data></ExtendedData><LineString><tessellate>1</tessellate><coordinates>-122.8129905,42.4643257,0 -122.8128527,42.4644148,0 -122.8127227,42.4645094,0 -122.8126302,42.4645876,0 -122.8125329,42.4646771,0 -122.8124353,42.4647841,0 -122.8123406,42.4649031,0 -122.8122496,42.4650381,0 -122.8121900,42.4651443,0 -122.8121495,42.4652416,0 -122.8121116,42.4653512,0 -122.8120745,42.4654858,0 -122.8120526,42.4656056,0 -122.8120427,42.4657557,0 -122.8120398,42.4660321,0 -122.8120301,42.4662282,0 </coordinates></LineString></Placemark><Placemark><name>Stevens Road</name><ExtendedData><Data name="featureClass"><value>tertiary</value></Data><Data name="osmType"><value>way</value></Data><Data name="osmId"><value>935897457</value></Data></ExtendedData><LineString><tessellate>1</tessellate><coordinates>-122.7943074,42.4673403,0 -122.7944858,42.4673399,0 -122.7973658,42.4673343,0 -122.7973941,42.4673342,0 -122.7979177,42.4673370,0 -122.7979962,42.4673483,0 -122.7980642,42.4673707,0 -122.7981245,42.4674034,0 -122.7981846,42.4674534,0 -122.7982125,42.4674907,0 -122.7982308,42.4675334,0 -122.7982420,42.4675884,0 -122.7982441,42.4676648,0 -122.7982413,42.4679502,0 -122.7982402,42.4683229,0 -122.7982367,42.4683997,0 -122.7982237,42.4684615,0 -122.7982019,42.4685160,0 -122.7981517,42.4685860,0 -122.7980776,42.4686515,0 -122.7979879,42.4687064,0 -122.7976647,42.4688855,0 -122.7975522,42.4689616,0 -122.7974239,42.4690620,0 -122.7972357,42.4692143,0 -122.7971858,42.4692711,0 -122.7971569,42.4693221,0 -122.7971464,42.4693755,0 -122.7971493,42.4694249,0 -122.7971630,42.4694705,0 -122.7971865,42.4695120,0 -122.7972210,42.4695510,0 </coordinates></LineString></Placemark><Placemark><name>Crater Lake Highway</name><ExtendedData><Data name="featureClass"><value>primary</value></Data><Data name="osmType"><value>way</value></Data><Data name="ref"><value>OR 62</value></Data><Data name="osmId"><value>1018427037</value></Data></ExtendedData><LineString><tessellate>1</tessellate><coordinates>-122.8223481,42.4518490,0 -122.8221750,42.4520995,0 </coordinates></LineString></Placemark><Placemark><name>Crater Lake Highway</name><ExtendedData><Data name="featureClass"><value>primary</value></Data><Data name="osmType"><value>way</value></Data><Data name="ref"><value>OR 62</value></Data><Data name="osmId"><value>1086666091</value></Data></ExtendedData><LineString><tessellate>1</tessellate><coordinates>-122.8162371,42.4620166,0 -122.8165668,42.4614780,0 -122.8167254,42.4612170,0 -122.8168326,42.4610406,0 -122.8170789,42.4606350,0 -122.8178961,42.4592557,0 -122.8184297,42.4583745,0 -122.8185247,42.4582176,0 -122.8195572,42.4565025,0 </coordinates></LineString></Placemark><Placemark><name>Crater Lake Highway</name><ExtendedData><Data name="featureClass"><value>primary</value></Data><Data name="osmType"><value>way</value></Data><Data name="ref"><value>OR 62</value></Data><Data name="osmId"><value>1086666093</value></Data></ExtendedData><LineString><tessellate>1</tessellate><coordinates>-122.8120634,42.4723082,0 -122.8120652,42.4722398,0 -122.8120700,42.4720633,0 -122.8120829,42.4718533,0 -122.8121050,42.4714962,0 -122.8121428,42.4711475,0 -122.8121855,42.4707978,0 -122.8122355,42.4704480,0 -122.8122965,42.4701002,0 -122.8123651,42.4697544,0 -122.8124484,42.4694075,0 -122.8125392,42.4690631,0 -122.8126359,42.4687198,0 -122.8127373,42.4683825,0 -122.8128534,42.4680474,0 -122.8129797,42.4677142,0 -122.8131210,42.4673847,0 -122.8132690,42.4670622,0 -122.8134280,42.4667405,0 -122.8135950,42.4664217,0 -122.8137712,42.4661073,0 -122.8139420,42.4658087,0 -122.8149398,42.4641571,0 </coordinates></LineString></Placemark><Placemark><name>Crater Lake Highway</name><ExtendedData><Data name="featureClass"><value>primary</value></Data><Data name="osmType"><value>way</value></Data><Data name="ref"><value>OR 62</value></Data><Data name="osmId"><value>1086666094</value></Data></ExtendedData><LineString><tessellate>1</tessellate><coordinates>-122.8159704,42.4624502,0 -122.8162371,42.4620166,0 </coordinates></LineString></Placemark><Placemark><name>Crater Lake Highway</name><ExtendedData><Data name="featureClass"><value>primary</value></Data><Data name="osmType"><value>way</value></Data><Data name="ref"><value>OR 62</value></Data><Data name="osmId"><value>1086666095</value></Data></ExtendedData><LineString><tessellate>1</tessellate><coordinates>-122.8158120,42.4624152,0 -122.8156593,42.4626784,0 -122.8152141,42.4634199,0 </coordinates></LineString></Placemark><Placemark><name>Crater Lake Highway</name><ExtendedData><Data name="featureClass"><value>primary</value></Data><Data name="osmType"><value>way</value></Data><Data name="ref"><value>OR 62</value></Data><Data name="osmId"><value>1086666096</value></Data></ExtendedData><LineString><tessellate>1</tessellate><coordinates>-122.8199507,42.4558482,0 -122.8201615,42.4555000,0 -122.8212095,42.4537696,0 -122.8212368,42.4535878,0 </coordinates></LineString></Placemark><Placemark><name>Crater Lake Highway</name><ExtendedData><Data name="featureClass"><value>primary</value></Data><Data name="osmType"><value>way</value></Data><Data name="ref"><value>OR 62</value></Data><Data name="osmId"><value>1117082771</value></Data></ExtendedData><LineString><tessellate>1</tessellate><coordinates>-122.8079830,42.6241840,0 -122.8078092,42.6250448,0 -122.8073054,42.6269069,0 -122.8069884,42.6279350,0 -122.8067860,42.6286300,0 -122.8067570,42.6288780,0 -122.8068050,42.6291420,0 -122.8071277,42.6300576,0 </coordinates></LineString></Placemark><Placemark><name>Crater Lake Highway</name><ExtendedData><Data name="featureClass"><value>primary</value></Data><Data name="osmType"><value>way</value></Data><Data name="ref"><value>OR 62</value></Data><Data name="osmId"><value>1117082772</value></Data></ExtendedData><LineString><tessellate>1</tessellate><coordinates>-122.8118873,42.6150580,0 -122.8118493,42.6151836,0 -122.8117597,42.6154846,0 -122.8116497,42.6157529,0 -122.8115437,42.6159863,0 -122.8114013,42.6162789,0 -122.8112321,42.6166478,0 -122.8110975,42.6169478,0 -122.8110553,42.6170466,0 -122.8107532,42.6177003,0 -122.8107067,42.6178011,0 -122.8105689,42.6180996,0 -122.8104740,42.6183053,0 </coordinates></LineString></Placemark><Placemark><name>Crater Lake Highway</name><ExtendedData><Data name="featureClass"><value>primary</value></Data><Data name="osmType"><value>way</value></Data><Data name="ref"><value>OR 62</value></Data><Data name="osmId"><value>1117082773</value></Data></ExtendedData><LineString><tessellate>1</tessellate><coordinates>-122.8120401,42.6142513,0 -122.8119164,42.6149030,0 -122.8118873,42.6150580,0 </coordinates></LineString></Placemark><Placemark><name>Rogue River Drive</name><ExtendedData><Data name="featureClass"><value>tertiary</value></Data><Data name="osmType"><value>way</value></Data><Data name="osmId"><value>1117082774</value></Data></ExtendedData><LineString><tessellate>1</tessellate><coordinates>-122.8128245,42.6149160,0 -122.8127906,42.6149316,0 -122.8126526,42.6149782,0 -122.8125033,42.6150198,0 -122.8123495,42.6150481,0 -122.8122273,42.6150597,0 -122.8120742,42.6150670,0 -122.8120068,42.6150638,0 -122.8118873,42.6150580,0 </coordinates></LineString></Placemark><Placemark><name>East Main Street</name><ExtendedData><Data name="featureClass"><value>tertiary</value></Data><Data name="osmType"><value>way</value></Data><Data name="osmId"><value>1177331050</value></Data></ExtendedData><LineString><tessellate>1</tessellate><coordinates>-122.7986128,42.4706335,0 -122.7986728,42.4706796,0 -122.7992509,42.4711236,0 -122.7993671,42.4712108,0 -122.7995346,42.4713360,0 -122.7998500,42.4715728,0 -122.7999264,42.4716302,0 </coordinates></LineString></Placemark><Placemark><name>Stevens Road</name><ExtendedData><Data name="featureClass"><value>tertiary</value></Data><Data name="osmType"><value>way</value></Data><Data name="osmId"><value>1177331051</value></Data></ExtendedData><LineString><tessellate>1</tessellate><coordinates>-122.7892962,42.4673445,0 -122.7895563,42.4673448,0 -122.7901093,42.4673453,0 -122.7914541,42.4673428,0 -122.7922945,42.4673413,0 </coordinates></LineString></Placemark><Placemark><name>Stevens Road</name><ExtendedData><Data name="featureClass"><value>tertiary</value></Data><Data name="osmType"><value>way</value></Data><Data name="osmId"><value>1177331052</value></Data></ExtendedData><LineString><tessellate>1</tessellate><coordinates>-122.7922945,42.4673413,0 -122.7933180,42.4673370,0 -122.7933690,42.4673370,0 -122.7938234,42.4673386,0 -122.7943074,42.4673403,0 </coordinates></LineString></Placemark><Placemark><name>East Evans Creek Road</name><ExtendedData><Data name="featureClass"><value>secondary</value></Data><Data name="osmType"><value>way</value></Data><Data name="osmId"><value>1278372911</value></Data></ExtendedData><LineString><tessellate>1</tessellate><coordinates>-123.1605065,42.5332917,0 -123.1605937,42.5339750,0 -123.1607152,42.5350423,0 -123.1607285,42.5367870,0 -123.1607472,42.5382145,0 -123.1607454,42.5386624,0 </coordinates></LineString></Placemark><Placemark><name>East Evans Creek Road</name><ExtendedData><Data name="featureClass"><value>secondary</value></Data><Data name="osmType"><value>way</value></Data><Data name="osmId"><value>1278372912</value></Data></ExtendedData><LineString><tessellate>1</tessellate><coordinates>-123.1604604,42.5291489,0 -123.1604152,42.5292239,0 </coordinates></LineString></Placemark><Placemark><name>East Evans Creek Road</name><ExtendedData><Data name="featureClass"><value>secondary</value></Data><Data name="osmType"><value>way</value></Data><Data name="osmId"><value>1278372913</value></Data></ExtendedData><LineString><tessellate>1</tessellate><coordinates>-123.1604152,42.5292239,0 -123.1603748,42.5292910,0 -123.1602312,42.5296824,0 -123.1601881,42.5298590,0 -123.1601693,42.5299872,0 -123.1601664,42.5300885,0 -123.1601682,42.5302052,0 -123.1602225,42.5307796,0 -123.1602636,42.5311598,0 -123.1603516,42.5319738,0 -123.1604180,42.5324263,0 </coordinates></LineString></Placemark><Placemark><name>East Evans Creek Road</name><ExtendedData><Data name="featureClass"><value>secondary</value></Data><Data name="osmType"><value>way</value></Data><Data name="osmId"><value>1278372914</value></Data></ExtendedData><LineString><tessellate>1</tessellate><coordinates>-123.1604180,42.5324263,0 -123.1605065,42.5332917,0 </coordinates></LineString></Placemark><Placemark><name>Queens Branch Road</name><ExtendedData><Data name="featureClass"><value>tertiary</value></Data><Data name="osmType"><value>way</value></Data><Data name="osmId"><value>1278372915</value></Data></ExtendedData><LineString><tessellate>1</tessellate><coordinates>-123.1607152,42.5350423,0 -123.1631268,42.5350303,0 -123.1634592,42.5350204,0 </coordinates></LineString></Placemark><Placemark><name>Queens Branch Road</name><ExtendedData><Data name="featureClass"><value>tertiary</value></Data><Data name="osmType"><value>way</value></Data><Data name="osmId"><value>1278372916</value></Data></ExtendedData><LineString><tessellate>1</tessellate><coordinates>-123.1634592,42.5350204,0 -123.1638937,42.5350214,0 </coordinates></LineString></Placemark><Placemark><name>Butte Falls Highway</name><ExtendedData><Data name="featureClass"><value>secondary</value></Data><Data name="osmType"><value>way</value></Data><Data name="osmId"><value>1340652539</value></Data></ExtendedData><LineString><tessellate>1</tessellate><coordinates>-122.6691038,42.5782842,0 -122.6693188,42.5782172,0 </coordinates></LineString></Placemark><Placemark><name>Butte Falls Highway</name><ExtendedData><Data name="featureClass"><value>secondary</value></Data><Data name="osmType"><value>way</value></Data><Data name="osmId"><value>1340652540</value></Data></ExtendedData><LineString><tessellate>1</tessellate><coordinates>-122.5741906,42.5449397,0 -122.5743363,42.5450430,0 -122.5744454,42.5451110,0 -122.5745691,42.5451771,0 -122.5751292,42.5454432,0 -122.5756450,42.5456910,0 -122.5839532,42.5496745,0 -122.5877063,42.5514731,0 -122.5892157,42.5521978,0 -122.5922162,42.5536342,0 -122.5982601,42.5565338,0 -122.6003220,42.5575279,0 -122.6026968,42.5586706,0 -122.6042612,42.5594537,0 -122.6141647,42.5644294,0 -122.6181863,42.5663651,0 -122.6193442,42.5669299,0 -122.6220751,42.5682288,0 -122.6257567,42.5699983,0 -122.6261023,42.5701438,0 -122.6264308,42.5702473,0 -122.6267577,42.5703164,0 -122.6305395,42.5709489,0 -122.6308292,42.5709921,0 -122.6310590,42.5710154,0 -122.6312701,42.5710249,0 -122.6316131,42.5710162,0 -122.6319300,42.5709777,0 -122.6321943,42.5709195,0 -122.6324364,42.5708486,0 -122.6340203,42.5702415,0 -122.6342389,42.5701797,0 -122.6344527,42.5701560,0 -122.6347047,42.5701616,0 -122.6349605,42.5702074,0 -122.6352295,42.5703032,0 -122.6353877,42.5703902,0 -122.6355312,42.5704934,0 -122.6361931,42.5710562,0 -122.6363294,42.5711567,0 -122.6364856,42.5712394,0 -122.6366642,42.5713098,0 -122.6368942,42.5713635,0 -122.6371128,42.5713918,0 -122.6373563,42.5714065,0 -122.6384670,42.5714488,0 -122.6395161,42.5714942,0 -122.6413226,42.5715896,0 -122.6419835,42.5716047,0 -122.6422794,42.5716184,0 -122.6425278,42.5716395,0 -122.6427662,42.5716689,0 -122.6437053,42.5718093,0 -122.6440160,42.5718635,0 -122.6443229,42.5719318,0 -122.6446824,42.5720347,0 -122.6450083,42.5721616,0 -122.6452922,42.5722880,0 -122.6455679,42.5724438,0 -122.6475071,42.5736568,0 -122.6483566,42.5741941,0 -122.6484723,42.5742611,0 -122.6485921,42.5743219,0 -122.6487701,42.5743927,0 -122.6489207,42.5744345,0 -122.6490868,42.5744671,0 -122.6492716,42.5744819,0 -122.6494808,42.5744846,0 -122.6507664,42.5744521,0 -122.6510239,42.5744621,0 -122.6512720,42.5744902,0 -122.6515025,42.5745373,0 -122.6517104,42.5745918,0 -122.6549875,42.5755583,0 -122.6551482,42.5756164,0 -122.6553075,42.5756881,0 -122.6554674,42.5757798,0 -122.6556080,42.5758786,0 -122.6557429,42.5759848,0 -122.6562812,42.5764415,0 -122.6581233,42.5780154,0 -122.6593806,42.5790817,0 -122.6595420,42.5791980,0 -122.6597303,42.5792996,0 -122.6599410,42.5793895,0 -122.6601618,42.5794560,0 -122.6603678,42.5794917,0 -122.6605788,42.5795114,0 -122.6607864,42.5795140,0 -122.6609941,42.5794980,0 -122.6639633,42.5791116,0 -122.6667729,42.5787483,0 -122.6675640,42.5786455,0 -122.6678487,42.5785976,0 -122.6682586,42.5785160,0 -122.6686601,42.5784186,0 -122.6691038,42.5782842,0 </coordinates></LineString></Placemark><Placemark><name>North Obenchain Road</name><ExtendedData><Data name="featureClass"><value>tertiary</value></Data><Data name="osmType"><value>way</value></Data><Data name="osmId"><value>1340652541</value></Data></ExtendedData><LineString><tessellate>1</tessellate><coordinates>-122.6204915,42.5448359,0 -122.6204890,42.5450217,0 -122.6204855,42.5453743,0 -122.6204637,42.5455333,0 -122.6204136,42.5457004,0 -122.6202220,42.5460720,0 -122.6199907,42.5464440,0 -122.6198490,42.5466431,0 -122.6196400,42.5468100,0 -122.6195047,42.5468905,0 </coordinates></LineString></Placemark><Placemark><name>North Obenchain Road</name><ExtendedData><Data name="featureClass"><value>tertiary</value></Data><Data name="osmType"><value>way</value></Data><Data name="osmId"><value>1340652542</value></Data></ExtendedData><LineString><tessellate>1</tessellate><coordinates>-122.6204893,42.5447419,0 -122.6204915,42.5448359,0 </coordinates></LineString></Placemark><Placemark><name>Hannon Road</name><ExtendedData><Data name="featureClass"><value>tertiary</value></Data><Data name="osmType"><value>way</value></Data><Data name="osmId"><value>1373833540</value></Data></ExtendedData><LineString><tessellate>1</tessellate><coordinates>-122.8152927,42.4696820,0 -122.8153525,42.4695425,0 -122.8153961,42.4693897,0 -122.8154241,42.4692073,0 -122.8154198,42.4690171,0 -122.8153920,42.4688470,0 -122.8153317,42.4686494,0 -122.8152578,42.4684927,0 -122.8151168,42.4682914,0 </coordinates></LineString></Placemark><Placemark><name>Robert Trent Jones Jr. Boulevard</name><ExtendedData><Data name="featureClass"><value>tertiary</value></Data><Data name="osmType"><value>way</value></Data><Data name="osmId"><value>1373922505</value></Data></ExtendedData><LineString><tessellate>1</tessellate><coordinates>-122.7971698,42.4545995,0 -122.7971699,42.4547164,0 -122.7971713,42.4557142,0 -122.7971741,42.4576973,0 </coordinates></LineString></Placemark><Placemark><name>Robert Trent Jones Jr. Boulevard</name><ExtendedData><Data name="featureClass"><value>tertiary</value></Data><Data name="osmType"><value>way</value></Data><Data name="osmId"><value>1373922506</value></Data></ExtendedData><LineString><tessellate>1</tessellate><coordinates>-122.7939546,42.4586314,0 -122.7940603,42.4586468,0 -122.7946732,42.4586596,0 -122.7951376,42.4586708,0 -122.7952757,42.4586662,0 -122.7954311,42.4586470,0 -122.7955549,42.4586187,0 -122.7966830,42.4582962,0 -122.7968047,42.4582471,0 -122.7968945,42.4582042,0 -122.7969796,42.4581530,0 </coordinates></LineString></Placemark><Placemark><name>Robert Trent Jones Jr. Boulevard</name><ExtendedData><Data name="featureClass"><value>tertiary</value></Data><Data name="osmType"><value>way</value></Data><Data name="osmId"><value>1373922507</value></Data></ExtendedData><LineString><tessellate>1</tessellate><coordinates>-122.7969080,42.4581006,0 -122.7967854,42.4581622,0 -122.7966524,42.4582103,0 -122.7954613,42.4585539,0 -122.7953353,42.4585741,0 -122.7952089,42.4585842,0 -122.7946780,42.4585936,0 -122.7940573,42.4586139,0 -122.7939546,42.4586314,0 </coordinates></LineString></Placemark><Placemark><name>Robert Trent Jones Jr. Boulevard</name><ExtendedData><Data name="featureClass"><value>tertiary</value></Data><Data name="osmType"><value>way</value></Data><Data name="osmId"><value>1373922508</value></Data></ExtendedData><LineString><tessellate>1</tessellate><coordinates>-122.7971741,42.4576973,0 -122.7971504,42.4578072,0 -122.7970930,42.4579144,0 -122.7970109,42.4580168,0 -122.7969693,42.4580544,0 -122.7969080,42.4581006,0 </coordinates></LineString></Placemark><Placemark><name>Robert Trent Jones Jr. Boulevard</name><ExtendedData><Data name="featureClass"><value>tertiary</value></Data><Data name="osmType"><value>way</value></Data><Data name="osmId"><value>1377618066</value></Data></ExtendedData><LineString><tessellate>1</tessellate><coordinates>-122.7925528,42.4647307,0 -122.7924339,42.4649071,0 -122.7923793,42.4650098,0 -122.7923447,42.4650961,0 </coordinates></LineString></Placemark><Placemark><name>Robert Trent Jones Jr. Boulevard</name><ExtendedData><Data name="featureClass"><value>tertiary</value></Data><Data name="osmType"><value>way</value></Data><Data name="osmId"><value>1377618067</value></Data></ExtendedData><LineString><tessellate>1</tessellate><coordinates>-122.7923447,42.4650961,0 -122.7922930,42.4652744,0 -122.7922725,42.4654606,0 </coordinates></LineString></Placemark><Placemark><name>Crater Lake Highway</name><ExtendedData><Data name="featureClass"><value>primary</value></Data><Data name="osmType"><value>way</value></Data><Data name="ref"><value>OR 62</value></Data><Data name="osmId"><value>1390301668</value></Data></ExtendedData><LineString><tessellate>1</tessellate><coordinates>-122.8221750,42.4520995,0 -122.8217308,42.4527814,0 -122.8212368,42.4535878,0 </coordinates></LineString></Placemark><Placemark><name>South Shasta Avenue</name><ExtendedData><Data name="featureClass"><value>secondary</value></Data><Data name="osmType"><value>way</value></Data><Data name="osmId"><value>1390301669</value></Data></ExtendedData><LineString><tessellate>1</tessellate><coordinates>-122.8199507,42.4558482,0 -122.8198105,42.4558081,0 -122.8196948,42.4557753,0 -122.8195588,42.4557367,0 -122.8194118,42.4557014,0 </coordinates></LineString></Placemark><Placemark><name>Crater Lake Highway</name><ExtendedData><Data name="featureClass"><value>primary</value></Data><Data name="osmType"><value>way</value></Data><Data name="ref"><value>OR 62</value></Data><Data name="osmId"><value>1390301670</value></Data></ExtendedData><LineString><tessellate>1</tessellate><coordinates>-122.8195572,42.4565025,0 -122.8198741,42.4559756,0 -122.8199507,42.4558482,0 </coordinates></LineString></Placemark><Placemark><name>Crater Lake Highway</name><ExtendedData><Data name="featureClass"><value>primary</value></Data><Data name="osmType"><value>way</value></Data><Data name="ref"><value>OR 62</value></Data><Data name="osmId"><value>1390301679</value></Data></ExtendedData><LineString><tessellate>1</tessellate><coordinates>-122.8212368,42.4535878,0 -122.8210727,42.4537284,0 -122.8203885,42.4548558,0 </coordinates></LineString></Placemark><Placemark><name>Crater Lake Highway</name><ExtendedData><Data name="featureClass"><value>primary</value></Data><Data name="osmType"><value>way</value></Data><Data name="ref"><value>OR 62</value></Data><Data name="osmId"><value>1390306048</value></Data></ExtendedData><LineString><tessellate>1</tessellate><coordinates>-122.8231626,42.4507480,0 -122.8228515,42.4511494,0 -122.8225668,42.4515383,0 -122.8223481,42.4518490,0 </coordinates></LineString></Placemark><Placemark><name>Crater Lake Highway</name><ExtendedData><Data name="featureClass"><value>primary</value></Data><Data name="osmType"><value>way</value></Data><Data name="ref"><value>OR 62</value></Data><Data name="osmId"><value>1390306049</value></Data></ExtendedData><LineString><tessellate>1</tessellate><coordinates>-122.8231626,42.4507480,0 -122.8233214,42.4506566,0 -122.8237307,42.4501601,0 -122.8241562,42.4496701,0 -122.8246021,42.4491829,0 -122.8250614,42.4487044,0 -122.8255578,42.4482227,0 -122.8260691,42.4477466,0 -122.8265936,42.4472822,0 -122.8271381,42.4468289,0 -122.8276394,42.4464308,0 </coordinates></LineString></Placemark><Placemark><name>Crater Lake Highway</name><ExtendedData><Data name="featureClass"><value>primary</value></Data><Data name="osmType"><value>way</value></Data><Data name="ref"><value>OR 62</value></Data><Data name="osmId"><value>1390306051</value></Data></ExtendedData><LineString><tessellate>1</tessellate><coordinates>-122.8283450,42.4458875,0 -122.8310676,42.4438664,0 -122.8311525,42.4437236,0 </coordinates></LineString></Placemark><Placemark><name>Crater Lake Highway</name><ExtendedData><Data name="featureClass"><value>primary</value></Data><Data name="osmType"><value>way</value></Data><Data name="ref"><value>OR 62</value></Data><Data name="osmId"><value>1390306052</value></Data></ExtendedData><LineString><tessellate>1</tessellate><coordinates>-122.8276394,42.4464308,0 -122.8283450,42.4458875,0 </coordinates></LineString></Placemark><Placemark><name>Crater Lake Highway</name><ExtendedData><Data name="featureClass"><value>primary</value></Data><Data name="osmType"><value>way</value></Data><Data name="ref"><value>OR 62</value></Data><Data name="osmId"><value>1390306054</value></Data></ExtendedData><LineString><tessellate>1</tessellate><coordinates>-122.8288911,42.4453269,0 -122.8282355,42.4458138,0 </coordinates></LineString></Placemark><Placemark><name>East Linn Road</name><ExtendedData><Data name="featureClass"><value>primary</value></Data><Data name="osmType"><value>way</value></Data><Data name="osmId"><value>1390525724</value></Data></ExtendedData><LineString><tessellate>1</tessellate><coordinates>-122.8119154,42.4722549,0 -122.8117396,42.4722729,0 -122.8115344,42.4722912,0 -122.8114006,42.4723031,0 -122.8113776,42.4723058,0 -122.8110807,42.4723282,0 -122.8109194,42.4723726,0 </coordinates></LineString></Placemark><Placemark><name>West Linn Road</name><ExtendedData><Data name="featureClass"><value>tertiary</value></Data><Data name="osmType"><value>way</value></Data><Data name="osmId"><value>1390525725</value></Data></ExtendedData><LineString><tessellate>1</tessellate><coordinates>-122.8130248,42.4720012,0 -122.8128011,42.4720908,0 -122.8126277,42.4721450,0 -122.8124118,42.4721934,0 -122.8122338,42.4722205,0 -122.8120652,42.4722398,0 </coordinates></LineString></Placemark><Placemark><name>East Linn Road</name><ExtendedData><Data name="featureClass"><value>primary</value></Data><Data name="osmType"><value>way</value></Data><Data name="osmId"><value>1390525726</value></Data></ExtendedData><LineString><tessellate>1</tessellate><coordinates>-122.8109194,42.4723726,0 -122.8110948,42.4723853,0 -122.8111710,42.4723864,0 -122.8113959,42.4723717,0 -122.8117453,42.4723447,0 -122.8119141,42.4723264,0 </coordinates></LineString></Placemark><Placemark><name>Crater Lake Highway</name><ExtendedData><Data name="featureClass"><value>primary</value></Data><Data name="osmType"><value>way</value></Data><Data name="ref"><value>OR 62</value></Data><Data name="osmId"><value>1390542930</value></Data></ExtendedData><LineString><tessellate>1</tessellate><coordinates>-122.8119154,42.4722549,0 -122.8119141,42.4723264,0 -122.8119113,42.4724779,0 -122.8119115,42.4733957,0 -122.8119116,42.4736666,0 -122.8119712,42.4746848,0 </coordinates></LineString></Placemark><Placemark><name>Crater Lake Highway</name><ExtendedData><Data name="featureClass"><value>primary</value></Data><Data name="osmType"><value>way</value></Data><Data name="ref"><value>OR 62</value></Data><Data name="osmId"><value>1390542931</value></Data></ExtendedData><LineString><tessellate>1</tessellate><coordinates>-122.8119621,42.4713160,0 -122.8119523,42.4714897,0 -122.8119185,42.4720885,0 -122.8119154,42.4722549,0 </coordinates></LineString></Placemark><Placemark><name>Crater Lake Highway</name><ExtendedData><Data name="featureClass"><value>primary</value></Data><Data name="osmType"><value>way</value></Data><Data name="ref"><value>OR 62</value></Data><Data name="osmId"><value>1390542932</value></Data></ExtendedData><LineString><tessellate>1</tessellate><coordinates>-122.8120543,42.4731013,0 -122.8120597,42.4724431,0 -122.8120634,42.4723082,0 </coordinates></LineString></Placemark><Placemark><name>Crater Lake Highway</name><ExtendedData><Data name="featureClass"><value>primary</value></Data><Data name="osmType"><value>way</value></Data><Data name="ref"><value>OR 62</value></Data><Data name="osmId"><value>1390542933</value></Data></ExtendedData><LineString><tessellate>1</tessellate><coordinates>-122.8119712,42.4746848,0 -122.8120497,42.4736712,0 </coordinates></LineString></Placemark><Placemark><name>West Linn Road</name><ExtendedData><Data name="featureClass"><value>tertiary</value></Data><Data name="osmType"><value>way</value></Data><Data name="osmId"><value>1390542934</value></Data></ExtendedData><LineString><tessellate>1</tessellate><coordinates>-122.8132296,42.4719728,0 -122.8130248,42.4720012,0 </coordinates></LineString></Placemark><Placemark><name>Crater Lake Highway</name><ExtendedData><Data name="featureClass"><value>primary</value></Data><Data name="osmType"><value>way</value></Data><Data name="ref"><value>OR 62</value></Data><Data name="osmId"><value>1390542942</value></Data></ExtendedData><LineString><tessellate>1</tessellate><coordinates>-122.8153874,42.4634161,0 -122.8156163,42.4630373,0 -122.8159704,42.4624502,0 </coordinates></LineString></Placemark><Placemark><name>Crater Lake Highway</name><ExtendedData><Data name="featureClass"><value>primary</value></Data><Data name="osmType"><value>way</value></Data><Data name="ref"><value>OR 62</value></Data><Data name="osmId"><value>1390542943</value></Data></ExtendedData><LineString><tessellate>1</tessellate><coordinates>-122.8149398,42.4641571,0 -122.8152655,42.4636180,0 -122.8153874,42.4634161,0 </coordinates></LineString></Placemark><Placemark><name>Old Highway 62</name><ExtendedData><Data name="featureClass"><value>tertiary</value></Data><Data name="osmType"><value>way</value></Data><Data name="osmId"><value>1390542944</value></Data></ExtendedData><LineString><tessellate>1</tessellate><coordinates>-122.8152141,42.4634199,0 -122.8150529,42.4634253,0 -122.8148340,42.4634327,0 -122.8147125,42.4634403,0 -122.8145962,42.4634586,0 -122.8144874,42.4634870,0 </coordinates></LineString></Placemark><Placemark><name>Nick Young Road</name><ExtendedData><Data name="featureClass"><value>tertiary</value></Data><Data name="osmType"><value>way</value></Data><Data name="osmId"><value>1390542945</value></Data></ExtendedData><LineString><tessellate>1</tessellate><coordinates>-122.8159367,42.4634061,0 -122.8155464,42.4634132,0 -122.8153874,42.4634161,0 -122.8152141,42.4634199,0 </coordinates></LineString></Placemark><Placemark><name>Crater Lake Highway</name><ExtendedData><Data name="featureClass"><value>primary</value></Data><Data name="osmType"><value>way</value></Data><Data name="ref"><value>OR 62</value></Data><Data name="osmId"><value>1390542946</value></Data></ExtendedData><LineString><tessellate>1</tessellate><coordinates>-122.8120497,42.4736712,0 -122.8120543,42.4731013,0 </coordinates></LineString></Placemark><Placemark><name>Crater Lake Highway</name><ExtendedData><Data name="featureClass"><value>primary</value></Data><Data name="osmType"><value>way</value></Data><Data name="ref"><value>OR 62</value></Data><Data name="osmId"><value>1390542947</value></Data></ExtendedData><LineString><tessellate>1</tessellate><coordinates>-122.8119712,42.4746848,0 -122.8119621,42.4766514,0 -122.8119562,42.4779118,0 </coordinates></LineString></Placemark><Placemark><name>West Linn Road</name><ExtendedData><Data name="featureClass"><value>primary</value></Data><Data name="osmType"><value>way</value></Data><Data name="osmId"><value>1390542948</value></Data></ExtendedData><LineString><tessellate>1</tessellate><coordinates>-122.8119141,42.4723264,0 -122.8120634,42.4723082,0 </coordinates></LineString></Placemark><Placemark><name>Old Highway 62</name><ExtendedData><Data name="featureClass"><value>tertiary</value></Data><Data name="osmType"><value>way</value></Data><Data name="osmId"><value>1390579310</value></Data></ExtendedData><LineString><tessellate>1</tessellate><coordinates>-122.8144874,42.4634870,0 -122.8143762,42.4635329,0 -122.8142689,42.4635896,0 -122.8139825,42.4637551,0 </coordinates></LineString></Placemark><Placemark><name>Old Highway 62</name><ExtendedData><Data name="featureClass"><value>tertiary</value></Data><Data name="osmType"><value>way</value></Data><Data name="osmId"><value>1390579321</value></Data></ExtendedData><LineString><tessellate>1</tessellate><coordinates>-122.8139825,42.4637551,0 -122.8135099,42.4640313,0 </coordinates></LineString></Placemark><Placemark><name>East Linn Road</name><ExtendedData><Data name="featureClass"><value>primary</value></Data><Data name="osmType"><value>way</value></Data><Data name="osmId"><value>1390585400</value></Data></ExtendedData><LineString><tessellate>1</tessellate><coordinates>-122.8109194,42.4723726,0 -122.8102654,42.4724276,0 </coordinates></LineString></Placemark><Placemark><name>East Linn Road</name><ExtendedData><Data name="featureClass"><value>primary</value></Data><Data name="osmType"><value>way</value></Data><Data name="osmId"><value>1390585401</value></Data></ExtendedData><LineString><tessellate>1</tessellate><coordinates>-122.8071556,42.4726828,0 -122.8067163,42.4727327,0 -122.8065821,42.4727535,0 </coordinates></LineString></Placemark><Placemark><name>Hannon Road</name><ExtendedData><Data name="featureClass"><value>tertiary</value></Data><Data name="osmType"><value>way</value></Data><Data name="osmId"><value>1390591216</value></Data></ExtendedData><LineString><tessellate>1</tessellate><coordinates>-122.8132296,42.4719728,0 -122.8134578,42.4718464,0 -122.8136329,42.4717219,0 </coordinates></LineString></Placemark><Placemark><name>Crater Lake Highway</name><ExtendedData><Data name="featureClass"><value>primary</value></Data><Data name="osmType"><value>way</value></Data><Data name="ref"><value>OR 62</value></Data><Data name="osmId"><value>1412647390</value></Data></ExtendedData><LineString><tessellate>1</tessellate><coordinates>-122.8165754,42.5770529,0 -122.8165756,42.5775281,0 -122.8165758,42.5782647,0 -122.8165762,42.5794637,0 -122.8165770,42.5818773,0 -122.8165773,42.5828256,0 -122.8165784,42.5864862,0 -122.8165787,42.5873343,0 -122.8165791,42.5885628,0 </coordinates></LineString></Placemark><Placemark><name>Crater Lake Highway</name><ExtendedData><Data name="featureClass"><value>primary</value></Data><Data name="osmType"><value>way</value></Data><Data name="ref"><value>OR 62</value></Data><Data name="osmId"><value>1412647391</value></Data></ExtendedData><LineString><tessellate>1</tessellate><coordinates>-122.8105436,42.5571441,0 -122.8105820,42.5575974,0 -122.8106222,42.5578811,0 -122.8106709,42.5581836,0 -122.8107437,42.5585062,0 -122.8108310,42.5588119,0 -122.8109529,42.5591726,0 -122.8110371,42.5594008,0 -122.8113236,42.5602011,0 -122.8113710,42.5603335,0 -122.8120831,42.5623229,0 -122.8126143,42.5638066,0 -122.8132715,42.5656720,0 </coordinates></LineString></Placemark><Placemark><name>Crater Lake Highway</name><ExtendedData><Data name="featureClass"><value>primary</value></Data><Data name="osmType"><value>way</value></Data><Data name="ref"><value>OR 62</value></Data><Data name="osmId"><value>1412647392</value></Data></ExtendedData><LineString><tessellate>1</tessellate><coordinates>-122.8104080,42.5545879,0 -122.8105067,42.5564500,0 -122.8105276,42.5568423,0 -122.8105436,42.5571441,0 </coordinates></LineString></Placemark><Placemark><name>Crater Lake Highway</name><ExtendedData><Data name="featureClass"><value>primary</value></Data><Data name="osmType"><value>way</value></Data><Data name="ref"><value>OR 62</value></Data><Data name="osmId"><value>1412649795</value></Data></ExtendedData><LineString><tessellate>1</tessellate><coordinates>-122.8144111,42.5284763,0 -122.8142900,42.5309504,0 -122.8142125,42.5325341,0 -122.8141795,42.5329539,0 -122.8141220,42.5333756,0 -122.8140760,42.5336015,0 -122.8140250,42.5338275,0 -122.8139394,42.5341325,0 -122.8138339,42.5344451,0 -122.8136916,42.5348032,0 -122.8135198,42.5351668,0 -122.8133612,42.5354634,0 -122.8131349,42.5358567,0 -122.8129131,42.5362232,0 </coordinates></LineString></Placemark><Placemark><name>Crater Lake Highway</name><ExtendedData><Data name="featureClass"><value>primary</value></Data><Data name="osmType"><value>way</value></Data><Data name="ref"><value>OR 62</value></Data><Data name="osmId"><value>1412649796</value></Data></ExtendedData><LineString><tessellate>1</tessellate><coordinates>-122.8122950,42.5372403,0 -122.8120709,42.5376593,0 </coordinates></LineString></Placemark><Placemark><name>Crater Lake Highway</name><ExtendedData><Data name="featureClass"><value>primary</value></Data><Data name="osmType"><value>way</value></Data><Data name="ref"><value>OR 62</value></Data><Data name="osmId"><value>1412649797</value></Data></ExtendedData><LineString><tessellate>1</tessellate><coordinates>-122.8120709,42.5376593,0 -122.8119773,42.5378342,0 </coordinates></LineString></Placemark><Placemark><name>Crater Lake Highway</name><ExtendedData><Data name="featureClass"><value>primary</value></Data><Data name="osmType"><value>way</value></Data><Data name="ref"><value>OR 62</value></Data><Data name="osmId"><value>1412649798</value></Data></ExtendedData><LineString><tessellate>1</tessellate><coordinates>-122.8119773,42.5378342,0 -122.8118321,42.5381057,0 -122.8116460,42.5385242,0 -122.8114758,42.5389680,0 -122.8114072,42.5391757,0 </coordinates></LineString></Placemark><Placemark><name>Crater Lake Highway</name><ExtendedData><Data name="featureClass"><value>primary</value></Data><Data name="osmType"><value>way</value></Data><Data name="ref"><value>OR 62</value></Data><Data name="osmId"><value>1412649799</value></Data></ExtendedData><LineString><tessellate>1</tessellate><coordinates>-122.8129131,42.5362232,0 -122.8126846,42.5365992,0 -122.8122950,42.5372403,0 </coordinates></LineString></Placemark><Placemark><name>Crater Lake Highway</name><ExtendedData><Data name="featureClass"><value>primary</value></Data><Data name="osmType"><value>way</value></Data><Data name="ref"><value>OR 62</value></Data><Data name="osmId"><value>1412649800</value></Data></ExtendedData><LineString><tessellate>1</tessellate><coordinates>-122.8139813,42.5237998,0 -122.8141338,42.5243307,0 -122.8142703,42.5248655,0 -122.8144090,42.5255396,0 -122.8144488,42.5259141,0 -122.8144734,42.5262908,0 -122.8144744,42.5266077,0 -122.8144458,42.5275429,0 -122.8144111,42.5284763,0 </coordinates></LineString></Placemark><Placemark><name>Crater Lake Highway</name><ExtendedData><Data name="featureClass"><value>primary</value></Data><Data name="osmType"><value>way</value></Data><Data name="ref"><value>OR 62</value></Data><Data name="osmId"><value>1412651929</value></Data></ExtendedData><LineString><tessellate>1</tessellate><coordinates>-122.8137567,42.5230143,0 -122.8139813,42.5237998,0 </coordinates></LineString></Placemark><Placemark><name>Crater Lake Highway</name><ExtendedData><Data name="featureClass"><value>primary</value></Data><Data name="osmType"><value>way</value></Data><Data name="ref"><value>OR 62</value></Data><Data name="osmId"><value>1412651935</value></Data></ExtendedData><LineString><tessellate>1</tessellate><coordinates>-122.8119234,42.4797108,0 -122.8119210,42.4802684,0 -122.8119356,42.4810022,0 -122.8119371,42.4810953,0 -122.8119609,42.4824165,0 -122.8119660,42.4831694,0 -122.8119413,42.4841983,0 -122.8119353,42.4844665,0 </coordinates></LineString></Placemark><Placemark><name>Crater Lake Highway</name><ExtendedData><Data name="featureClass"><value>primary</value></Data><Data name="osmType"><value>way</value></Data><Data name="ref"><value>OR 62</value></Data><Data name="osmId"><value>1412651936</value></Data></ExtendedData><LineString><tessellate>1</tessellate><coordinates>-122.8119562,42.4779118,0 -122.8119259,42.4786686,0 </coordinates></LineString></Placemark><Placemark><name>Crater Lake Highway</name><ExtendedData><Data name="featureClass"><value>primary</value></Data><Data name="osmType"><value>way</value></Data><Data name="ref"><value>OR 62</value></Data><Data name="osmId"><value>1412651937</value></Data></ExtendedData><LineString><tessellate>1</tessellate><coordinates>-122.8119259,42.4786686,0 -122.8119234,42.4797108,0 </coordinates></LineString></Placemark><Placemark><name>Crater Lake Highway</name><ExtendedData><Data name="featureClass"><value>primary</value></Data><Data name="osmType"><value>way</value></Data><Data name="ref"><value>OR 62</value></Data><Data name="osmId"><value>1412651938</value></Data></ExtendedData><LineString><tessellate>1</tessellate><coordinates>-122.8119353,42.4844665,0 -122.8118720,42.4847273,0 -122.8118672,42.4850634,0 </coordinates></LineString></Placemark><Placemark><name>Crater Lake Highway</name><ExtendedData><Data name="featureClass"><value>primary</value></Data><Data name="osmType"><value>way</value></Data><Data name="ref"><value>OR 62</value></Data><Data name="osmId"><value>1412651939</value></Data></ExtendedData><LineString><tessellate>1</tessellate><coordinates>-122.8118672,42.4850634,0 -122.8118693,42.4856618,0 -122.8119272,42.4859109,0 </coordinates></LineString></Placemark><Placemark><name>Crater Lake Highway</name><ExtendedData><Data name="featureClass"><value>primary</value></Data><Data name="osmType"><value>way</value></Data><Data name="ref"><value>OR 62</value></Data><Data name="osmId"><value>1412651940</value></Data></ExtendedData><LineString><tessellate>1</tessellate><coordinates>-122.8119272,42.4859109,0 -122.8119255,42.4862048,0 -122.8119197,42.4871925,0 -122.8119146,42.4880785,0 </coordinates></LineString></Placemark><Placemark><name>Crater Lake Highway</name><ExtendedData><Data name="featureClass"><value>primary</value></Data><Data name="osmType"><value>way</value></Data><Data name="ref"><value>OR 62</value></Data><Data name="osmId"><value>1412651941</value></Data></ExtendedData><LineString><tessellate>1</tessellate><coordinates>-122.8119146,42.4880785,0 -122.8119090,42.4890432,0 -122.8119035,42.4899916,0 </coordinates></LineString></Placemark><Placemark><name>Crater Lake Highway</name><ExtendedData><Data name="featureClass"><value>primary</value></Data><Data name="osmType"><value>way</value></Data><Data name="ref"><value>OR 62</value></Data><Data name="osmId"><value>1412653363</value></Data></ExtendedData><LineString><tessellate>1</tessellate><coordinates>-122.8119272,42.4859109,0 -122.8119885,42.4856629,0 -122.8119935,42.4847272,0 -122.8119353,42.4844665,0 </coordinates></LineString></Placemark><Placemark><name>Crater Lake Highway</name><ExtendedData><Data name="featureClass"><value>primary</value></Data><Data name="osmType"><value>way</value></Data><Data name="ref"><value>OR 62</value></Data><Data name="osmId"><value>1412663684</value></Data></ExtendedData><LineString><tessellate>1</tessellate><coordinates>-122.8132715,42.5656720,0 -122.8139741,42.5676420,0 -122.8146938,42.5696296,0 -122.8147778,42.5698615,0 -122.8151575,42.5709170,0 -122.8159466,42.5731064,0 -122.8162067,42.5738349,0 -122.8162957,42.5741119,0 -122.8163789,42.5744021,0 -122.8164261,42.5745958,0 -122.8164452,42.5746762,0 -122.8164898,42.5748955,0 -122.8165313,42.5751862,0 </coordinates></LineString></Placemark><Placemark><name>Crater Lake Highway</name><ExtendedData><Data name="featureClass"><value>primary</value></Data><Data name="osmType"><value>way</value></Data><Data name="ref"><value>OR 62</value></Data><Data name="osmId"><value>1412663685</value></Data></ExtendedData><LineString><tessellate>1</tessellate><coordinates>-122.8165313,42.5751862,0 -122.8165489,42.5754195,0 -122.8165633,42.5758152,0 -122.8165703,42.5763554,0 </coordinates></LineString></Placemark><Placemark><name>Crater Lake Highway</name><ExtendedData><Data name="featureClass"><value>primary</value></Data><Data name="osmType"><value>way</value></Data><Data name="ref"><value>OR 62</value></Data><Data name="osmId"><value>1412663686</value></Data></ExtendedData><LineString><tessellate>1</tessellate><coordinates>-122.8165703,42.5763554,0 -122.8165754,42.5770529,0 </coordinates></LineString></Placemark><Placemark><name>Crater Lake Highway</name><ExtendedData><Data name="featureClass"><value>primary</value></Data><Data name="osmType"><value>way</value></Data><Data name="ref"><value>OR 62</value></Data><Data name="osmId"><value>1412669982</value></Data></ExtendedData><LineString><tessellate>1</tessellate><coordinates>-122.8165791,42.5885628,0 -122.8165795,42.5898049,0 </coordinates></LineString></Placemark><Placemark><name>West Linn Road</name><ExtendedData><Data name="featureClass"><value>primary</value></Data><Data name="osmType"><value>way</value></Data><Data name="osmId"><value>1482935083</value></Data></ExtendedData><LineString><tessellate>1</tessellate><coordinates>-122.8120652,42.4722398,0 -122.8119756,42.4722488,0 -122.8119154,42.4722549,0 </coordinates></LineString></Placemark><Placemark><name>Barton Road</name><ExtendedData><Data name="featureClass"><value>tertiary</value></Data><Data name="osmType"><value>way</value></Data><Data name="osmId"><value>1482935088</value></Data></ExtendedData><LineString><tessellate>1</tessellate><coordinates>-122.8098076,42.4850611,0 -122.8118672,42.4850634,0 </coordinates></LineString></Placemark><Placemark><name>Duggan Road</name><ExtendedData><Data name="featureClass"><value>tertiary</value></Data><Data name="osmType"><value>way</value></Data><Data name="osmId"><value>1483015963</value></Data></ExtendedData><LineString><tessellate>1</tessellate><coordinates>-122.9546094,42.4840900,0 -122.9546583,42.4874243,0 -122.9546818,42.4895063,0 -122.9546971,42.4903674,0 -122.9546918,42.4910916,0 </coordinates></LineString></Placemark><Placemark><name>Queens Branch Road</name><ExtendedData><Data name="featureClass"><value>tertiary</value></Data><Data name="osmType"><value>way</value></Data><Data name="osmId"><value>1483015965</value></Data></ExtendedData><LineString><tessellate>1</tessellate><coordinates>-123.1868123,42.5348747,0 -123.1882634,42.5348474,0 -123.1893841,42.5348263,0 -123.1895637,42.5348282,0 -123.1897323,42.5348346,0 -123.1898660,42.5348582,0 -123.1899532,42.5348839,0 -123.1900604,42.5349171,0 </coordinates></LineString></Placemark><Placemark><name>East Evans Creek Road</name><ExtendedData><Data name="featureClass"><value>tertiary</value></Data><Data name="osmType"><value>way</value></Data><Data name="osmId"><value>1483015966</value></Data></ExtendedData><LineString><tessellate>1</tessellate><coordinates>-122.9653047,42.5958943,0 -122.9649565,42.5959539,0 -122.9648325,42.5959890,0 -122.9647238,42.5960275,0 -122.9644128,42.5961786,0 -122.9640552,42.5963577,0 -122.9637547,42.5965121,0 -122.9635162,42.5966561,0 -122.9633398,42.5967825,0 -122.9631824,42.5969088,0 -122.9630489,42.5970352,0 -122.9629351,42.5971504,0 -122.9627025,42.5974210,0 -122.9625912,42.5975153,0 -122.9624630,42.5976096,0 -122.9621427,42.5977884,0 -122.9618358,42.5979497,0 -122.9614345,42.5981781,0 -122.9612490,42.5983146,0 -122.9611074,42.5984313,0 -122.9610130,42.5985331,0 -122.9608140,42.5987466,0 -122.9606285,42.5989352,0 -122.9604532,42.5990742,0 -122.9602272,42.5992306,0 -122.9599642,42.5993920,0 -122.9597281,42.5995161,0 -122.9594314,42.5996427,0 -122.9592729,42.5997246,0 -122.9591380,42.5998264,0 -122.9589626,42.5999828,0 -122.9588345,42.6000895,0 -122.9586085,42.6002484,0 -122.9585007,42.6003106,0 -122.9584062,42.6003650,0 -122.9580724,42.6005164,0 -122.9576879,42.6006828,0 -122.9574957,42.6007796,0 -122.9573844,42.6008565,0 -122.9572866,42.6009409,0 -122.9572057,42.6010352,0 -122.9571247,42.6011420,0 -122.9570135,42.6013331,0 -122.9569595,42.6014448,0 -122.9568954,42.6015935,0 -122.9568549,42.6017201,0 -122.9568313,42.6018516,0 -122.9568178,42.6020452,0 -122.9568010,42.6022165,0 -122.9567774,42.6023530,0 -122.9567268,42.6025020,0 -122.9566593,42.6026236,0 -122.9565177,42.6028147,0 -122.9563187,42.6030803,0 -122.9562243,42.6031970,0 -122.9561434,42.6032690,0 -122.9560490,42.6033409,0 -122.9559107,42.6034303,0 -122.9557556,42.6035221,0 -122.9556241,42.6036016,0 -122.9555499,42.6036636,0 -122.9554622,42.6037579,0 -122.9554049,42.6038399,0 -122.9553577,42.6039491,0 -122.9552868,42.6041377,0 -122.9552059,42.6042693,0 -122.9551149,42.6043810,0 -122.9550103,42.6044778,0 -122.9548923,42.6045547,0 -122.9547169,42.6046465,0 -122.9545483,42.6047384,0 -122.9544370,42.6048203,0 -122.9543730,42.6048848,0 -122.9543027,42.6049786,0 -122.9542521,42.6050804,0 -122.9542150,42.6052094,0 -122.9542116,42.6052988,0 -122.9542218,42.6053881,0 -122.9542487,42.6054998,0 -122.9542825,42.6056661,0 -122.9542926,42.6058026,0 -122.9542791,42.6058970,0 -122.9542555,42.6060186,0 -122.9542184,42.6061129,0 -122.9541577,42.6062246,0 -122.9540329,42.6064256,0 -122.9537496,42.6068625,0 -122.9534259,42.6073465,0 -122.9533281,42.6074780,0 -122.9532747,42.6075407,0 </coordinates></LineString></Placemark><Placemark><name>Meadows Road</name><ExtendedData><Data name="featureClass"><value>tertiary</value></Data><Data name="osmType"><value>way</value></Data><Data name="osmId"><value>1483015967</value></Data></ExtendedData><LineString><tessellate>1</tessellate><coordinates>-122.9648678,42.5956386,0 -122.9648678,42.5957175,0 -122.9648544,42.5957890,0 -122.9648377,42.5958581,0 -122.9647975,42.5959296,0 -122.9647573,42.5959887,0 -122.9647238,42.5960275,0 </coordinates></LineString></Placemark><Placemark><name>Cobleigh Road</name><ExtendedData><Data name="featureClass"><value>tertiary</value></Data><Data name="osmType"><value>way</value></Data><Data name="osmId"><value>1483440920</value></Data></ExtendedData><LineString><tessellate>1</tessellate><coordinates>-122.6014070,42.5812030,0 -122.6014210,42.5814140,0 -122.6014420,42.5817420,0 -122.6014720,42.5822050,0 -122.6012170,42.5835280,0 -122.6013800,42.5836650,0 -122.6020760,42.5837960,0 -122.6029050,42.5839520,0 -122.6034740,42.5844190,0 -122.6037370,42.5856740,0 -122.6041640,42.5861560,0 -122.6047390,42.5863440,0 -122.6056000,42.5865850,0 -122.6074450,42.5874720,0 -122.6081220,42.5878790,0 -122.6091620,42.5891690,0 -122.6093400,42.5894730,0 -122.6095130,42.5897670,0 -122.6096440,42.5901880,0 -122.6096900,42.5903350,0 -122.6095460,42.5916560,0 -122.6093630,42.5923700,0 -122.6091750,42.5951390,0 -122.6093800,42.5956020,0 -122.6094070,42.5968500,0 -122.6093100,42.5972370,0 -122.6089430,42.5975820,0 -122.6087860,42.5978990,0 -122.6087130,42.5982510,0 -122.6088260,42.5986040,0 -122.6088540,42.5986920,0 -122.6092930,42.5990570,0 -122.6097830,42.5993670,0 -122.6102610,42.5996690,0 -122.6105380,42.6001520,0 -122.6108820,42.6007540,0 -122.6112700,42.6010040,0 </coordinates></LineString></Placemark><Placemark><name>West Linn Road</name><ExtendedData><Data name="featureClass"><value>tertiary</value></Data><Data name="osmType"><value>way</value></Data><Data name="osmId"><value>1497237757</value></Data></ExtendedData><LineString><tessellate>1</tessellate><coordinates>-122.8132296,42.4719728,0 -122.8133308,42.4720923,0 -122.8134286,42.4722007,0 -122.8135119,42.4722904,0 -122.8135915,42.4723906,0 -122.8136727,42.4725198,0 -122.8138326,42.4728007,0 </coordinates></LineString></Placemark><Placemark><name>Old Highway 62</name><ExtendedData><Data name="featureClass"><value>tertiary</value></Data><Data name="osmType"><value>way</value></Data><Data name="osmId"><value>1497238520</value></Data></ExtendedData><LineString><tessellate>1</tessellate><coordinates>-122.8135099,42.4640313,0 -122.8129905,42.4643257,0 </coordinates></LineString></Placemark><Placemark><name>Arrowhead Trail</name><ExtendedData><Data name="featureClass"><value>tertiary</value></Data><Data name="osmType"><value>way</value></Data><Data name="osmId"><value>1498131406</value></Data></ExtendedData><LineString><tessellate>1</tessellate><coordinates>-122.8110542,42.4623443,0 -122.8111698,42.4623316,0 -122.8113035,42.4623100,0 </coordinates></LineString></Placemark><Placemark><name>Arrowhead Trail</name><ExtendedData><Data name="featureClass"><value>tertiary</value></Data><Data name="osmType"><value>way</value></Data><Data name="osmId"><value>1498131407</value></Data></ExtendedData><LineString><tessellate>1</tessellate><coordinates>-122.8104782,42.4623444,0 -122.8106471,42.4623571,0 -122.8107711,42.4623592,0 -122.8109062,42.4623551,0 -122.8110542,42.4623443,0 </coordinates></LineString></Placemark><Placemark><name>Arrowhead Trail</name><ExtendedData><Data name="featureClass"><value>tertiary</value></Data><Data name="osmType"><value>way</value></Data><Data name="osmId"><value>1498131408</value></Data></ExtendedData><LineString><tessellate>1</tessellate><coordinates>-122.8091859,42.4623395,0 -122.8094979,42.4623164,0 </coordinates></LineString></Placemark><Placemark><name>Arrowhead Trail</name><ExtendedData><Data name="featureClass"><value>tertiary</value></Data><Data name="osmType"><value>way</value></Data><Data name="osmId"><value>1498131409</value></Data></ExtendedData><LineString><tessellate>1</tessellate><coordinates>-122.8072863,42.4628788,0 -122.8074606,42.4628213,0 -122.8075525,42.4627852,0 -122.8076431,42.4627470,0 -122.8077269,42.4627079,0 -122.8078081,42.4626655,0 -122.8078952,42.4626264,0 -122.8079837,42.4625900,0 -122.8080722,42.4625550,0 -122.8081626,42.4625220,0 -122.8082484,42.4624952,0 -122.8083335,42.4624714,0 -122.8084206,42.4624484,0 -122.8085091,42.4624263,0 -122.8085994,42.4624068,0 -122.8086910,42.4623917,0 -122.8087770,42.4623761,0 -122.8088763,42.4623645,0 -122.8091859,42.4623395,0 </coordinates></LineString></Placemark><Placemark><name>Arrowhead Trail</name><ExtendedData><Data name="featureClass"><value>tertiary</value></Data><Data name="osmType"><value>way</value></Data><Data name="osmId"><value>1498131410</value></Data></ExtendedData><LineString><tessellate>1</tessellate><coordinates>-122.8070845,42.4629400,0 -122.8071934,42.4629070,0 -122.8072863,42.4628788,0 </coordinates></LineString></Placemark><Placemark><name>Arrowhead Trail</name><ExtendedData><Data name="featureClass"><value>tertiary</value></Data><Data name="osmType"><value>way</value></Data><Data name="osmId"><value>1498131411</value></Data></ExtendedData><LineString><tessellate>1</tessellate><coordinates>-122.8063776,42.4631283,0 -122.8070845,42.4629400,0 </coordinates></LineString></Placemark><Placemark><name>Arrowhead Trail</name><ExtendedData><Data name="featureClass"><value>tertiary</value></Data><Data name="osmType"><value>way</value></Data><Data name="osmId"><value>1498131412</value></Data></ExtendedData><LineString><tessellate>1</tessellate><coordinates>-122.8049102,42.4643851,0 -122.8049713,42.4643603,0 -122.8050313,42.4643315,0 -122.8050890,42.4642970,0 -122.8051379,42.4642634,0 -122.8051809,42.4642298,0 -122.8052238,42.4641910,0 -122.8052565,42.4641523,0 -122.8053073,42.4640809,0 -122.8053314,42.4640388,0 </coordinates></LineString></Placemark><Placemark><name>Arrowhead Trail</name><ExtendedData><Data name="featureClass"><value>tertiary</value></Data><Data name="osmType"><value>way</value></Data><Data name="osmId"><value>1498131413</value></Data></ExtendedData><LineString><tessellate>1</tessellate><coordinates>-122.7930240,42.4651069,0 -122.7924897,42.4651038,0 -122.7924613,42.4651023,0 -122.7923447,42.4650961,0 </coordinates></LineString></Placemark><Placemark><name>Arrowhead Trail</name><ExtendedData><Data name="featureClass"><value>tertiary</value></Data><Data name="osmType"><value>way</value></Data><Data name="osmId"><value>1498131414</value></Data></ExtendedData><LineString><tessellate>1</tessellate><coordinates>-122.7934640,42.4650634,0 -122.7933110,42.4650789,0 -122.7931657,42.4650976,0 -122.7930240,42.4651069,0 </coordinates></LineString></Placemark><Placemark><name>Arrowhead Trail</name><ExtendedData><Data name="featureClass"><value>tertiary</value></Data><Data name="osmType"><value>way</value></Data><Data name="osmId"><value>1498131439</value></Data></ExtendedData><LineString><tessellate>1</tessellate><coordinates>-122.8094979,42.4623164,0 -122.8096846,42.4623074,0 -122.8099215,42.4623045,0 -122.8101584,42.4623121,0 </coordinates></LineString></Placemark><Placemark><name>Arrowhead Trail</name><ExtendedData><Data name="featureClass"><value>tertiary</value></Data><Data name="osmType"><value>way</value></Data><Data name="osmId"><value>1498131440</value></Data></ExtendedData><LineString><tessellate>1</tessellate><coordinates>-122.8101584,42.4623121,0 -122.8102687,42.4623226,0 -122.8104782,42.4623444,0 </coordinates></LineString></Placemark><Placemark><name>Arrowhead Trail</name><ExtendedData><Data name="featureClass"><value>tertiary</value></Data><Data name="osmType"><value>way</value></Data><Data name="osmId"><value>1498131441</value></Data></ExtendedData><LineString><tessellate>1</tessellate><coordinates>-122.8061166,42.4632020,0 -122.8061866,42.4631801,0 -122.8063776,42.4631283,0 </coordinates></LineString></Placemark><Placemark><name>Arrowhead Trail</name><ExtendedData><Data name="featureClass"><value>tertiary</value></Data><Data name="osmType"><value>way</value></Data><Data name="osmId"><value>1498136918</value></Data></ExtendedData><LineString><tessellate>1</tessellate><coordinates>-122.8133151,42.4622932,0 -122.8132475,42.4622535,0 -122.8132308,42.4622437,0 -122.8130699,42.4621491,0 -122.8130072,42.4621185,0 -122.8129414,42.4620920,0 -122.8128727,42.4620672,0 -122.8127992,42.4620494,0 -122.8126899,42.4620341,0 -122.8125877,42.4620277,0 -122.8124954,42.4620313,0 </coordinates></LineString></Placemark><Placemark><name>Alta Vista Road</name><ExtendedData><Data name="featureClass"><value>tertiary</value></Data><Data name="osmType"><value>way</value></Data><Data name="osmId"><value>1500954801</value></Data></ExtendedData><LineString><tessellate>1</tessellate><coordinates>-122.7830727,42.4509975,0 -122.7828655,42.4509752,0 -122.7827526,42.4509415,0 -122.7826288,42.4508896,0 -122.7825171,42.4508211,0 -122.7824311,42.4507434,0 -122.7823517,42.4506504,0 -122.7822970,42.4505570,0 </coordinates></LineString></Placemark><Placemark><name>Alta Vista Road</name><ExtendedData><Data name="featureClass"><value>tertiary</value></Data><Data name="osmType"><value>way</value></Data><Data name="osmId"><value>1500954802</value></Data></ExtendedData><LineString><tessellate>1</tessellate><coordinates>-122.7978374,42.4546000,0 -122.7972909,42.4545996,0 -122.7971698,42.4545995,0 </coordinates></LineString></Placemark><Placemark><name>Alta Vista Road</name><ExtendedData><Data name="featureClass"><value>secondary</value></Data><Data name="osmType"><value>way</value></Data><Data name="osmId"><value>1500954803</value></Data></ExtendedData><LineString><tessellate>1</tessellate><coordinates>-122.8029779,42.4555378,0 -122.8023434,42.4549306,0 -122.8022750,42.4548697,0 -122.8022085,42.4548205,0 -122.8021258,42.4547673,0 -122.8020402,42.4547249,0 -122.8019304,42.4546798,0 -122.8018361,42.4546528,0 </coordinates></LineString></Placemark><Placemark><name>Alta Vista Road</name><ExtendedData><Data name="featureClass"><value>secondary</value></Data><Data name="osmType"><value>way</value></Data><Data name="osmId"><value>1500954804</value></Data></ExtendedData><LineString><tessellate>1</tessellate><coordinates>-122.8033476,42.4558915,0 -122.8029779,42.4555378,0 </coordinates></LineString></Placemark><Placemark><name>Alta Vista Road</name><ExtendedData><Data name="featureClass"><value>secondary</value></Data><Data name="osmType"><value>way</value></Data><Data name="osmId"><value>1500954805</value></Data></ExtendedData><LineString><tessellate>1</tessellate><coordinates>-122.8036380,42.4561751,0 -122.8033476,42.4558915,0 </coordinates></LineString></Placemark><Placemark><name>Alta Vista Road</name><ExtendedData><Data name="featureClass"><value>secondary</value></Data><Data name="osmType"><value>way</value></Data><Data name="osmId"><value>1500954808</value></Data></ExtendedData><LineString><tessellate>1</tessellate><coordinates>-122.8174882,42.4575438,0 -122.8170640,42.4575443,0 </coordinates></LineString></Placemark></Document></kml>
